[{"地區縣市":"嘉義縣政府","短期補習班名稱":"智基科技開發股份有限公司嘉義分公司附設嘉義縣私立志光法商短期補習班太保分班","主管機關文件單位代碼":"","電子郵件":"luck.taipo@gmail.com","短期補習班類別":"法政類","地址":"太保市嘉朴東路一段78號1至2樓","立案時間":"2005-03-24","各地短期補習班數量":"192"},{"地區縣市":"嘉義縣政府","短期補習班名稱":"嘉義縣私立雙春文理短期補習班","主管機關文件單位代碼":"","電子郵件":"teresa588@gmail.com","短期補習班類別":"文理類","地址":"嘉義縣太保市東勢里10鄰太子大道190號","立案時間":"2009-09-09","各地短期補習班數量":"192"},{"地區縣市":"嘉義縣政府","短期補習班名稱":"私立欣欣文理短期補習班","主管機關文件單位代碼":"","電子郵件":"dsammishen@gmail.com","短期補習班類別":"文理類","地址":"嘉義縣大林鎮新興街125號（1~2樓）","立案時間":"2008-09-03","各地短期補習班數量":"192"},{"地區縣市":"嘉義縣政府","短期補習班名稱":"嘉義縣私立立人文理短期補習班","主管機關文件單位代碼":"","電子郵件":"jmjctl@yahoo.com.tw","短期補習班類別":"文理類","地址":"民雄鄉東榮村建國路一段31巷52之3號(1~2樓)","立案時間":"2012-09-14","各地短期補習班數量":"192"},{"地區縣市":"嘉義縣政府","短期補習班名稱":"私立天成文理短期補習班","主管機關文件單位代碼":"a088","電子郵件":"","短期補習班類別":"文理類","地址":"新港鄉宮前村19鄰文昌街3號（1樓）","立案時間":"2000-07-19","各地短期補習班數量":"192"},{"地區縣市":"嘉義縣政府","短期補習班名稱":"嘉義縣私立TOP頂尖文理短期補習班","主管機關文件單位代碼":"","電子郵件":"lucybor@yahoo.com.tw","短期補習班類別":"文理類","地址":"嘉義縣朴子市大葛里27鄰祥和三路西段137號1樓","立案時間":"2020-02-14","各地短期補習班數量":"192"},{"地區縣市":"嘉義縣政府","短期補習班名稱":"嘉義縣私立TOP頂尖文理短期補習班太保分班","主管機關文件單位代碼":"00156","電子郵件":"susan26252000@yahoo.com.tw","短期補習班類別":"文理類","地址":"太保市前潭里188之9號3樓、12號3樓","立案時間":"2004-02-24","各地短期補習班數量":"192"},{"地區縣市":"嘉義縣政府","短期補習班名稱":"私立耶米文理技藝短期補習班","主管機關文件單位代碼":"","電子郵件":"","短期補習班類別":"文理類","地址":"嘉義縣大林鎮平林里29鄰民權路69號1-2樓","立案時間":"2020-03-24","各地短期補習班數量":"192"},{"地區縣市":"嘉義縣政府","短期補習班名稱":"私立資優美語短期補習班","主管機關文件單位代碼":"","電子郵件":"taibao@talented.com.tw","短期補習班類別":"外語類","地址":"嘉義縣太保市太保二路8號1樓","立案時間":"2010-08-12","各地短期補習班數量":"192"},{"地區縣市":"嘉義縣政府","短期補習班名稱":"私立全美文理短期補習班","主管機關文件單位代碼":"","電子郵件":"ping60528@yahoo.com.tw","短期補習班類別":"文理類","地址":"中埔鄉和興村中華路905號（1~3樓）","立案時間":"2006-02-09","各地短期補習班數量":"192"},{"地區縣市":"嘉義縣政府","短期補習班名稱":"台灣知識庫股份有限公司民雄分公司附設嘉義縣私立數位學堂文理法政短期補習班","主管機關文件單位代碼":"","電子郵件":"ann6636@gmail.com","短期補習班類別":"文理類","地址":"民雄鄉三興村7鄰三興路85、87號1樓","立案時間":"2011-02-01","各地短期補習班數量":"192"},{"地區縣市":"嘉義縣政府","短期補習班名稱":"私立科林語文短期補習班","主管機關文件單位代碼":"a105","電子郵件":"lcj5938@hotmail.com","短期補習班類別":"外語類","地址":"太保市南新里16鄰中山路1段144號","立案時間":"2006-08-31","各地短期補習班數量":"192"},{"地區縣市":"嘉義縣政府","短期補習班名稱":"私立育林文理短期補習班","主管機關文件單位代碼":"","電子郵件":"smallip2001@gmail.com","短期補習班類別":"文理類","地址":"嘉義縣朴子市祥和三路西段185號(1~2樓)","立案時間":"2023-12-19","各地短期補習班數量":"192"},{"地區縣市":"嘉義縣政府","短期補習班名稱":"嘉義縣私立至捷文理短期補習班","主管機關文件單位代碼":"","電子郵件":"a0972328273@gmail.com","短期補習班類別":"文理類","地址":"嘉義縣中埔鄉和美村中山路5段737號1~3樓","立案時間":"2013-12-12","各地短期補習班數量":"192"},{"地區縣市":"嘉義縣政府","短期補習班名稱":"私立偉文文理短期補習班","主管機關文件單位代碼":"","電子郵件":"ccuwaytowin425@gmail.com","短期補習班類別":"文理類","地址":"民雄鄉大學路一段425號(1樓)","立案時間":"2011-03-15","各地短期補習班數量":"192"},{"地區縣市":"嘉義縣政府","短期補習班名稱":"私立五餅二魚文理短期補習班","主管機關文件單位代碼":"","電子郵件":"hojane3636@gmail.com","短期補習班類別":"文理類","地址":"民雄鄉興中村江厝店20-6號2-3樓","立案時間":"2008-09-11","各地短期補習班數量":"192"},{"地區縣市":"嘉義縣政府","短期補習班名稱":"私立英才文理短期補習班","主管機關文件單位代碼":"","電子郵件":"","短期補習班類別":"文理類","地址":"嘉義縣中埔鄉社口村檨子林20鄰44之25號(1~2樓)","立案時間":"2005-10-21","各地短期補習班數量":"192"},{"地區縣市":"嘉義縣政府","短期補習班名稱":"私立懷軒文理短期補習班","主管機關文件單位代碼":"a053","電子郵件":"","短期補習班類別":"文理類","地址":"嘉義縣竹崎鄉和平村十鄰田寮62號1~2樓","立案時間":"1998-11-10","各地短期補習班數量":"192"},{"地區縣市":"嘉義縣政府","短期補習班名稱":"私立京冠文理短期補習班","主管機關文件單位代碼":"","電子郵件":"shuolun.yct0605@gmail.com","短期補習班類別":"文理類","地址":"嘉義縣太保市南新里中山路一段295之3號(1~2樓)","立案時間":"2008-11-19","各地短期補習班數量":"192"},{"地區縣市":"嘉義縣政府","短期補習班名稱":"私立加勤短期補習班","主管機關文件單位代碼":"","電子郵件":"dylan0405@gmail.com","短期補習班類別":"文理類","地址":"嘉義縣新港鄉宮前村古民街8巷46號(1樓)","立案時間":"2023-12-12","各地短期補習班數量":"192"},{"地區縣市":"嘉義縣政府","短期補習班名稱":"私立義德文理短期補習班","主管機關文件單位代碼":"","電子郵件":"shany830925@yahoo.com.tw","短期補習班類別":"文理類","地址":"嘉義縣新港鄉宮後村24鄰新民路173號(1至3樓)","立案時間":"2006-12-27","各地短期補習班數量":"192"},{"地區縣市":"嘉義縣政府","短期補習班名稱":"私立學成美語短期補習班","主管機關文件單位代碼":"","電子郵件":"julia-0730@yahoo.com.tw","短期補習班類別":"文理類","地址":"水上鄉水頭村中正路127-1號(1樓)","立案時間":"2010-12-01","各地短期補習班數量":"192"},{"地區縣市":"嘉義縣政府","短期補習班名稱":"私立聖光文理短期補習班","主管機關文件單位代碼":"","電子郵件":"","短期補習班類別":"文理類","地址":"嘉義縣新港鄉福德村登雲路111巷1號(1~2樓)","立案時間":"2010-12-27","各地短期補習班數量":"192"},{"地區縣市":"嘉義縣政府","短期補習班名稱":"嘉義縣私立協同高級中學附設外國語文短期補習班","主管機關文件單位代碼":"00130","電子郵件":"","短期補習班類別":"外語類","地址":"嘉義縣民雄鄉文隆村12鄰山腳1號附372","立案時間":"2002-09-12","各地短期補習班數量":"192"},{"地區縣市":"嘉義縣政府","短期補習班名稱":"私立名興文理短期補習班","主管機關文件單位代碼":"00166","電子郵件":"","短期補習班類別":"文理類","地址":"嘉義縣番路鄉下坑村四鄰菜公店108號之21號1~2樓","立案時間":"2004-10-08","各地短期補習班數量":"192"},{"地區縣市":"嘉義縣政府","短期補習班名稱":"嘉義縣私立品昇全方位教育文理短期補習班","主管機關文件單位代碼":"","電子郵件":"a94214468@gmail.com","短期補習班類別":"文理類","地址":"新港鄉福德村福德路136之1號(1樓)","立案時間":"2015-01-06","各地短期補習班數量":"192"},{"地區縣市":"嘉義縣政府","短期補習班名稱":"嘉義縣私立樂芙文理短期補習班","主管機關文件單位代碼":"","電子郵件":"tjwlefu183@gmail.com","短期補習班類別":"文理類","地址":"朴子市祥和三路西段183號1-2樓","立案時間":"2020-08-17","各地短期補習班數量":"192"},{"地區縣市":"嘉義縣政府","短期補習班名稱":"私立維妮美術短期補習班","主管機關文件單位代碼":"","電子郵件":"","短期補習班類別":"美術、書法、攝影、美工設計、圍棋類","地址":"嘉義縣中埔鄉和美村仁義路85號1樓","立案時間":"2010-09-07","各地短期補習班數量":"192"},{"地區縣市":"嘉義縣政府","短期補習班名稱":"私立鵬嶺文理短期補習班","主管機關文件單位代碼":"","電子郵件":"topccs@ms72.hinet.net","短期補習班類別":"文理類","地址":"民雄鄉福樂村光明二街190號1樓","立案時間":"2020-12-28","各地短期補習班數量":"192"},{"地區縣市":"嘉義縣政府","短期補習班名稱":"私立建中文理短期補習班","主管機關文件單位代碼":"a097","電子郵件":"topccs@ms72.hinet.net","短期補習班類別":"文理類","地址":"民雄鄉福樂村埤角1之40號","立案時間":"2000-11-17","各地短期補習班數量":"192"},{"地區縣市":"嘉義縣政府","短期補習班名稱":"嘉義縣私立科技人文理短期補習班","主管機關文件單位代碼":"","電子郵件":"topccs@ms72.hinet.net","短期補習班類別":"文理類","地址":"嘉義縣民雄鄉福樂村4鄰自強二街27號1~2樓","立案時間":"2011-12-07","各地短期補習班數量":"192"},{"地區縣市":"嘉義縣政府","短期補習班名稱":"私立貓頭鷹語文短期補習班","主管機關文件單位代碼":"00135","電子郵件":"","短期補習班類別":"文理類","地址":"梅山鄉梅北村中華街160號1~2樓","立案時間":"2003-01-10","各地短期補習班數量":"192"},{"地區縣市":"嘉義縣政府","短期補習班名稱":"嘉義縣私立喬大文理短期補習班","主管機關文件單位代碼":"","電子郵件":"millerat12300@gmail.com","短期補習班類別":"文理類","地址":"大林鎮平林里27鄰四維街21號1樓","立案時間":"2014-06-16","各地短期補習班數量":"192"},{"地區縣市":"嘉義縣政府","短期補習班名稱":"私立佳言美語短期補習班","主管機關文件單位代碼":"","電子郵件":"bd058@joy.com.tw","短期補習班類別":"外語類","地址":"嘉義縣水上鄉水上村9鄰外林街156號1至3樓","立案時間":"2006-08-03","各地短期補習班數量":"192"},{"地區縣市":"嘉義縣政府","短期補習班名稱":"私立世外桃源文理短期補習班","主管機關文件單位代碼":"00167","電子郵件":"amy53920@gmail.com","短期補習班類別":"文理類","地址":"嘉義縣番路鄉下坑村下坑33之1號1樓","立案時間":"2004-11-05","各地短期補習班數量":"192"},{"地區縣市":"嘉義縣政府","短期補習班名稱":"私立陳老師短期補習班","主管機關文件單位代碼":"","電子郵件":"yungchu0128@gmail.com","短期補習班類別":"文理類","地址":"嘉義縣水上鄉水上村外林街168巷2號(1樓)","立案時間":"2023-07-07","各地短期補習班數量":"192"},{"地區縣市":"嘉義縣政府","短期補習班名稱":"嘉義縣私立創新科學短期補習班","主管機關文件單位代碼":"","電子郵件":"laihaowei@gmail.com","短期補習班類別":"文理類","地址":"太保市東勢里12鄰信義二路177號(1-2樓)","立案時間":"2017-12-12","各地短期補習班數量":"192"},{"地區縣市":"嘉義縣政府","短期補習班名稱":"私立仁仁語文短期補習班","主管機關文件單位代碼":"","電子郵件":"renren9088@gmail.com","短期補習班類別":"文理類","地址":"嘉義縣中埔鄉中埔村6鄰中埔26之3號1樓","立案時間":"2010-04-13","各地短期補習班數量":"192"},{"地區縣市":"嘉義縣政府","短期補習班名稱":"嘉義縣私立崴聖文理短期補習班","主管機關文件單位代碼":"","電子郵件":"weiwei7058@gmail.com","短期補習班類別":"文理類","地址":"嘉義縣竹崎鄉內埔村盛市路13號1樓","立案時間":"2012-07-04","各地短期補習班數量":"192"},{"地區縣市":"嘉義縣政府","短期補習班名稱":"私立龍英文短期補習班","主管機關文件單位代碼":"","電子郵件":"janealred@yahoo.com","短期補習班類別":"外語類","地址":"嘉義縣太保市太保二路153號","立案時間":"2009-07-06","各地短期補習班數量":"192"},{"地區縣市":"嘉義縣政府","短期補習班名稱":"私立貓頭鷹短期補習班大林分班","主管機關文件單位代碼":"","電子郵件":"","短期補習班類別":"文理類","地址":"大林鎮平林里29鄰民權路70號","立案時間":"2019-09-19","各地短期補習班數量":"192"},{"地區縣市":"嘉義縣政府","短期補習班名稱":"私立童年故事短期補習班","主管機關文件單位代碼":"才藝字第001","電子郵件":"mail2000.com.tw","短期補習班類別":"文理類","地址":"嘉義縣梅山鄉梅東村中正路24號","立案時間":"1999-04-19","各地短期補習班數量":"192"},{"地區縣市":"嘉義縣政府","短期補習班名稱":"嘉義縣私立均均文理短期補習班","主管機關文件單位代碼":"","電子郵件":"yoyoloxa@gmail.com","短期補習班類別":"文理類","地址":"朴子市大同路252號","立案時間":"2022-03-21","各地短期補習班數量":"192"},{"地區縣市":"嘉義縣政府","短期補習班名稱":"私立茗群數學文理短期補習班 ","主管機關文件單位代碼":"","電子郵件":"","短期補習班類別":"文理類","地址":"嘉義縣布袋鎮見龍里內田3號之98(1-2樓)","立案時間":"2021-09-06","各地短期補習班數量":"192"},{"地區縣市":"嘉義縣政府","短期補習班名稱":"私立雀瑞絲短期補習班","主管機關文件單位代碼":"","電子郵件":"cherris0327@gmail.com","短期補習班類別":"外語類","地址":"嘉義縣太保市縣府五街5號","立案時間":"2023-06-16","各地短期補習班數量":"192"},{"地區縣市":"嘉義縣政府","短期補習班名稱":"嘉義縣私立勤益文理短期補習班","主管機關文件單位代碼":"","電子郵件":"","短期補習班類別":"文理類","地址":"竹崎鄉中山路205號1樓","立案時間":"2012-05-10","各地短期補習班數量":"192"},{"地區縣市":"嘉義縣政府","短期補習班名稱":"私立世界美語文理短期補習班","主管機關文件單位代碼":"a059","電子郵件":"candy27282003@gmail.com","短期補習班類別":"文理類","地址":"嘉義縣梅山鄉永興村九芎坑55-16號","立案時間":"1999-02-11","各地短期補習班數量":"192"},{"地區縣市":"嘉義縣政府","短期補習班名稱":"嘉義縣私立台大文理短期補習班","主管機關文件單位代碼":"00145","電子郵件":"","短期補習班類別":"文理類","地址":"嘉義縣太保市中山路277之1號1~3樓","立案時間":"2003-06-26","各地短期補習班數量":"192"},{"地區縣市":"嘉義縣政府","短期補習班名稱":"嘉義縣私立辰冠短期補習班","主管機關文件單位代碼":"","電子郵件":"cw097105@yahoo.com.tw","短期補習班類別":"文理類","地址":"大林鎮平林里新興街104巷28號1樓","立案時間":"2020-04-24","各地短期補習班數量":"192"},{"地區縣市":"嘉義縣政府","短期補習班名稱":"私立彼得潘文理短期補習班","主管機關文件單位代碼":"","電子郵件":"scorpio.peter@msa.hinet.net ","短期補習班類別":"音樂、舞蹈類","地址":"朴子市山通路1-81號（1~2樓）","立案時間":"2008-02-26","各地短期補習班數量":"192"},{"地區縣市":"嘉義縣政府","短期補習班名稱":"私立翰成升學文理短期補習班","主管機關文件單位代碼":"a040","電子郵件":"","短期補習班類別":"文理類","地址":"嘉義縣朴子市大同東路106號","立案時間":"1998-03-06","各地短期補習班數量":"192"},{"地區縣市":"嘉義縣政府","短期補習班名稱":"嘉義縣私立成碩文理短期補習班","主管機關文件單位代碼":"","電子郵件":"taychang@gmail.com","短期補習班類別":"文理類","地址":"朴子市祥和三路西段97號2樓之1","立案時間":"2014-02-24","各地短期補習班數量":"192"},{"地區縣市":"嘉義縣政府","短期補習班名稱":"私立金典語文短期補習班","主管機關文件單位代碼":"","電子郵件":"","短期補習班類別":"外語類","地址":"嘉義縣中埔鄉中埔村中埔157之7號1樓","立案時間":"2021-03-17","各地短期補習班數量":"192"},{"地區縣市":"嘉義縣政府","短期補習班名稱":"高點教育科技股份有限公司附設嘉義縣私立高點文理短期補習班","主管機關文件單位代碼":"","電子郵件":"yiyi0411@mail.get.com.tw","短期補習班類別":"文理類","地址":"民雄鄉裕農路191號1樓","立案時間":"2018-07-03","各地短期補習班數量":"192"},{"地區縣市":"嘉義縣政府","短期補習班名稱":"嘉義縣私立泓志文理短期補習班","主管機關文件單位代碼":"","電子郵件":"","短期補習班類別":"外語類","地址":"水上鄉外林街216巷2號1樓","立案時間":"2020-08-26","各地短期補習班數量":"192"},{"地區縣市":"嘉義縣政府","短期補習班名稱":"嘉義縣私立中正芝蔴開門美術語文短期補習班","主管機關文件單位代碼":"a074","電子郵件":"minsyong@sesamevillage.tw","短期補習班類別":"文理類","地址":"民雄鄉西安村進興街50號(1-2樓)","立案時間":"1999-10-13","各地短期補習班數量":"192"},{"地區縣市":"嘉義縣政府","短期補習班名稱":"私立瑪肯資優文理短期補習班","主管機關文件單位代碼":"","電子郵件":"mark826826@gmail.com","短期補習班類別":"文理類","地址":"民雄鄉西安村西安路82之6號1~2樓","立案時間":"2005-09-06","各地短期補習班數量":"192"},{"地區縣市":"嘉義縣政府","短期補習班名稱":"嘉義縣私立智基科技開發股份有限公司嘉義分公司附設嘉義縣私立志光法商短期補習班中正分班","主管機關文件單位代碼":"","電子郵件":"ccu2720180@gmail.com","短期補習班類別":"文理類","地址":"民雄鄉三興村神農二街5號1樓","立案時間":"2019-02-01","各地短期補習班數量":"192"},{"地區縣市":"嘉義縣政府","短期補習班名稱":"智基科技開發股份有限公司嘉義分公司附設嘉義縣私立志光法商短期補習班","主管機關文件單位代碼":"","電子郵件":"minsyong11@gmail.com","短期補習班類別":"文理類","地址":"民雄鄉東榮村建國路一段126號(地上1層至2層)","立案時間":"2010-05-11","各地短期補習班數量":"192"},{"地區縣市":"嘉義縣政府","短期補習班名稱":"私立育嘉文理短期補習班","主管機關文件單位代碼":"","電子郵件":"","短期補習班類別":"文理類","地址":"嘉義縣中埔鄉中埔村中埔24-3號1-2樓","立案時間":"2008-05-30","各地短期補習班數量":"192"},{"地區縣市":"嘉義縣政府","短期補習班名稱":"耐樂帝文理短期補習班","主管機關文件單位代碼":"00160","電子郵件":"games0429@gmail.com","短期補習班類別":"文理類","地址":"朴子市市東路1巷19弄2號1~3樓","立案時間":"2004-04-28","各地短期補習班數量":"192"},{"地區縣市":"嘉義縣政府","短期補習班名稱":"嘉義縣私立文林語文短期補習班","主管機關文件單位代碼":"a106","電子郵件":"","短期補習班類別":"外語類","地址":"大林鎮民權路187號","立案時間":"2001-05-02","各地短期補習班數量":"192"},{"地區縣市":"嘉義縣政府","短期補習班名稱":"私立金企鵝短期補習班南新分班","主管機關文件單位代碼":"","電子郵件":"","短期補習班類別":"文理類","地址":"嘉義縣太保市中山路一段227號(1~2樓)","立案時間":"2022-11-23","各地短期補習班數量":"192"},{"地區縣市":"嘉義縣政府","短期補習班名稱":"嘉義縣私立明仁文理短期補習班","主管機關文件單位代碼":"a019","電子郵件":"andrew19742222@yahoo.com.tw","短期補習班類別":"文理類","地址":"民雄鄉興中村江厝店33之2號","立案時間":"1997-03-03","各地短期補習班數量":"192"},{"地區縣市":"嘉義縣政府","短期補習班名稱":"嘉義縣私立慈惠文理短期補習班","主管機關文件單位代碼":"","電子郵件":"May6142@yahoo.com.tw","短期補習班類別":"文理類","地址":"嘉義縣太保市東勢里健康路195號1~3樓","立案時間":"2012-01-05","各地短期補習班數量":"192"},{"地區縣市":"嘉義縣政府","短期補習班名稱":"私立弘揚文理短期補習班","主管機關文件單位代碼":"00140","電子郵件":"teacher.sung2@gmail.com","短期補習班類別":"文理類","地址":"太保市後潭422之10號1~2樓","立案時間":"2003-04-21","各地短期補習班數量":"192"},{"地區縣市":"嘉義縣政府","短期補習班名稱":"私立聖達文理短期補習班","主管機關文件單位代碼":"","電子郵件":"giraffe.judy@msa.hinet.net","短期補習班類別":"文理類","地址":"嘉義縣溪口鄉坪頂村12鄰溪民路17號","立案時間":"2010-12-13","各地短期補習班數量":"192"},{"地區縣市":"嘉義縣政府","短期補習班名稱":"嘉義縣私立沈老師文理短期補習班","主管機關文件單位代碼":"","電子郵件":"","短期補習班類別":"文理類","地址":"溪口鄉溪東村忠孝街122號(1~2樓)","立案時間":"2012-03-02","各地短期補習班數量":"192"},{"地區縣市":"嘉義縣政府","短期補習班名稱":"嘉義縣私立偉民文理短期補習班","主管機關文件單位代碼":"","電子郵件":"","短期補習班類別":"文理類","地址":"梅山鄉中山路430號(1-2樓)","立案時間":"2016-10-14","各地短期補習班數量":"192"},{"地區縣市":"嘉義縣政府","短期補習班名稱":"私立登原短期補習班","主管機關文件單位代碼":"","電子郵件":"dengyuan1825@gmail.com","短期補習班類別":"文理類","地址":"新港鄉登雲路45號1~3樓","立案時間":"2021-01-13","各地短期補習班數量":"192"},{"地區縣市":"嘉義縣政府","短期補習班名稱":"嘉義縣私立喬茵文理短期補習班","主管機關文件單位代碼":"","電子郵件":"","短期補習班類別":"文理類","地址":"民雄鄉福樂村光明二街238號1樓","立案時間":"2013-12-05","各地短期補習班數量":"192"},{"地區縣市":"嘉義縣政府","短期補習班名稱":"私立諾貝爾音樂藝術短期補習班","主管機關文件單位代碼":"","電子郵件":"","短期補習班類別":"文理類","地址":"朴子市平和里平和路3-2號(1~2樓)","立案時間":"2008-01-14","各地短期補習班數量":"192"},{"地區縣市":"嘉義縣政府","短期補習班名稱":"嘉義縣私立哈佛文理短期補習班","主管機關文件單位代碼":"","電子郵件":"","短期補習班類別":"文理類","地址":"嘉義縣太保市春珠里164-17號1樓","立案時間":"2013-10-24","各地短期補習班數量":"192"},{"地區縣市":"嘉義縣政府","短期補習班名稱":"私立艾瑞克英語短期補習班","主管機關文件單位代碼":"","電子郵件":"eric540222@gmail.com","短期補習班類別":"外語類","地址":"嘉義縣新港鄉宮後村13鄰中正路140巷30號1樓","立案時間":"2021-03-26","各地短期補習班數量":"192"},{"地區縣市":"嘉義縣政府","短期補習班名稱":"嘉義縣私立全腦文理短期補習班","主管機關文件單位代碼":"","電子郵件":"","短期補習班類別":"文理類","地址":"朴子市竹圍里18鄰博文街52號","立案時間":"2019-09-11","各地短期補習班數量":"192"},{"地區縣市":"嘉義縣政府","短期補習班名稱":"嘉義縣私立貝思特文理短期補習班","主管機關文件單位代碼":"","電子郵件":"","短期補習班類別":"文理類","地址":"嘉義縣六腳鄉蒜南村蒜頭483之10號(1樓)","立案時間":"2022-10-14","各地短期補習班數量":"192"},{"地區縣市":"嘉義縣政府","短期補習班名稱":"嘉義縣私立嘉中文理短期補習班","主管機關文件單位代碼":"","電子郵件":"chris111q@yahoo.com.tw","短期補習班類別":"文理類","地址":"民雄鄉福樂村光明二街202號(1~2樓)","立案時間":"2007-09-17","各地短期補習班數量":"192"},{"地區縣市":"嘉義縣政府","短期補習班名稱":"私立熱氣球短期補習班","主管機關文件單位代碼":"","電子郵件":"chentungtai97@gmail.com","短期補習班類別":"文理類","地址":"民雄鄉福樂村自強二街16號(1樓)","立案時間":"2022-05-20","各地短期補習班數量":"192"},{"地區縣市":"嘉義縣政府","短期補習班名稱":"私立安爾堡文理短期補習班","主管機關文件單位代碼":"","電子郵件":"anna770627@gmail.com","短期補習班類別":"文理類","地址":"嘉義縣朴子市八德路127號(1、2樓)","立案時間":"2022-04-27","各地短期補習班數量":"192"},{"地區縣市":"嘉義縣政府","短期補習班名稱":"嘉義縣私立加大文理短期補習班","主管機關文件單位代碼":"","電子郵件":"cyjd101@gmail.com","短期補習班類別":"文理類","地址":"水上鄉民生村忠孝街91號1~2樓","立案時間":"2012-04-05","各地短期補習班數量":"192"},{"地區縣市":"嘉義縣政府","短期補習班名稱":"私立宇捷文理短期補習班","主管機關文件單位代碼":"","電子郵件":"n751206@hotmail.com","短期補習班類別":"文理類","地址":"水上鄉水上村外林街97號(1樓)","立案時間":"2021-11-05","各地短期補習班數量":"192"},{"地區縣市":"嘉義縣政府","短期補習班名稱":"嘉義縣私立主人翁文理短期補習班","主管機關文件單位代碼":"","電子郵件":"ubear_0720@yahoo.com.tw","短期補習班類別":"文理類","地址":"民雄鄉福樂村埤角2之310號(1~2樓)","立案時間":"2020-08-17","各地短期補習班數量":"192"},{"地區縣市":"嘉義縣政府","短期補習班名稱":"私立莫札特音樂短期補習班","主管機關文件單位代碼":"a103","電子郵件":"","短期補習班類別":"音樂、舞蹈類","地址":"嘉義縣水上鄉粗溪村20之173號4樓","立案時間":"2001-03-30","各地短期補習班數量":"192"},{"地區縣市":"嘉義縣政府","短期補習班名稱":"私立奧林匹克文理短期補習班","主管機關文件單位代碼":"0170","電子郵件":"","短期補習班類別":"外語類","地址":"太保市北新里中山路一段228巷22弄2-1號1~3樓","立案時間":"2004-11-22","各地短期補習班數量":"192"},{"地區縣市":"嘉義縣政府","短期補習班名稱":"嘉義縣私立鐘老師文理短期補習班","主管機關文件單位代碼":"a075","電子郵件":"","短期補習班類別":"商類：珠算、心算、會計","地址":"中埔鄉和興村十二鄰武德街61巷30號","立案時間":"1999-12-04","各地短期補習班數量":"192"},{"地區縣市":"嘉義縣政府","短期補習班名稱":"嘉義縣私立布萊爾美語短期補習班","主管機關文件單位代碼":"","電子郵件":"","短期補習班類別":"外語類","地址":"嘉義縣大林鎮明華路4號(1~2樓)","立案時間":"2018-09-25","各地短期補習班數量":"192"},{"地區縣市":"嘉義縣政府","短期補習班名稱":"私立牧樂短期補習班","主管機關文件單位代碼":"","電子郵件":"sisleymh@gmail.com","短期補習班類別":"文理類","地址":"嘉義縣大林鎮平林里第33鄰中興路282號之25(1樓)","立案時間":"2021-10-18","各地短期補習班數量":"192"},{"地區縣市":"嘉義縣政府","短期補習班名稱":"嘉義縣私立資優生文理短期補習班","主管機關文件單位代碼":"","電子郵件":"Sam110620002002@gmail.com.tw","短期補習班類別":"文理類","地址":"水上鄉粗溪村5鄰中興路560號4樓","立案時間":"2012-07-31","各地短期補習班數量":"192"},{"地區縣市":"嘉義縣政府","短期補習班名稱":"嘉義縣私立威爾登美語短期補習班","主管機關文件單位代碼":"","電子郵件":"kellyyan0427@hotmail.com","短期補習班類別":"外語類","地址":"民雄鄉東榮村文化路30之32號(1樓)、31號(1樓)","立案時間":"2015-03-31","各地短期補習班數量":"192"},{"地區縣市":"嘉義縣政府","短期補習班名稱":"私立正統心算短期補習班","主管機關文件單位代碼":"","電子郵件":"","短期補習班類別":"商類：珠算、心算、會計","地址":"嘉義縣大林鎮明和里忠孝路593巷1號1樓","立案時間":"2006-02-24","各地短期補習班數量":"192"},{"地區縣市":"嘉義縣政府","短期補習班名稱":"嘉義縣私立藍園文理短期補習班","主管機關文件單位代碼":"a095","電子郵件":"BD020@joy.com.tw","短期補習班類別":"文理類","地址":"民雄鄉中樂村保生街54號","立案時間":"2000-11-04","各地短期補習班數量":"192"},{"地區縣市":"嘉義縣政府","短期補習班名稱":"私立漢唐語文珠算短期補習班","主管機關文件單位代碼":"a020","電子郵件":"hthotcs@yahoo.com.tw","短期補習班類別":"文理類","地址":"嘉義縣朴子市南通路三段909號1樓及911號","立案時間":"1997-03-15","各地短期補習班數量":"192"},{"地區縣市":"嘉義縣政府","短期補習班名稱":"私立藝宸文理短期補習班","主管機關文件單位代碼":"","電子郵件":"fion0825@yahoo.com.tw","短期補習班類別":"文理類","地址":"新港鄉宮前村19鄰文昌街5號（1~2樓）","立案時間":"2009-02-04","各地短期補習班數量":"192"},{"地區縣市":"嘉義縣政府","短期補習班名稱":"私立大地電腦文理短期補習班","主管機關文件單位代碼":"a054","電子郵件":"hunzun@ms8.hinet.net","短期補習班類別":"文理類","地址":"嘉義縣水上鄉中正路155巷26號(門牌整編)","立案時間":"1998-11-11","各地短期補習班數量":"192"},{"地區縣市":"嘉義縣政府","短期補習班名稱":"嘉義縣私立湯姆士文理短期補習班","主管機關文件單位代碼":"","電子郵件":"","短期補習班類別":"文理類","地址":"中埔鄉和美村中山路5段816號(1~2樓)","立案時間":"2015-02-06","各地短期補習班數量":"192"},{"地區縣市":"嘉義縣政府","短期補習班名稱":"私立智強文理短期補習班","主管機關文件單位代碼":"","電子郵件":"","短期補習班類別":"文理類","地址":"水上鄉水上村外林街210號(1~4樓)","立案時間":"2009-08-31","各地短期補習班數量":"192"},{"地區縣市":"嘉義縣政府","短期補習班名稱":"私立三之三文理短期補習班","主管機關文件單位代碼":"","電子郵件":"shining0123@yahoo.com.tw","短期補習班類別":"文理類","地址":"太保市舊埤里新安一街一巷23號1樓","立案時間":"2010-05-17","各地短期補習班數量":"192"},{"地區縣市":"嘉義縣政府","短期補習班名稱":"私立高陽文理短期補習班","主管機關文件單位代碼":"00148","電子郵件":"ben1211@ms23.hinet.net","短期補習班類別":"文理類","地址":"民雄鄉西安村保安路101號1樓~2樓","立案時間":"2003-10-02","各地短期補習班數量":"192"},{"地區縣市":"嘉義縣政府","短期補習班名稱":"嘉義縣私立英典語文短期補習班","主管機關文件單位代碼":"","電子郵件":"tung_donna@yahoo.com.tw","短期補習班類別":"外語類","地址":"太保市健康路159號1~3樓","立案時間":"2011-12-22","各地短期補習班數量":"192"},{"地區縣市":"嘉義縣政府","短期補習班名稱":"私立尉林文理短期補習班","主管機關文件單位代碼":"a023","電子郵件":"weilin3790408@yahoo.com.tw","短期補習班類別":"文理類","地址":"嘉義縣朴子市南通路3段668號","立案時間":"1997-04-24","各地短期補習班數量":"192"},{"地區縣市":"嘉義縣政府","短期補習班名稱":"私立睿文文理短期補習班","主管機關文件單位代碼":"","電子郵件":"58132tt@giraffe.com.tw","短期補習班類別":"文理類","地址":"朴子市祥和二路西段11號(1-3樓)","立案時間":"2007-05-16","各地短期補習班數量":"192"},{"地區縣市":"嘉義縣政府","短期補習班名稱":"私立佳佳珠算短期補習班","主管機關文件單位代碼":"a052","電子郵件":"kenji6006@gmail.com","短期補習班類別":"商類：珠算、心算、會計","地址":"嘉義縣朴子市文化里新榮路103巷4號","立案時間":"1998-10-31","各地短期補習班數量":"192"},{"地區縣市":"嘉義縣政府","短期補習班名稱":"私立學廣文理短期補習班","主管機關文件單位代碼":"","電子郵件":"shuo.luen@msa.hinet.net","短期補習班類別":"文理類","地址":"新港鄉古民街8巷1-53號","立案時間":"2008-09-23","各地短期補習班數量":"192"},{"地區縣市":"嘉義縣政府","短期補習班名稱":"嘉義縣私立雪倫美語短期補習班","主管機關文件單位代碼":"","電子郵件":"smilesharon2000@yahoo.com.tw","短期補習班類別":"外語類","地址":"嘉義縣番路鄉下坑村8鄰下坑38之20號1樓","立案時間":"2019-07-16","各地短期補習班數量":"192"},{"地區縣市":"嘉義縣政府","短期補習班名稱":"私立學友文理短期補習班","主管機關文件單位代碼":"00027","電子郵件":"","短期補習班類別":"文理類","地址":"嘉義縣朴子市平和里十三鄰平和路1之10號","立案時間":"1997-06-02","各地短期補習班數量":"192"},{"地區縣市":"嘉義縣政府","短期補習班名稱":"私立雅勝珠心算短期補習班","主管機關文件單位代碼":"","電子郵件":"","短期補習班類別":"商類：珠算、心算、會計","地址":"嘉義縣民雄鄉保生街33號(1~3樓)","立案時間":"2005-07-25","各地短期補習班數量":"192"},{"地區縣市":"嘉義縣政府","短期補習班名稱":"嘉義縣私立展文文理短期補習班","主管機關文件單位代碼":"","電子郵件":"","短期補習班類別":"文理類","地址":"水上鄉水上村進學街86巷11號(1~2樓)","立案時間":"2015-04-08","各地短期補習班數量":"192"},{"地區縣市":"嘉義縣政府","短期補習班名稱":"私立世群文理短期補習班","主管機關文件單位代碼":"","電子郵件":"willson551@gmail.com","短期補習班類別":"文理類","地址":"嘉義縣民雄鄉東榮村中庄112號(1~2樓)","立案時間":"2010-10-22","各地短期補習班數量":"192"},{"地區縣市":"嘉義縣政府","短期補習班名稱":"私立巨果珠心算語文短期補習班","主管機關文件單位代碼":"","電子郵件":"dengtai@gmail.com","短期補習班類別":"文理類","地址":"民雄鄉福樂村自強二街18號1~2樓","立案時間":"2005-12-29","各地短期補習班數量":"192"},{"地區縣市":"嘉義縣政府","短期補習班名稱":"嘉義縣私立柏瀚文理短期補習班","主管機關文件單位代碼":"","電子郵件":"","短期補習班類別":"文理類","地址":"水上鄉水頭村中興路302號1~4樓","立案時間":"2012-01-04","各地短期補習班數量":"192"},{"地區縣市":"嘉義縣政府","短期補習班名稱":"私立顧勝文教事業有限公司附設文理短期補習班","主管機關文件單位代碼":"","電子郵件":"","短期補習班類別":"文理類","地址":"嘉義縣民雄鄉中樂村民族路42號5樓","立案時間":"2005-08-19","各地短期補習班數量":"192"},{"地區縣市":"嘉義縣政府","短期補習班名稱":"嘉義縣私立築勤文理短期補習班","主管機關文件單位代碼":"","電子郵件":"","短期補習班類別":"文理類","地址":"水上鄉水上村進學街21號(1樓)","立案時間":"2018-05-14","各地短期補習班數量":"192"},{"地區縣市":"嘉義縣政府","短期補習班名稱":"私立叮噹語文短期補習班","主管機關文件單位代碼":"a060","電子郵件":"viga.lin@msa.hinet.net","短期補習班類別":"文理類","地址":"嘉義縣鹿草鄉西井村鹿草路282、286號2F","立案時間":"1999-02-23","各地短期補習班數量":"192"},{"地區縣市":"嘉義縣政府","短期補習班名稱":"私立勵學文理短期補習班","主管機關文件單位代碼":"","電子郵件":"","短期補習班類別":"文理類","地址":"民雄鄉中樂村保生街15巷20號1-2樓","立案時間":"2020-08-06","各地短期補習班數量":"192"},{"地區縣市":"嘉義縣政府","短期補習班名稱":"私立英美語文短期補習班","主管機關文件單位代碼":"","電子郵件":"fan0621@kimo.com","短期補習班類別":"外語類","地址":"嘉義縣大林鎮中正路450號","立案時間":"2009-03-27","各地短期補習班數量":"192"},{"地區縣市":"嘉義縣政府","短期補習班名稱":"私立非凡文理短期補習班","主管機關文件單位代碼":"","電子郵件":"mrkg@mail.cyc.edu.tw","短期補習班類別":"文理類","地址":"中埔鄉和美村中山路五段732巷92號（1~3樓）","立案時間":"2007-12-06","各地短期補習班數量":"192"},{"地區縣市":"嘉義縣政府","短期補習班名稱":"私立良育文理短期補習班","主管機關文件單位代碼":"","電子郵件":"jameschiayi@yahoo.com.tw","短期補習班類別":"文理類","地址":"嘉義縣新港鄉福德村福德路143號(1~3樓)","立案時間":"2010-02-04","各地短期補習班數量":"192"},{"地區縣市":"嘉義縣政府","短期補習班名稱":"嘉義縣私立百勝短期補習班","主管機關文件單位代碼":"","電子郵件":"","短期補習班類別":"文理類","地址":"民雄鄉西安村4鄰長榮街25號1樓","立案時間":"2020-07-01","各地短期補習班數量":"192"},{"地區縣市":"嘉義縣政府","短期補習班名稱":"私立僑英文理短期補習班","主管機關文件單位代碼":"","電子郵件":"","短期補習班類別":"文理類","地址":"大林鎮西林里祥和路163號","立案時間":"2011-03-28","各地短期補習班數量":"192"},{"地區縣市":"嘉義縣政府","短期補習班名稱":"私立格林文理短期補習班","主管機關文件單位代碼":"","電子郵件":"greenenglish06@gmail.com","短期補習班類別":"文理類","地址":"嘉義縣中埔鄉和美村中山路五段732巷76號1至2樓","立案時間":"2006-04-24","各地短期補習班數量":"192"},{"地區縣市":"嘉義縣政府","短期補習班名稱":"嘉義縣私立力碩文理短期補習班","主管機關文件單位代碼":"","電子郵件":"iamfish34@gmail.com","短期補習班類別":"文理類","地址":"水上鄉柳鄉村16鄰柳子林331之1號1、2樓","立案時間":"2014-06-03","各地短期補習班數量":"192"},{"地區縣市":"嘉義縣政府","短期補習班名稱":"私立向日葵語文短期補習班","主管機關文件單位代碼":"","電子郵件":"","短期補習班類別":"外語類","地址":"中埔鄉和美村中山路5段732巷40號(1-2樓)","立案時間":"2006-02-15","各地短期補習班數量":"192"},{"地區縣市":"嘉義縣政府","短期補習班名稱":"私立THE OWL美語短期補習班","主管機關文件單位代碼":"00136","電子郵件":"penny64817@gmail.com","短期補習班類別":"文理類","地址":"竹崎鄉竹崎村八鄰自由路二段113號1~2樓","立案時間":"2003-01-30","各地短期補習班數量":"192"},{"地區縣市":"嘉義縣政府","短期補習班名稱":"私立成大王牌文理短期補習班","主管機關文件單位代碼":"a068","電子郵件":"ffyy12f@yahoo.com.tw","短期補習班類別":"文理類","地址":"水上鄉寬士村崎子頭33之16號","立案時間":"1999-07-12","各地短期補習班數量":"192"},{"地區縣市":"嘉義縣政府","短期補習班名稱":"私立愛森堡文理短期補習班","主管機關文件單位代碼":"","電子郵件":"","短期補習班類別":"外語類","地址":"梅山鄉梅北村8鄰健康街239之1號","立案時間":"2010-05-06","各地短期補習班數量":"192"},{"地區縣市":"嘉義縣政府","短期補習班名稱":"嘉義縣私立資優生文教機構短期補習班","主管機關文件單位代碼":"a096","電子郵件":"talented@xuite.net","短期補習班類別":"外語類","地址":"嘉義縣朴子市大同路356號","立案時間":"2000-11-13","各地短期補習班數量":"192"},{"地區縣市":"嘉義縣政府","短期補習班名稱":"私立高譽文理短期補習班","主管機關文件單位代碼":"","電子郵件":"","短期補習班類別":"文理類","地址":"朴子市大葛里吉祥六街60號(1~2樓)","立案時間":"2005-06-09","各地短期補習班數量":"192"},{"地區縣市":"嘉義縣政府","短期補習班名稱":"私立育埕文理短期補習班","主管機關文件單位代碼":"","電子郵件":"chuanny@hotmail.com","短期補習班類別":"文理類","地址":"朴子市山通路24號之17(1-2樓)","立案時間":"2010-06-22","各地短期補習班數量":"192"},{"地區縣市":"嘉義縣政府","短期補習班名稱":"私立叡智文理短期補習班","主管機關文件單位代碼":"","電子郵件":"a12345xa@yahoo.com.tw","短期補習班類別":"文理類","地址":"嘉義縣太保市太保里124號（1~2樓）","立案時間":"2009-03-12","各地短期補習班數量":"192"},{"地區縣市":"嘉義縣政府","短期補習班名稱":"私立羅傑文理短期補習班","主管機關文件單位代碼":"a123","電子郵件":"lawsuit566@gmail.com","短期補習班類別":"文理類","地址":"民雄鄉北斗村3鄰北勢子19號","立案時間":"2002-01-02","各地短期補習班數量":"192"},{"地區縣市":"嘉義縣政府","短期補習班名稱":"私立Do Re Mi 音樂短期補習班","主管機關文件單位代碼":"","電子郵件":"janechang998@gmail.com","短期補習班類別":"音樂、舞蹈類","地址":"水上鄉水頭村中興路267號（1~2樓）","立案時間":"2008-03-13","各地短期補習班數量":"192"},{"地區縣市":"嘉義縣政府","短期補習班名稱":"私立高效能正音文理短期補習班","主管機關文件單位代碼":"a111","電子郵件":"","短期補習班類別":"外語類","地址":"嘉義縣竹崎鄉竹崎村中華路91之6號1樓","立案時間":"2001-06-04","各地短期補習班數量":"192"},{"地區縣市":"嘉義縣政府","短期補習班名稱":"私立允強文理短期補習班","主管機關文件單位代碼":"","電子郵件":"b0970260533@gmail.com","短期補習班類別":"文理類","地址":"嘉義縣太保市安仁里公園北街35號1~2樓","立案時間":"2005-08-26","各地短期補習班數量":"192"},{"地區縣市":"嘉義縣政府","短期補習班名稱":"嘉義縣私立學英文理短期補習班","主管機關文件單位代碼":"","電子郵件":"syschool99@gmail.com","短期補習班類別":"文理類","地址":"嘉義縣竹崎鄉竹崎村中正路62號1樓","立案時間":"2012-04-16","各地短期補習班數量":"192"},{"地區縣市":"嘉義縣政府","短期補習班名稱":"私立晉昇文理短期補習班","主管機關文件單位代碼":"","電子郵件":"","短期補習班類別":"文理類","地址":"嘉義縣大林鎮西林里1鄰忠孝路711號(1~2樓)","立案時間":"2007-07-03","各地短期補習班數量":"192"},{"地區縣市":"嘉義縣政府","短期補習班名稱":"私立勵自向上文理短期補習班","主管機關文件單位代碼":"","電子郵件":"baby.chiachi@yahoo.com.tw","短期補習班類別":"文理類","地址":"水上鄉水頭村中興路321、323號","立案時間":"2009-12-23","各地短期補習班數量":"192"},{"地區縣市":"嘉義縣政府","短期補習班名稱":"私立新時代技藝短期補習班","主管機關文件單位代碼":"a110","電子郵件":"b0920725526@gmail.com","短期補習班類別":"商類：珠算、心算、會計","地址":"中埔鄉和睦村中山路5段831號","立案時間":"2001-06-04","各地短期補習班數量":"192"},{"地區縣市":"嘉義縣政府","短期補習班名稱":"私立小黑人音樂美語短期補習班","主管機關文件單位代碼":"","電子郵件":"","短期補習班類別":"外語類","地址":"新港鄉新中路666號","立案時間":"2011-03-28","各地短期補習班數量":"192"},{"地區縣市":"嘉義縣政府","短期補習班名稱":"私立嘉音英語短期補習班","主管機關文件單位代碼":"","電子郵件":"","短期補習班類別":"外語類","地址":"太保市南新里中山路一段142號(1~2樓)","立案時間":"2010-08-27","各地短期補習班數量":"192"},{"地區縣市":"嘉義縣政府","短期補習班名稱":"私立摩根美語短期補習班","主管機關文件單位代碼":"","電子郵件":"j568568@yahoo.com.tw","短期補習班類別":"文理類","地址":"民雄鄉北斗村北勢子47-10號（1樓）","立案時間":"2007-08-29","各地短期補習班數量":"192"},{"地區縣市":"嘉義縣政府","短期補習班名稱":"嘉義縣私立蘇老師文理短期補習班","主管機關文件單位代碼":"","電子郵件":"suesue.peter@gmail.com","短期補習班類別":"文理類","地址":"中埔鄉和美村永樂新村500之36號1~2樓","立案時間":"2012-11-06","各地短期補習班數量":"192"},{"地區縣市":"嘉義縣政府","短期補習班名稱":"私立采音音樂美語短期補習班","主管機關文件單位代碼":"00049","電子郵件":"","短期補習班類別":"外語類","地址":"朴子市永和里3之3號二樓","立案時間":"1998-07-14","各地短期補習班數量":"192"},{"地區縣市":"嘉義縣政府","短期補習班名稱":"嘉義縣私立頂尖文理短期補習班","主管機關文件單位代碼":"","電子郵件":"2641235@gmail.com","短期補習班類別":"文理類","地址":"嘉義縣大林鎮中正路567號1、2樓","立案時間":"2013-06-18","各地短期補習班數量":"192"},{"地區縣市":"嘉義縣政府","短期補習班名稱":"私立翰林珠算短期補習班","主管機關文件單位代碼":"a018","電子郵件":"","短期補習班類別":"外語類","地址":"民雄鄉保生街3號","立案時間":"1996-12-14","各地短期補習班數量":"192"},{"地區縣市":"嘉義縣政府","短期補習班名稱":"私立優昇短期補習班","主管機關文件單位代碼":"","電子郵件":"yoursun930@yahoo.com.tw","短期補習班類別":"文理類","地址":"竹崎鄉竹崎村中華路108號1樓","立案時間":"2021-02-04","各地短期補習班數量":"192"},{"地區縣市":"嘉義縣政府","短期補習班名稱":"嘉義縣私立高第文理短期補習班","主管機關文件單位代碼":"","電子郵件":"topmath101@gmail.com","短期補習班類別":"文理類","地址":"嘉義縣太保市北新里中正路186-1號1、2樓","立案時間":"2012-06-04","各地短期補習班數量":"192"},{"地區縣市":"嘉義縣政府","短期補習班名稱":"私立誠楓文理短期補習班","主管機關文件單位代碼":"","電子郵件":"chengfongschool@gmail.com","短期補習班類別":"文理類","地址":"嘉義縣中埔鄉和興村中華路775號1~2樓","立案時間":"2005-05-12","各地短期補習班數量":"192"},{"地區縣市":"嘉義縣政府","短期補習班名稱":"私立金企鵝英語短期補習班","主管機關文件單位代碼":"","電子郵件":"","短期補習班類別":"文理類","地址":"嘉義縣太保市過溝里北港路2段429巷72號2樓","立案時間":"2006-05-22","各地短期補習班數量":"192"},{"地區縣市":"嘉義縣政府","短期補習班名稱":"私立達誠文理短期補習班","主管機關文件單位代碼":"","電子郵件":"tacheng566@gmail.com","短期補習班類別":"文理類","地址":"嘉義縣水上鄉水上村10鄰外林街93號","立案時間":"2007-08-10","各地短期補習班數量":"192"},{"地區縣市":"嘉義縣政府","短期補習班名稱":"私立佳音文理短期補習班","主管機關文件單位代碼":"","電子郵件":"sam992731@gmail.com","短期補習班類別":"文理類","地址":"嘉義縣水上鄉水上村9鄰外林街158號1樓","立案時間":"2020-11-16","各地短期補習班數量":"192"},{"地區縣市":"嘉義縣政府","短期補習班名稱":"私立才育文理短期補習班","主管機關文件單位代碼":"00134","電子郵件":"","短期補習班類別":"文理類","地址":"嘉義縣民雄鄉福樂村光明二街100號1~2樓","立案時間":"2002-12-13","各地短期補習班數量":"192"},{"地區縣市":"嘉義縣政府","短期補習班名稱":"嘉義縣私立曾老師文理短期補習班","主管機關文件單位代碼":"","電子郵件":"q595200.q595200@msa.hinet.net","短期補習班類別":"文理類","地址":"嘉義縣朴子市博愛街26號1樓、2樓","立案時間":"2011-06-07","各地短期補習班數量":"192"},{"地區縣市":"嘉義縣政府","短期補習班名稱":"嘉義縣私立六藝文理短期補習班","主管機關文件單位代碼":"","電子郵件":"","短期補習班類別":"文理類","地址":"嘉義縣水上鄉水頭村10鄰新進街29號1樓","立案時間":"2020-07-01","各地短期補習班數量":"192"},{"地區縣市":"嘉義縣政府","短期補習班名稱":"私立碩博文理短期補習班","主管機關文件單位代碼":"00152","電子郵件":"super2131246@yahoo.com.tw","短期補習班類別":"文理類","地址":"嘉義縣民雄鄉福樂村自強二街60號1至2樓","立案時間":"2003-12-05","各地短期補習班數量":"192"},{"地區縣市":"嘉義縣政府","短期補習班名稱":"私立寶貝王國短期補習班","主管機關文件單位代碼":"","電子郵件":"","短期補習班類別":"文理類","地址":"水上鄉華林街62巷11號1樓","立案時間":"2019-09-18","各地短期補習班數量":"192"},{"地區縣市":"嘉義縣政府","短期補習班名稱":"嘉義縣私立河合音樂技藝短期補習班","主管機關文件單位代碼":"","電子郵件":"","短期補習班類別":"音樂、舞蹈類","地址":"太保市嘉義縣太保市安仁里11鄰祥和三路東段280號1樓","立案時間":"2019-10-04","各地短期補習班數量":"192"},{"地區縣市":"嘉義縣政府","短期補習班名稱":"私立學文城文理才藝短期補習班","主管機關文件單位代碼":"","電子郵件":"may_68622@yahoo.com.tw","短期補習班類別":"文理類","地址":"嘉義縣朴子市山通路178號3樓","立案時間":"2006-03-16","各地短期補習班數量":"192"},{"地區縣市":"嘉義縣政府","短期補習班名稱":"私立全方位舞蹈短期補習班","主管機關文件單位代碼":"","電子郵件":"","短期補習班類別":"音樂、舞蹈類","地址":"朴子市竹圍里大同路380號","立案時間":"2009-10-13","各地短期補習班數量":"192"},{"地區縣市":"嘉義縣政府","短期補習班名稱":"嘉義縣私立摩爾美語短期補習班","主管機關文件單位代碼":"","電子郵件":"","短期補習班類別":"外語類","地址":"民雄鄉西安村民溪路5巷13號1樓","立案時間":"2011-06-02","各地短期補習班數量":"192"},{"地區縣市":"嘉義縣政府","短期補習班名稱":"私立小字典文理短期補習班","主管機關文件單位代碼":"","電子郵件":"milk5214@yahoo.com.tw","短期補習班類別":"文理類","地址":"嘉義縣新港鄉大興村新中路290巷11號1至3樓","立案時間":"2006-03-06","各地短期補習班數量":"192"},{"地區縣市":"嘉義縣政府","短期補習班名稱":"私立李老師文理短期補習班","主管機關文件單位代碼":"a087","電子郵件":"davidjoycewu@yahoo.com.tw","短期補習班類別":"文理類","地址":"嘉義縣新港鄉中山路72巷10之10號（一至三樓）","立案時間":"2000-07-15","各地短期補習班數量":"192"},{"地區縣市":"嘉義縣政府","短期補習班名稱":"私立國華文理短期補習班","主管機關文件單位代碼":"","電子郵件":"","短期補習班類別":"文理類","地址":"嘉義縣太保市中山路一段228巷22弄39號1~2樓","立案時間":"2005-05-18","各地短期補習班數量":"192"},{"地區縣市":"嘉義縣政府","短期補習班名稱":"私立心心文理短期補習班","主管機關文件單位代碼":"a102","電子郵件":"","短期補習班類別":"文理類","地址":"嘉義縣太保市麻寮里中山路2段58之2號","立案時間":"2001-03-29","各地短期補習班數量":"192"},{"地區縣市":"嘉義縣政府","短期補習班名稱":"私立文人文理短期補習班","主管機關文件單位代碼":"a066","電子郵件":"","短期補習班類別":"文理類","地址":"嘉義縣太保市中山路1段228巷8號(1至3樓)","立案時間":"1999-06-28","各地短期補習班數量":"192"},{"地區縣市":"嘉義縣政府","短期補習班名稱":"私立吳老師文理短期補習班","主管機關文件單位代碼":"a121","電子郵件":"","短期補習班類別":"文理類","地址":"嘉義縣大林鎮西林里祥和路177號1至4樓","立案時間":"2001-10-11","各地短期補習班數量":"192"},{"地區縣市":"嘉義縣政府","短期補習班名稱":"嘉義縣私立學成文理短期補習班","主管機關文件單位代碼":"","電子郵件":"","短期補習班類別":"文理類","地址":"民雄鄉西安路17-4號(1-2樓)","立案時間":"2011-06-22","各地短期補習班數量":"192"},{"地區縣市":"嘉義縣政府","短期補習班名稱":"私立菁英文理短期補習班","主管機關文件單位代碼":"","電子郵件":"","短期補習班類別":"文理類","地址":"新港鄉宮前村14鄰登雲路38號(1樓)","立案時間":"2008-10-30","各地短期補習班數量":"192"},{"地區縣市":"嘉義縣政府","短期補習班名稱":"私立健學文理短期補習班","主管機關文件單位代碼":"a098","電子郵件":"","短期補習班類別":"文理類","地址":"民雄鄉福樂村埤角16之36號1樓","立案時間":"2000-11-01","各地短期補習班數量":"192"},{"地區縣市":"嘉義縣政府","短期補習班名稱":"私立融達文理短期補習班","主管機關文件單位代碼":"","電子郵件":"tusi@ms10.hinet.net","短期補習班類別":"文理類","地址":"大林鎮平林里民生路511號(1~3樓)","立案時間":"2007-07-13","各地短期補習班數量":"192"},{"地區縣市":"嘉義縣政府","短期補習班名稱":"私立里米語文短期補習班","主管機關文件單位代碼":"","電子郵件":"","短期補習班類別":"外語類","地址":"大林鎮西林里15鄰祥和路269號(1-2樓)","立案時間":"2007-06-07","各地短期補習班數量":"192"},{"地區縣市":"嘉義縣政府","短期補習班名稱":"嘉義縣私立強數文理短期補習班","主管機關文件單位代碼":"","電子郵件":"","短期補習班類別":"文理類","地址":"嘉義縣大林鎮平林里民權路72號1樓","立案時間":"2013-01-16","各地短期補習班數量":"192"},{"地區縣市":"嘉義縣政府","短期補習班名稱":"嘉義縣私立輔升文理短期補習班","主管機關文件單位代碼":"","電子郵件":"","短期補習班類別":"文理類","地址":"嘉義縣朴子市竹圍里10鄰博文街39號1樓","立案時間":"2013-08-19","各地短期補習班數量":"192"},{"地區縣市":"嘉義縣政府","短期補習班名稱":"嘉義縣私立承運文理短期補習班","主管機關文件單位代碼":"","電子郵件":"benjamin8283@gmail.com","短期補習班類別":"文理類","地址":"嘉義縣新港鄉新中路570號1樓","立案時間":"2013-03-01","各地短期補習班數量":"192"},{"地區縣市":"嘉義縣政府","短期補習班名稱":"嘉義縣私立佳蓓爾音樂短期補習班","主管機關文件單位代碼":"","電子郵件":"elainechang0920@yahoo.com","短期補習班類別":"音樂、舞蹈類","地址":"嘉義縣大林鎮西林里19鄰中正路351巷1弄6號1樓","立案時間":"2013-11-12","各地短期補習班數量":"192"},{"地區縣市":"嘉義縣政府","短期補習班名稱":"私立雅智音樂、語文短期補習班","主管機關文件單位代碼":"","電子郵件":"yg355088@gmail.com","短期補習班類別":"外語類","地址":"大林鎮西林里祥和路249之1號1至2樓","立案時間":"2006-08-30","各地短期補習班數量":"192"},{"地區縣市":"嘉義縣政府","短期補習班名稱":"私立正達文理短期補習班","主管機關文件單位代碼":"","電子郵件":"","短期補習班類別":"文理類","地址":"嘉義縣義竹鄉義竹村102號(1樓)","立案時間":"2010-09-21","各地短期補習班數量":"192"},{"地區縣市":"嘉義縣政府","短期補習班名稱":"嘉義縣私立愛麗思文理短期補習班","主管機關文件單位代碼":"","電子郵件":"alice_1127@yahoo.com.tw","短期補習班類別":"外語類","地址":"嘉義縣義竹鄉仁里村396號1、2樓","立案時間":"2013-01-09","各地短期補習班數量":"192"},{"地區縣市":"嘉義縣政府","短期補習班名稱":"私立蔡老師文理短期補習班","主管機關文件單位代碼":"00164","電子郵件":"","短期補習班類別":"文理類","地址":"布袋鎮興中里上海二街63號","立案時間":"2004-07-21","各地短期補習班數量":"192"},{"地區縣市":"嘉義縣政府","短期補習班名稱":"私立小太陽文理短期補習班","主管機關文件單位代碼":"","電子郵件":"","短期補習班類別":"文理類","地址":"布袋鎮中安里21鄰過溝中厝109之9號","立案時間":"2007-03-22","各地短期補習班數量":"192"},{"地區縣市":"嘉義縣政府","短期補習班名稱":"私立喜學園文理短期補習班","主管機關文件單位代碼":"a125","電子郵件":"","短期補習班類別":"文理類","地址":"中埔鄉隆興村大埕17號","立案時間":"2002-04-22","各地短期補習班數量":"192"},{"地區縣市":"嘉義縣政府","短期補習班名稱":"私立姜老師珠算才藝短期補習班","主管機關文件單位代碼":"a048","電子郵件":"510228LY@gmail.com","短期補習班類別":"文理類","地址":"嘉義縣水上鄉民生新村成功街12號","立案時間":"1998-06-25","各地短期補習班數量":"192"},{"地區縣市":"嘉義縣政府","短期補習班名稱":"嘉義縣私立孟修短期補習班","主管機關文件單位代碼":"","電子郵件":"lms6262htc@gmail.com","短期補習班類別":"文理類","地址":"嘉義縣太保市祥和二路東段72號1樓","立案時間":"2019-11-12","各地短期補習班數量":"192"},{"地區縣市":"嘉義縣政府","短期補習班名稱":"嘉義縣私立至德資優文理短期補習班","主管機關文件單位代碼":"","電子郵件":"best.mind.wins@gmail.com","短期補習班類別":"文理類","地址":"民雄鄉民族路42號4樓","立案時間":"2019-06-25","各地短期補習班數量":"192"},{"地區縣市":"嘉義縣政府","短期補習班名稱":"私立來恩文理短期補習班中華分班","主管機關文件單位代碼":"a107","電子郵件":"","短期補習班類別":"文理類","地址":"嘉義縣竹崎鄉和平村田寮路101號","立案時間":"2001-05-02","各地短期補習班數量":"192"},{"地區縣市":"嘉義縣政府","短期補習班名稱":"私立令揚文理短期補習班","主管機關文件單位代碼":"","電子郵件":"","短期補習班類別":"文理類","地址":"竹崎鄉竹崎村中華路135號(1~2樓)","立案時間":"2009-12-18","各地短期補習班數量":"192"},{"地區縣市":"嘉義縣政府","短期補習班名稱":"私立學林語文才藝短期補習班","主管機關文件單位代碼":"00122","電子郵件":"","短期補習班類別":"外語類","地址":"嘉義縣民雄鄉福樂村埤角548號","立案時間":"1996-01-11","各地短期補習班數量":"192"},{"地區縣市":"嘉義縣政府","短期補習班名稱":"私立健智文理短期補習班","主管機關文件單位代碼":"00005","電子郵件":"","短期補習班類別":"文理類","地址":"嘉義縣竹崎鄉灣橋村灣橋路100號","立案時間":"1995-04-07","各地短期補習班數量":"192"},{"地區縣市":"嘉義縣政府","短期補習班名稱":"私立常春藤文理短期補習班","主管機關文件單位代碼":"","電子郵件":"","短期補習班類別":"文理類","地址":"梅山鄉中山路14號(1樓)","立案時間":"2007-03-01","各地短期補習班數量":"192"},{"地區縣市":"嘉義縣政府","短期補習班名稱":"私立洋洋文理短期補習班","主管機關文件單位代碼":"","電子郵件":"","短期補習班類別":"文理類","地址":"中埔鄉中埔村中埔23巷9號（1~2樓）","立案時間":"2008-05-20","各地短期補習班數量":"192"},{"地區縣市":"嘉義縣政府","短期補習班名稱":"私立芥菜種(蒂娜)文理短期補習班","主管機關文件單位代碼":"a114","電子郵件":"","短期補習班類別":"文理類","地址":"竹崎鄉和平村中華路2號2~3樓","立案時間":"2001-06-18","各地短期補習班數量":"192"},{"地區縣市":"嘉義縣政府","短期補習班名稱":"私立頂立文理短期補習班","主管機關文件單位代碼":"","電子郵件":"","短期補習班類別":"文理類","地址":"竹崎鄉中興路13之2號(1~2樓)","立案時間":"2011-05-24","各地短期補習班數量":"192"},{"地區縣市":"嘉義縣政府","短期補習班名稱":"嘉義縣私立學府文理短期補習班","主管機關文件單位代碼":"00165","電子郵件":"","短期補習班類別":"外語類","地址":"嘉義縣水上鄉水頭村中和路102號(1~2樓)","立案時間":"2004-10-11","各地短期補習班數量":"192"}]
