



[{"地區縣市":"嘉義市政府","短期補習班名稱":"巨匠電腦股份有限公司附設嘉義市私立巨匠技藝短期補習班","主管機關文件單位代碼":"","電子郵件":"ge_mailbox@pcschool.com.tw","短期補習班類別":"資訊類","地址":"600006嘉義市西區中山路494、496、496之1號(1-2樓)","立案時間":"2004-10-21","各地短期補習班數量":"286"},{"地區縣市":"嘉義市政府","短期補習班名稱":"嘉義市私立葉子畫室技藝短期補習班","主管機關文件單位代碼":"","電子郵件":"a979555877@gmail.com","短期補習班類別":"美術、書法、攝影、美工設計、圍棋類","地址":"600031嘉義市西區徐州五街104號(1-2樓)","立案時間":"2012-03-28","各地短期補習班數量":"286"},{"地區縣市":"嘉義市政府","短期補習班名稱":"嘉義市私立領袖文理短期補習班","主管機關文件單位代碼":"","電子郵件":"julia.huang8896@gmail.com","短期補習班類別":"文理類","地址":"600022嘉義市西區成功街21號1-3樓、600022成功街71號1-2樓","立案時間":"2007-04-30","各地短期補習班數量":"286"},{"地區縣市":"嘉義市政府","短期補習班名稱":"嘉義市私立珠學社文理短期補習班","主管機關文件單位代碼":"k112","電子郵件":"jucoder@gmail.com","短期補習班類別":"文理類","地址":"600030嘉義市西區杭州四街6號(1-2樓)","立案時間":"1999-05-28","各地短期補習班數量":"286"},{"地區縣市":"嘉義市政府","短期補習班名稱":"先捷國際教育有限公司附設嘉義市私立先捷文理短期補習班","主管機關文件單位代碼":"b108","電子郵件":"norian321@yahoo.com.tw","短期補習班類別":"文理類","地址":"嘉義市東區國華街210號2樓","立案時間":"1992-04-07","各地短期補習班數量":"286"},{"地區縣市":"嘉義市政府","短期補習班名稱":"嘉義市私立步芮文理短期補習班","主管機關文件單位代碼":"","電子郵件":"nobleschoolnoble@gmail.com","短期補習班類別":"外語類","地址":"嘉義市東區14鄰興美六路112號4樓","立案時間":"2022-12-29","各地短期補習班數量":"286"},{"地區縣市":"嘉義市政府","短期補習班名稱":"巨匠電腦股份有限公司附設嘉義市私立巨匠文理短期補習班","主管機關文件單位代碼":"","電子郵件":"KJ_mailbox@pcschool.com.tw","短期補習班類別":"外語類","地址":"嘉義市西區中山路569號(1-5樓)","立案時間":"2009-12-17","各地短期補習班數量":"286"},{"地區縣市":"嘉義市政府","短期補習班名稱":"嘉義市私立超能文理短期補習班","主管機關文件單位代碼":"","電子郵件":"afu7798@gmail.com","短期補習班類別":"文理類","地址":"600074嘉義市西區友孝路296巷43號(1-2樓)","立案時間":"2022-06-15","各地短期補習班數量":"286"},{"地區縣市":"嘉義市政府","短期補習班名稱":" 志光教育科技股份有限公司附設嘉義市私立正志光文理短期補習班","主管機關文件單位代碼":"c101","電子郵件":"top1990.j888@public.com.tw","短期補習班類別":"法政類","地址":"600006嘉義市西區中山路386號5樓","立案時間":"1984-05-11","各地短期補習班數量":"286"},{"地區縣市":"嘉義市政府","短期補習班名稱":"志光教育科技股份有限公司附設嘉義市私立志光文理短期補習班 ","主管機關文件單位代碼":"","電子郵件":"top1990.j888@public.com.tw","短期補習班類別":"法政類","地址":"600007嘉義市西區中山路537號(1-4樓)","立案時間":"2011-07-11","各地短期補習班數量":"286"},{"地區縣市":"嘉義市政府","短期補習班名稱":"嘉義市私立我思我在文理短期補習班","主管機關文件單位代碼":"","電子郵件":"wowiam2018@gmail.com","短期補習班類別":"文理類","地址":"嘉義市東區中山路107號(4樓)","立案時間":"2015-10-26","各地短期補習班數量":"286"},{"地區縣市":"嘉義市政府","短期補習班名稱":"台灣知識庫股份有限公司附設嘉義市私立數位學堂文理短期補習班","主管機關文件單位代碼":"","電子郵件":"","短期補習班類別":"文理類","地址":"嘉義市垂楊路576號(2-3樓)","立案時間":"2005-11-28","各地短期補習班數量":"286"},{"地區縣市":"嘉義市政府","短期補習班名稱":"嘉義市私立高元文理短期補習班","主管機關文件單位代碼":"","電子郵件":"nomo72319@yahoo.com.tw","短期補習班類別":"文理類","地址":"600001嘉義市東區垂楊路400號6樓之2","立案時間":"2003-07-07","各地短期補習班數量":"286"},{"地區縣市":"嘉義市政府","短期補習班名稱":"雲門國際事業股份有限公司附設嘉義市私立飛越技藝短期補習班","主管機關文件單位代碼":"i105","電子郵件":"service_cgds@cgds.com.tw","短期補習班類別":"音樂、舞蹈類","地址":"600014嘉義市東區中山路48號(2-3樓)","立案時間":"2024-01-15","各地短期補習班數量":"286"},{"地區縣市":"嘉義市政府","短期補習班名稱":"嘉義市私立竹品文理技藝短期補習班","主管機關文件單位代碼":"","電子郵件":"zhupinart@gmail.com","短期補習班類別":"文理類","地址":"嘉義市東區圓福街125號(1-2樓)","立案時間":"2023-08-24","各地短期補習班數量":"286"},{"地區縣市":"嘉義市政府","短期補習班名稱":"嘉義市私立育名文理短期補習班","主管機關文件單位代碼":"a182","電子郵件":"yuming2396596@gmail.com","短期補習班類別":"文理類","地址":"600038嘉義市東區溪興街23號(1-4樓)","立案時間":"2001-10-04","各地短期補習班數量":"286"},{"地區縣市":"嘉義市政府","短期補習班名稱":"嘉義市私立冠語文理短期補習班","主管機關文件單位代碼":"","電子郵件":"adyingchild@gmail.com","短期補習班類別":"文理類","地址":"600032嘉義市東區大業街184巷19弄20號(1-2樓)","立案時間":"2002-07-26","各地短期補習班數量":"286"},{"地區縣市":"嘉義市政府","短期補習班名稱":"嘉義市私立伊莎貝技藝短期補習班","主管機關文件單位代碼":"","電子郵件":"","短期補習班類別":"音樂、舞蹈類","地址":"嘉義市西區國安三街9號(1-4樓)","立案時間":"2008-02-29","各地短期補習班數量":"286"},{"地區縣市":"嘉義市政府","短期補習班名稱":"嘉義市私立仕學文理短期補習班","主管機關文件單位代碼":"","電子郵件":"","短期補習班類別":"文理類","地址":"嘉義市東區蘭井街96號(1樓)","立案時間":"2024-02-16","各地短期補習班數量":"286"},{"地區縣市":"嘉義市政府","短期補習班名稱":"嘉義市私立亞特文理技藝短期補習班","主管機關文件單位代碼":"","電子郵件":"kuoshengyuan@gmail.com","短期補習班類別":"文理類","地址":"嘉義市東區新生路726號(1-3樓)","立案時間":"2006-01-18","各地短期補習班數量":"286"},{"地區縣市":"嘉義市政府","短期補習班名稱":"嘉義市私立佳大文理短期補習班","主管機關文件單位代碼":"","電子郵件":"bd094@outlook.com","短期補習班類別":"外語類","地址":"嘉義市東區垂楊路288號(1-2樓)；嘉義市東區垂楊路316號6樓1","立案時間":"2013-06-05","各地短期補習班數量":"286"},{"地區縣市":"嘉義市政府","短期補習班名稱":"嘉義市私立諾爾堡文理短期補習班","主管機關文件單位代碼":"b172","電子郵件":"nobleschoolnoble@gmail.com","短期補習班類別":"外語類","地址":"600047嘉義市東區大雅路一段850號","立案時間":"2000-03-22","各地短期補習班數量":"286"},{"地區縣市":"嘉義市政府","短期補習班名稱":"嘉義市私立忍文理技藝短期補習班","主管機關文件單位代碼":"","電子郵件":"","短期補習班類別":"文理類","地址":"嘉義市杭州一街38號(1-2樓)","立案時間":"2024-01-16","各地短期補習班數量":"286"},{"地區縣市":"嘉義市政府","短期補習班名稱":"嘉義市私立鄧老師菁英數學文理短期補習班","主管機關文件單位代碼":"","電子郵件":"ancherng0927@gmail.com","短期補習班類別":"文理類","地址":"嘉義市東區盧厝149之3號(2樓)","立案時間":"2023-06-07","各地短期補習班數量":"286"},{"地區縣市":"嘉義市政府","短期補習班名稱":"嘉義市私立英文工坊文理短期補習班","主管機關文件單位代碼":"","電子郵件":"venezia1812@gmail.com","短期補習班類別":"外語類","地址":"嘉義市西區國華街245號7樓3","立案時間":"2005-06-07","各地短期補習班數量":"286"},{"地區縣市":"嘉義市政府","短期補習班名稱":"嘉義市私立育文文理短期補習班","主管機關文件單位代碼":"","電子郵件":"lin0982867385@gmail.com","短期補習班類別":"文理類","地址":"600047嘉義市東區文雅街206號(1-2樓)","立案時間":"2015-07-10","各地短期補習班數量":"286"},{"地區縣市":"嘉義市政府","短期補習班名稱":"嘉義市私立超強文理短期補習班","主管機關文件單位代碼":"b153","電子郵件":"aa987123654@gmail.com","短期補習班類別":"文理類","地址":"嘉義市西區錦州二街19號(1-3樓)","立案時間":"1999-03-10","各地短期補習班數量":"286"},{"地區縣市":"嘉義市政府","短期補習班名稱":"嘉義市私立快樂童年技藝文理短期補習班","主管機關文件單位代碼":"","電子郵件":"","短期補習班類別":"文理類","地址":"嘉義市西區興業西路139號2F1、2F2","立案時間":"2011-06-10","各地短期補習班數量":"286"},{"地區縣市":"嘉義市政府","短期補習班名稱":"嘉義市私立玩轉學堂全腦潛能開發文理短期補習班","主管機關文件單位代碼":"","電子郵件":"plyaschool.tw@gmail.com","短期補習班類別":"文理類","地址":"嘉義市東區圓福街20號(1-2樓)","立案時間":"2022-12-19","各地短期補習班數量":"286"},{"地區縣市":"嘉義市政府","短期補習班名稱":"嘉義市私立博碩文理短期補習班","主管機關文件單位代碼":"b143","電子郵件":"","短期補習班類別":"外語類","地址":"嘉義市西區北社尾路219號(1-2樓)","立案時間":"1998-02-04","各地短期補習班數量":"286"},{"地區縣市":"嘉義市政府","短期補習班名稱":"嘉義市私立弘育文理短期補習班","主管機關文件單位代碼":"","電子郵件":"hy2340111@gmail.com","短期補習班類別":"文理類","地址":"600054嘉義市西區文化路547號(1~2樓)","立案時間":"2019-10-22","各地短期補習班數量":"286"},{"地區縣市":"嘉義市政府","短期補習班名稱":"嘉義市私立雨群文理短期補習班","主管機關文件單位代碼":"","電子郵件":"dragonelfin@gmail.com","短期補習班類別":"文理類","地址":"600030嘉義市西區漢口路3號(1-2樓)","立案時間":"2014-08-29","各地短期補習班數量":"286"},{"地區縣市":"嘉義市政府","短期補習班名稱":"嘉義市私立佳育文理短期補習班","主管機關文件單位代碼":"b189","電子郵件":"magicjoy30@hotmail.com","短期補習班類別":"外語類","地址":"嘉義市東區新生路663號(1-4樓)","立案時間":"2001-11-13","各地短期補習班數量":"286"},{"地區縣市":"嘉義市政府","短期補習班名稱":"嘉義市私立伊格爾文理短期補習班","主管機關文件單位代碼":"","電子郵件":"","短期補習班類別":"文理類","地址":"嘉義市健康十街226號(1-2樓)","立案時間":"2004-06-28","各地短期補習班數量":"286"},{"地區縣市":"嘉義市政府","短期補習班名稱":"嘉義市私立聖恩文理短期補習班","主管機關文件單位代碼":"b106","電子郵件":"","短期補習班類別":"外語類","地址":"600023嘉義市西區新民路619號(1-2樓)","立案時間":"1987-06-15","各地短期補習班數量":"286"},{"地區縣市":"嘉義市政府","短期補習班名稱":"嘉義市私立崇揚文理短期補習班","主管機關文件單位代碼":"","電子郵件":"kidcastle052277676@yahoo.com.tw","短期補習班類別":"文理類","地址":"600009嘉義市東區垂楊路316號2樓之2","立案時間":"2019-07-08","各地短期補習班數量":"286"},{"地區縣市":"嘉義市政府","短期補習班名稱":"嘉義市私立尚學文理短期補習班","主管機關文件單位代碼":"","電子郵件":"jerrylu194@gmail.com","短期補習班類別":"文理類","地址":"嘉義市西區友愛路196號(1-2樓)","立案時間":"2020-12-22","各地短期補習班數量":"286"},{"地區縣市":"嘉義市政府","短期補習班名稱":"嘉義市私立ABC文理短期補習班","主管機關文件單位代碼":"b166","電子郵件":"abc.kidschool@gmail.com","短期補習班類別":"外語類","地址":"600047嘉義市東區大雅路二段416號(2-3樓)","立案時間":"1999-12-10","各地短期補習班數量":"286"},{"地區縣市":"嘉義市政府","短期補習班名稱":"嘉義市私立展將文理技藝短期補習班","主管機關文件單位代碼":"","電子郵件":"","短期補習班類別":"文理類","地址":"嘉義市東區延平街36號1-2樓","立案時間":"2023-10-30","各地短期補習班數量":"286"},{"地區縣市":"嘉義市政府","短期補習班名稱":"財團法人功學社學術獎助基金會附設嘉義市私立仁愛技藝短期補習班","主管機關文件單位代碼":"","電子郵件":"qcc1@khsmusic.com","短期補習班類別":"音樂、舞蹈類","地址":"嘉義市西區仁愛路371號(1-4樓)","立案時間":"2008-05-05","各地短期補習班數量":"286"},{"地區縣市":"嘉義市政府","短期補習班名稱":"嘉義市私立溫揚文理短期補習班","主管機關文件單位代碼":"","電子郵件":"s91320037@gmail.com","短期補習班類別":"文理類","地址":"600061嘉義市東區博東路119號(1-2樓)","立案時間":"2013-05-01","各地短期補習班數量":"286"},{"地區縣市":"嘉義市政府","短期補習班名稱":"嘉義市私立雲朵貓頭英文理技藝短期補習班","主管機關文件單位代碼":"","電子郵件":"owlenglish.chiayi@gmail.com","短期補習班類別":"文理類","地址":"嘉義市東區民權路22號(1樓)","立案時間":"2020-11-20","各地短期補習班數量":"286"},{"地區縣市":"嘉義市政府","短期補習班名稱":"嘉義市私立奧林匹克文理短期補習班","主管機關文件單位代碼":"","電子郵件":"hs9966@gmail.com","短期補習班類別":"文理類","地址":"嘉義市東區新生路283號2樓2","立案時間":"2003-03-18","各地短期補習班數量":"286"},{"地區縣市":"嘉義市政府","短期補習班名稱":"嘉義市私立歐森文理短期補習班","主管機關文件單位代碼":"","電子郵件":"0923awesome@gmail.com","短期補習班類別":"文理類","地址":"600059嘉義市東區東義路13之1號1至2樓","立案時間":"2014-01-08","各地短期補習班數量":"286"},{"地區縣市":"嘉義市政府","短期補習班名稱":"嘉義市私立恬屋瑜伽技藝短期補習班","主管機關文件單位代碼":"","電子郵件":"ivytwyoga@yahoo.com.tw","短期補習班類別":"瑜珈類","地址":"600030嘉義市西區興業西路139號4樓1","立案時間":"1998-09-21","各地短期補習班數量":"286"},{"地區縣市":"嘉義市政府","短期補習班名稱":"嘉義市私立聯合文理短期補習班","主管機關文件單位代碼":"a157","電子郵件":"","短期補習班類別":"文理類","地址":"600009嘉義市東區垂楊路45號5樓","立案時間":"1999-11-01","各地短期補習班數量":"286"},{"地區縣市":"嘉義市政府","短期補習班名稱":"嘉義市私立莉莉文理短期補習班","主管機關文件單位代碼":"","電子郵件":"","短期補習班類別":"文理類","地址":"嘉義市東區嘉北街12巷1號(1-2樓)","立案時間":"2010-01-05","各地短期補習班數量":"286"},{"地區縣市":"嘉義市政府","短期補習班名稱":"嘉義市私立多易文理短期補習班","主管機關文件單位代碼":"","電子郵件":"vovo8227a@gmail.com","短期補習班類別":"文理類","地址":"嘉義市東區嘉北街56號(1-2樓)","立案時間":"2022-08-05","各地短期補習班數量":"286"},{"地區縣市":"嘉義市政府","短期補習班名稱":"嘉義市私立世界文理短期補習班","主管機關文件單位代碼":"b104","電子郵件":"","短期補習班類別":"外語類","地址":"嘉義市東區民國路219號(1-3樓)","立案時間":"1985-06-14","各地短期補習班數量":"286"},{"地區縣市":"嘉義市政府","短期補習班名稱":"嘉義市私立邁兒文理短期補習班","主管機關文件單位代碼":"","電子郵件":"livlivliv9@gmail.com","短期補習班類別":"文理類","地址":"嘉義市東區公明路160號(2樓)","立案時間":"2023-09-05","各地短期補習班數量":"286"},{"地區縣市":"嘉義市政府","短期補習班名稱":"嘉義市私立怡文文理短期補習班","主管機關文件單位代碼":"","電子郵件":"thekoachswife@hotmail.com","短期補習班類別":"外語類","地址":"嘉義市東區公明路174號(2樓)","立案時間":"2009-09-14","各地短期補習班數量":"286"},{"地區縣市":"嘉義市政府","短期補習班名稱":"嘉義市東區私立艾爾文理短期補習班","主管機關文件單位代碼":"","電子郵件":"","短期補習班類別":"文理類","地址":"嘉義市東區興安里環興街95號(1-2樓)","立案時間":"2019-07-12","各地短期補習班數量":"286"},{"地區縣市":"嘉義市政府","短期補習班名稱":"嘉義市私立嘉育達文理短期補習班","主管機關文件單位代碼":"a166","電子郵件":"visionj1@twowin.com.tw","短期補習班類別":"文理類","地址":"600003嘉義市西門街165號(1-5樓)","立案時間":"2000-10-03","各地短期補習班數量":"286"},{"地區縣市":"嘉義市政府","短期補習班名稱":"嘉義市私立宥森文理短期補習班","主管機關文件單位代碼":"","電子郵件":"mimi787858@gmail.com","短期補習班類別":"文理類","地址":"嘉義市東區延平街153號(1-3樓)","立案時間":"2023-08-28","各地短期補習班數量":"286"},{"地區縣市":"嘉義市政府","短期補習班名稱":"嘉義市私立牧羊文理技藝短期補習班","主管機關文件單位代碼":"","電子郵件":"1111@gmail.com","短期補習班類別":"文理類","地址":"嘉義市東區嘉北街66巷7號(1樓)","立案時間":"2014-11-28","各地短期補習班數量":"286"},{"地區縣市":"嘉義市政府","短期補習班名稱":"嘉義市私立優佳文理短期補習班","主管機關文件單位代碼":"","電子郵件":"mosanasacp@gmail.com","短期補習班類別":"文理類","地址":"嘉義市西區德安路37號(1-3樓)、德安路39號(1-2樓)","立案時間":"2003-09-09","各地短期補習班數量":"286"},{"地區縣市":"嘉義市政府","短期補習班名稱":"嘉義市私立育安文理短期補習班","主管機關文件單位代碼":"","電子郵件":"yuan123456789168@yahoo.com.tw","短期補習班類別":"文理類","地址":"嘉義市東區興安街20之1號(1-2樓)","立案時間":"2006-09-20","各地短期補習班數量":"286"},{"地區縣市":"嘉義市政府","短期補習班名稱":"嘉義市私立邱睿文理短期補習班","主管機關文件單位代碼":"","電子郵件":"yutso7463@gmail.com","短期補習班類別":"文理類","地址":"嘉義市西區徐州六街62號(1-3樓)","立案時間":"2023-05-19","各地短期補習班數量":"286"},{"地區縣市":"嘉義市政府","短期補習班名稱":"嘉義市私立佩珞拉技藝短期補習班","主管機關文件單位代碼":"","電子郵件":"peichenleo@yahoo.com.tw","短期補習班類別":"美容、美髮理髮類","地址":"嘉義市西區民安里9鄰蘭井街358號1樓","立案時間":"2011-02-22","各地短期補習班數量":"286"},{"地區縣市":"嘉義市政府","短期補習班名稱":"嘉義市私立立德文理短期補習班","主管機關文件單位代碼":"","電子郵件":"schenghan@yahoo.com","短期補習班類別":"外語類","地址":"嘉義市西區自強街481號(1樓)","立案時間":"2008-12-12","各地短期補習班數量":"286"},{"地區縣市":"嘉義市政府","短期補習班名稱":"嘉義市私立駿驊文理短期補習班","主管機關文件單位代碼":"k103","電子郵件":"kiwi2356595@hotmail.com","短期補習班類別":"文理類","地址":"嘉義市西區溫州一街97號(1-3樓)","立案時間":"2002-05-28","各地短期補習班數量":"286"},{"地區縣市":"嘉義市政府","短期補習班名稱":"嘉義市私立韓勝數學文理短期補習班","主管機關文件單位代碼":"","電子郵件":"golddia0306@gmail.com","短期補習班類別":"文理類","地址":"嘉義市西區垂楊路365號4樓、5樓","立案時間":"2020-01-21","各地短期補習班數量":"286"},{"地區縣市":"嘉義市政府","短期補習班名稱":"嘉義市私立耕讀文理短期補習班","主管機關文件單位代碼":"","電子郵件":"sawk3233@gmail.com","短期補習班類別":"文理類","地址":"嘉義市東區蘭井街23號(1樓)","立案時間":"2015-09-17","各地短期補習班數量":"286"},{"地區縣市":"嘉義市政府","短期補習班名稱":"嘉義市私立愛兒彌文理短期補習班","主管機關文件單位代碼":"","電子郵件":"","短期補習班類別":"文理類","地址":"600059嘉義市東區義教東路52號1樓","立案時間":"2006-01-19","各地短期補習班數量":"286"},{"地區縣市":"嘉義市政府","短期補習班名稱":"嘉義市私立杰德文理短期補習班","主管機關文件單位代碼":"","電子郵件":"jadeenglish2012@gmail.com","短期補習班類別":"文理類","地址":"600011嘉義市東區中山里18鄰維新路112號(1-4樓)","立案時間":"2011-03-16","各地短期補習班數量":"286"},{"地區縣市":"嘉義市政府","短期補習班名稱":"嘉義市私立非凡文理短期補習班","主管機關文件單位代碼":"","電子郵件":"gs62170@gmail.com","短期補習班類別":"文理類","地址":"600083嘉義市西區國安三街30號(1-4樓)","立案時間":"2012-08-14","各地短期補習班數量":"286"},{"地區縣市":"嘉義市政府","短期補習班名稱":"嘉義市私立學吧文理技藝短期補習班","主管機關文件單位代碼":"","電子郵件":"kplearning379@gmail.com","短期補習班類別":"外語類","地址":"嘉義市世賢路一段664號(1-2樓)","立案時間":"2023-06-09","各地短期補習班數量":"286"},{"地區縣市":"嘉義市政府","短期補習班名稱":"嘉義市私立巴洛克技藝文理短期補習班","主管機關文件單位代碼":"","電子郵件":"cyc610720@yahoo.com.tw","短期補習班類別":"外語類","地址":"嘉義市西區龍江街144號(1-4樓)","立案時間":"2006-04-27","各地短期補習班數量":"286"},{"地區縣市":"嘉義市政府","短期補習班名稱":"大東海國際書局有限公司附設嘉義市私立大東海文理短期補習班","主管機關文件單位代碼":"c102","電子郵件":"qq7008836@gmail.com","短期補習班類別":"法政類","地址":"嘉義市西區林森西路560號(1-3樓)","立案時間":"1999-08-17","各地短期補習班數量":"286"},{"地區縣市":"嘉義市政府","短期補習班名稱":"嘉義市私立春蓉技藝短期補習班","主管機關文件單位代碼":"i101","電子郵件":"rutingdance@gmail.com","短期補習班類別":"音樂、舞蹈類","地址":"600036嘉義市東區吳鳳南路60號(1樓)","立案時間":"1972-11-01","各地短期補習班數量":"286"},{"地區縣市":"嘉義市政府","短期補習班名稱":"嘉義市私立藍海文理短期補習班","主管機關文件單位代碼":"","電子郵件":"ruby.lu2118@gmail.com","短期補習班類別":"文理類","地址":"嘉義市西區國安三街20號(1-3樓)、國安三街24號(1-4樓)","立案時間":"2013-10-25","各地短期補習班數量":"286"},{"地區縣市":"嘉義市政府","短期補習班名稱":"譜卡文化事業有限公司附設嘉義市私立民權技藝短期補習班","主管機關文件單位代碼":"","電子郵件":"feiyueh@mail.jpg.org.tw","短期補習班類別":"音樂、舞蹈類","地址":"嘉義市民權路396號3樓","立案時間":"2012-08-21","各地短期補習班數量":"286"},{"地區縣市":"嘉義市政府","短期補習班名稱":"嘉義市私立楊立奧林匹克文理短期補習班","主管機關文件單位代碼":"","電子郵件":"a2770646@gmail.com","短期補習班類別":"文理類","地址":"600009嘉義市東區垂楊路111號3樓","立案時間":"2011-09-23","各地短期補習班數量":"286"},{"地區縣市":"嘉義市政府","短期補習班名稱":"嘉義市私立達爾文文理短期補習班","主管機關文件單位代碼":"a109","電子郵件":"wenbao0528@gmail.com","短期補習班類別":"文理類","地址":"嘉義市東區成仁街58號1樓、東區延平街156之3號3樓","立案時間":"1993-06-25","各地短期補習班數量":"286"},{"地區縣市":"嘉義市政府","短期補習班名稱":"嘉義市私立楓葉文理短期補習班","主管機關文件單位代碼":"","電子郵件":"chenhui37@hotmail.com","短期補習班類別":"文理類","地址":"600063嘉義市東區嘉北街66巷47號(1-2樓)","立案時間":"2016-04-27","各地短期補習班數量":"286"},{"地區縣市":"嘉義市政府","短期補習班名稱":"嘉義市私立顧德文理短期補習班","主管機關文件單位代碼":"a169","電子郵件":"good2337377@gmail.com","短期補習班類別":"文理類","地址":"600075嘉義市西區德陽街35號(1-3樓);600084嘉義市德安路17之1號(2-3樓)","立案時間":"2000-12-02","各地短期補習班數量":"286"},{"地區縣市":"嘉義市政府","短期補習班名稱":"嘉義市私立和星文理短期補習班","主管機關文件單位代碼":"","電子郵件":"gogozhong@yahoo.com.tw","短期補習班類別":"文理類","地址":"嘉義市東區溪興街153巷28號(1-2樓)","立案時間":"2022-08-02","各地短期補習班數量":"286"},{"地區縣市":"嘉義市政府","短期補習班名稱":"嘉義市私立君唐文理短期補習班","主管機關文件單位代碼":"","電子郵件":"melissa2310513@yahoo.com.tw","短期補習班類別":"文理類","地址":"嘉義市西區保安里國安三街28號(1-3樓)","立案時間":"2006-05-03","各地短期補習班數量":"286"},{"地區縣市":"嘉義市政府","短期補習班名稱":"嘉義市私立童心園文理短期補習班","主管機關文件單位代碼":"","電子郵件":"ncyu_anna@yahoo.com.tw","短期補習班類別":"文理類","地址":"嘉義市西區成功街12號(1-2樓)","立案時間":"2007-12-06","各地短期補習班數量":"286"},{"地區縣市":"嘉義市政府","短期補習班名稱":"嘉義市私立教之道文理短期補習班","主管機關文件單位代碼":"b175","電子郵件":"ttnobosibn@gmail.com","短期補習班類別":"文理類","地址":"嘉義市西區遠東街126號(1-4樓)、128號(4樓)","立案時間":"2000-05-23","各地短期補習班數量":"286"},{"地區縣市":"嘉義市政府","短期補習班名稱":"學習樹文理教育有限公司附設嘉義市私立iEA文理短期補習班","主管機關文件單位代碼":"","電子郵件":"iea.chiayi@gmail.com","短期補習班類別":"外語類","地址":"600040嘉義市東區彌陀路298號(1樓)","立案時間":"2018-08-27","各地短期補習班數量":"286"},{"地區縣市":"嘉義市政府","短期補習班名稱":"嘉義市私立維尼熊文理技藝短期補習班","主管機關文件單位代碼":"","電子郵件":"me96tw@yahoo.com.tw","短期補習班類別":"文理類","地址":"嘉義市西區興業西路94-2號(1-2樓)","立案時間":"2006-04-06","各地短期補習班數量":"286"},{"地區縣市":"嘉義市政府","短期補習班名稱":"嘉義市私立李麥克技藝短期補習班","主管機關文件單位代碼":"","電子郵件":"Michaeljump90@yahoo.com.tw","短期補習班類別":"美術、書法、攝影、美工設計、圍棋類","地址":"嘉義市東區華南里維新路32號1樓","立案時間":"2023-02-24","各地短期補習班數量":"286"},{"地區縣市":"嘉義市政府","短期補習班名稱":"嘉義市私立仕程文理短期補習班","主管機關文件單位代碼":"","電子郵件":"q198012@gmail.com","短期補習班類別":"文理類","地址":"嘉義市東區維新路188號(1-2樓)","立案時間":"2006-09-20","各地短期補習班數量":"286"},{"地區縣市":"嘉義市政府","短期補習班名稱":"嘉義市私立新奧林匹克文理短期補習班","主管機關文件單位代碼":"","電子郵件":"","短期補習班類別":"文理類","地址":"600057嘉義市西區友忠路1007號(1樓)、1009號(1-2樓)","立案時間":"2004-12-15","各地短期補習班數量":"286"},{"地區縣市":"嘉義市政府","短期補習班名稱":"嘉義市私立特神文理短期補習班","主管機關文件單位代碼":"","電子郵件":"a0921212212@gmail.com","短期補習班類別":"文理類","地址":"嘉義市西區玉山路210號(1-2樓)","立案時間":"2016-02-01","各地短期補習班數量":"286"},{"地區縣市":"嘉義市政府","短期補習班名稱":"嘉義市私立佳典文理短期補習班","主管機關文件單位代碼":"","電子郵件":"carol399@yahoo.com.tw","短期補習班類別":"文理類","地址":"嘉義市西區中興路436號(1-2樓)","立案時間":"2009-10-26","各地短期補習班數量":"286"},{"地區縣市":"嘉義市政府","短期補習班名稱":"嘉義市西區私立得分王文理短期補習班","主管機關文件單位代碼":"","電子郵件":"a0931774923@gmail.com","短期補習班類別":"外語類","地址":"600083嘉義市西區國安三街19號(1-2樓)","立案時間":"2009-06-01","各地短期補習班數量":"286"},{"地區縣市":"嘉義市政府","短期補習班名稱":"嘉義市私立晨菓教室文理短期補習班","主管機關文件單位代碼":"","電子郵件":"chenkuoclassroom@gmail.com","短期補習班類別":"文理類","地址":"600084嘉義市西區德安路47號(1-2樓)","立案時間":"2018-03-14","各地短期補習班數量":"286"},{"地區縣市":"嘉義市政府","短期補習班名稱":"嘉義市私立樂學文理短期補習班","主管機關文件單位代碼":"","電子郵件":"ahsuan53@yahoo.com.tw","短期補習班類別":"文理類","地址":"嘉義市東區維和街34號(1樓)","立案時間":"2016-04-11","各地短期補習班數量":"286"},{"地區縣市":"嘉義市政府","短期補習班名稱":"嘉義市私立正德文理短期補習班","主管機關文件單位代碼":"","電子郵件":"","短期補習班類別":"文理類","地址":"嘉義市東區林森東路760號(1-3樓)","立案時間":"2006-05-02","各地短期補習班數量":"286"},{"地區縣市":"嘉義市政府","短期補習班名稱":"嘉義市私立高瞻文理短期補習班","主管機關文件單位代碼":"b110","電子郵件":"nsec05@yahoo.com.tw","短期補習班類別":"文理類","地址":"600052嘉義市忠孝路568之2號","立案時間":"1993-02-18","各地短期補習班數量":"286"},{"地區縣市":"嘉義市政府","短期補習班名稱":"地球村出版有限公司附設嘉義市私立環球地球村文理短期補習班","主管機關文件單位代碼":"","電子郵件":"gvoedu888@gmail.com","短期補習班類別":"外語類","地址":"嘉義市西區中山路577號(3至4樓)","立案時間":"2008-12-31","各地短期補習班數量":"286"},{"地區縣市":"嘉義市政府","短期補習班名稱":"李揚教育股份有限公司附設嘉義市私立識學文理短期補習班","主管機關文件單位代碼":"","電子郵件":"ly2283990@yahoo.com.tw","短期補習班類別":"文理類","地址":"600003嘉義市西區延平街448號10樓之1、之2","立案時間":"2011-03-29","各地短期補習班數量":"286"},{"地區縣市":"嘉義市政府","短期補習班名稱":"嘉義市私立研究生文理短期補習班","主管機關文件單位代碼":"","電子郵件":"Candy590919@yahoo.com.tw","短期補習班類別":"外語類","地址":"嘉義市西區永利二街26號2樓","立案時間":"2009-06-17","各地短期補習班數量":"286"},{"地區縣市":"嘉義市政府","短期補習班名稱":"嘉義市私立貝斯特文理短期補習班","主管機關文件單位代碼":"","電子郵件":"best571479@yahoo.com.tw","短期補習班類別":"外語類","地址":"600063嘉義市東區嘉北街66巷8號(1-2樓)、60號(1樓)","立案時間":"2005-01-03","各地短期補習班數量":"286"},{"地區縣市":"嘉義市政府","短期補習班名稱":"嘉義市私立三元及第文理短期補習班","主管機關文件單位代碼":"","電子郵件":"5203dollars@gmail.com","短期補習班類別":"文理類","地址":"600嘉義市西區蘭井街465號4樓之1","立案時間":"2005-05-19","各地短期補習班數量":"286"},{"地區縣市":"嘉義市政府","短期補習班名稱":"嘉義市私立彧庭文理技藝短期補習班","主管機關文件單位代碼":"k119","電子郵件":"kweiwen2010@gmail.com","短期補習班類別":"文理類","地址":"嘉義市東區吳鳳南路116號(1-2樓)","立案時間":"2002-01-22","各地短期補習班數量":"286"},{"地區縣市":"嘉義市政府","短期補習班名稱":"嘉義市私立中美技藝短期補習班","主管機關文件單位代碼":"h101","電子郵件":"yang120385222@yahoo.com.tw","短期補習班類別":"美容、美髮理髮類","地址":"嘉義市東區中山路172號","立案時間":"1957-06-01","各地短期補習班數量":"286"},{"地區縣市":"嘉義市政府","短期補習班名稱":"嘉義市私立格瑞特文理短期補習班","主管機關文件單位代碼":"","電子郵件":"best571479@yahoo.com.tw","短期補習班類別":"文理類","地址":"嘉義市東區嘉北街66巷6號、10號","立案時間":"2022-08-18","各地短期補習班數量":"286"},{"地區縣市":"嘉義市政府","短期補習班名稱":"嘉義市私立大能力文理短期補習班","主管機關文件單位代碼":"","電子郵件":"enjoy2769@gmail.com","短期補習班類別":"外語類","地址":"600030嘉義市西區仁愛路142號(2樓),600030仁愛路61號(1樓)","立案時間":"2011-03-08","各地短期補習班數量":"286"},{"地區縣市":"嘉義市政府","短期補習班名稱":"嘉義市私立鷹堡文理短期補習班","主管機關文件單位代碼":"","電子郵件":"","短期補習班類別":"外語類","地址":"600027嘉義市西區重慶路72號(1-2樓)","立案時間":"2002-04-15","各地短期補習班數量":"286"},{"地區縣市":"嘉義市政府","短期補習班名稱":"嘉義市私立群毅文理短期補習班","主管機關文件單位代碼":"","電子郵件":"chunyiwenli@gmail.com","短期補習班類別":"文理類","地址":"600063嘉義市東區嘉北街12巷15號(1-2樓)","立案時間":"2014-05-26","各地短期補習班數量":"286"},{"地區縣市":"嘉義市政府","短期補習班名稱":"嘉義市私立詮閎文理短期補習班","主管機關文件單位代碼":"","電子郵件":"joane6767@gmail.com","短期補習班類別":"文理類","地址":"600082嘉義市西區四維路68號(1樓)","立案時間":"2018-07-31","各地短期補習班數量":"286"},{"地區縣市":"嘉義市政府","短期補習班名稱":"嘉義市私立好好文理短期補習班","主管機關文件單位代碼":"","電子郵件":"zoelove1124@gmail.com","短期補習班類別":"文理類","地址":"嘉義市東區興中街6-2號(1-4樓)","立案時間":"2022-08-23","各地短期補習班數量":"286"},{"地區縣市":"嘉義市政府","短期補習班名稱":"嘉義市私立雯翔技藝短期補習班","主管機關文件單位代碼":"i103","電子郵件":"yuwen2223063@gmail.com","短期補習班類別":"音樂、舞蹈類","地址":"嘉義市東區體育路29號之一(3樓)","立案時間":"1986-11-11","各地短期補習班數量":"286"},{"地區縣市":"嘉義市政府","短期補習班名稱":"嘉義市私立艾向英語文理短期補習班","主管機關文件單位代碼":"","電子郵件":"","短期補習班類別":"文理類","地址":"嘉義市西區友愛路1001號(1-4樓)","立案時間":"2022-06-24","各地短期補習班數量":"286"},{"地區縣市":"嘉義市政府","短期補習班名稱":"嘉義市私立學思園文理短期補習班","主管機關文件單位代碼":"","電子郵件":"","短期補習班類別":"文理類","地址":"嘉義市西區南京路398號(3-5樓)","立案時間":"2010-01-07","各地短期補習班數量":"286"},{"地區縣市":"嘉義市政府","短期補習班名稱":"嘉義市私立心教育文理短期補習班","主管機關文件單位代碼":"","電子郵件":"xjy2288698@gmail.com","短期補習班類別":"文理類","地址":"600001嘉義市西區垂楊路400號4樓1","立案時間":"2022-03-15","各地短期補習班數量":"286"},{"地區縣市":"嘉義市政府","短期補習班名稱":"嘉義市私立磐石文理短期補習班","主管機關文件單位代碼":"","電子郵件":"","短期補習班類別":"文理類","地址":"嘉義市西區中正路692號(1樓)","立案時間":"2021-11-25","各地短期補習班數量":"286"},{"地區縣市":"嘉義市政府","短期補習班名稱":"嘉義市私立Fun學趣文理短期補習班","主管機關文件單位代碼":"","電子郵件":"","短期補習班類別":"文理類","地址":"600030嘉義市西區興業西路53號(1樓)","立案時間":"2022-01-14","各地短期補習班數量":"286"},{"地區縣市":"嘉義市政府","短期補習班名稱":"中國青年救國團附設嘉義市私立忠孝文理技藝短期補習班","主管機關文件單位代碼":"b131","電子郵件":"cyctc@cyc.tw","短期補習班類別":"外語類","地址":"嘉義市東區忠孝路307號(2樓)","立案時間":"1997-04-03","各地短期補習班數量":"286"},{"地區縣市":"嘉義市政府","短期補習班名稱":"嘉義市私立自然數文理短期補習班","主管機關文件單位代碼":"","電子郵件":"","短期補習班類別":"文理類","地址":"嘉義市西區垂楊路400號5樓1","立案時間":"2022-08-02","各地短期補習班數量":"286"},{"地區縣市":"嘉義市政府","短期補習班名稱":"嘉義市私立小小洋技藝文理短期補習班","主管機關文件單位代碼":"","電子郵件":"miniocean.studio@gmail.com","短期補習班類別":"文理類","地址":"嘉義市西區友愛路592號(1-2樓)","立案時間":"2022-07-14","各地短期補習班數量":"286"},{"地區縣市":"嘉義市政府","短期補習班名稱":"嘉義市私立育昇文理短期補習班","主管機關文件單位代碼":"","電子郵件":"","短期補習班類別":"文理類","地址":"嘉義市西區中興路295號(1-2樓)","立案時間":"2021-10-14","各地短期補習班數量":"286"},{"地區縣市":"嘉義市政府","短期補習班名稱":"嘉義市私立學程文理短期補習班","主管機關文件單位代碼":"","電子郵件":"","短期補習班類別":"文理類","地址":"600041嘉義市東區小雅路515號1-2樓","立案時間":"2020-01-20","各地短期補習班數量":"286"},{"地區縣市":"嘉義市政府","短期補習班名稱":"嘉義市私立嘉仁文理技藝短期補習班","主管機關文件單位代碼":"b184","電子郵件":"hs2117@hess.com.tw","短期補習班類別":"文理類","地址":"嘉義市東區垂楊路276號(1-4樓)","立案時間":"2001-04-03","各地短期補習班數量":"286"},{"地區縣市":"嘉義市政府","短期補習班名稱":"嘉義市私立全方位文理短期補習班","主管機關文件單位代碼":"","電子郵件":"0201joanna@gmail.com","短期補習班類別":"文理類","地址":"嘉義市東區吳鳳南路481號(1-2樓)、483號(1-2樓)","立案時間":"2005-06-10","各地短期補習班數量":"286"},{"地區縣市":"嘉義市政府","短期補習班名稱":"嘉義市私立丁丁技藝短期補習班","主管機關文件單位代碼":"","電子郵件":"","短期補習班類別":"音樂、舞蹈類","地址":"嘉義市西區保安二路31號(1-2樓)","立案時間":"2013-07-19","各地短期補習班數量":"286"},{"地區縣市":"嘉義市政府","短期補習班名稱":"嘉義市私立宇宙文理技藝短期補習班","主管機關文件單位代碼":"","電子郵件":"chu.micky@gmail.com","短期補習班類別":"文理類","地址":"嘉義市西區友愛路999號(1-4樓)","立案時間":"2010-12-14","各地短期補習班數量":"286"},{"地區縣市":"嘉義市政府","短期補習班名稱":"嘉義市私立弘群文理短期補習班","主管機關文件單位代碼":"a110","電子郵件":"honchun.edu@msa.hinet.net","短期補習班類別":"文理類","地址":"嘉義市東區中山路285之1號4樓之1、8樓之3、8樓之4","立案時間":"1993-07-30","各地短期補習班數量":"286"},{"地區縣市":"嘉義市政府","短期補習班名稱":"嘉義市私立川升文理短期補習班","主管機關文件單位代碼":"","電子郵件":"hakhuang@gmail.com","短期補習班類別":"文理類","地址":"600022嘉義市西區永安街341號(1-2樓)","立案時間":"2006-06-01","各地短期補習班數量":"286"},{"地區縣市":"嘉義市政府","短期補習班名稱":"嘉義市私立翰林學院文理短期補習班","主管機關文件單位代碼":"","電子郵件":"ld600120@yahoo.com.tw","短期補習班類別":"文理類","地址":"600027嘉義市西區重慶路78號(1-4樓)","立案時間":"2013-11-15","各地短期補習班數量":"286"},{"地區縣市":"嘉義市政府","短期補習班名稱":"嘉義市私立高人心算短期補習班","主管機關文件單位代碼":"k106","電子郵件":"","短期補習班類別":"商類：珠算、心算、會計","地址":"嘉義市西區友愛路825號2樓","立案時間":"1997-08-29","各地短期補習班數量":"286"},{"地區縣市":"嘉義市政府","短期補習班名稱":"嘉義市私立威廉文理短期補習班","主管機關文件單位代碼":"a188","電子郵件":"","短期補習班類別":"文理類","地址":"嘉義市西區新建街127號(1-4樓)","立案時間":"2002-01-22","各地短期補習班數量":"286"},{"地區縣市":"嘉義市政府","短期補習班名稱":"嘉義市私立佳登文理短期補習班","主管機關文件單位代碼":"","電子郵件":"","短期補習班類別":"文理類","地址":"嘉義市西區自由路250號(1-4樓)","立案時間":"2002-09-05","各地短期補習班數量":"286"},{"地區縣市":"嘉義市政府","短期補習班名稱":"嘉義市私立森威文理短期補習班","主管機關文件單位代碼":"","電子郵件":"sunwaymultiedu@gmail.com","短期補習班類別":"文理類","地址":"嘉義市西區南京路439號(1-2樓)","立案時間":"2015-07-21","各地短期補習班數量":"286"},{"地區縣市":"嘉義市政府","短期補習班名稱":"高點教育科技股份有限公司附設嘉義市私立高點文理短期補習班","主管機關文件單位代碼":"","電子郵件":"yiyi0411@mail.get.com.tw","短期補習班類別":"文理類","地址":"600001嘉義市東區垂楊路400號7樓之1、7樓之2","立案時間":"2012-10-09","各地短期補習班數量":"286"},{"地區縣市":"嘉義市政府","短期補習班名稱":"嘉義市私立昊漢文理短期補習班","主管機關文件單位代碼":"","電子郵件":"peter0072@hotmail.com","短期補習班類別":"文理類","地址":"嘉義市東區重慶路74號5樓","立案時間":"2004-08-11","各地短期補習班數量":"286"},{"地區縣市":"嘉義市政府","短期補習班名稱":"嘉義市私立大展文理短期補習班","主管機關文件單位代碼":"","電子郵件":"","短期補習班類別":"文理類","地址":"600059嘉義市東區東義路13號(1-2樓)","立案時間":"2014-04-28","各地短期補習班數量":"286"},{"地區縣市":"嘉義市政府","短期補習班名稱":"嘉義市私立儒林文理短期補習班","主管機關文件單位代碼":"","電子郵件":"","短期補習班類別":"文理類","地址":"600003嘉義市東區延平街448號11樓之1、2","立案時間":"2005-06-07","各地短期補習班數量":"286"},{"地區縣市":"嘉義市政府","短期補習班名稱":"嘉義市私立喜樂文理短期補習班","主管機關文件單位代碼":"","電子郵件":"sandra2029@hotmail.com","短期補習班類別":"文理類","地址":"600082嘉義市西區德明路53號(1-2樓)","立案時間":"2019-09-07","各地短期補習班數量":"286"},{"地區縣市":"嘉義市政府","短期補習班名稱":"嘉義市私立華鼎天下文理短期補習班","主管機關文件單位代碼":"b102","電子郵件":"","短期補習班類別":"文理類","地址":"600012嘉義市東區成仁街17號","立案時間":"1983-09-19","各地短期補習班數量":"286"},{"地區縣市":"嘉義市政府","短期補習班名稱":"嘉義市私立金鳳凰文理短期補習班","主管機關文件單位代碼":"","電子郵件":"gphoenix58@yahoo.com","短期補習班類別":"文理類","地址":"嘉義市東區忠孝路346巷58號1-2樓","立案時間":"2019-10-17","各地短期補習班數量":"286"},{"地區縣市":"嘉義市政府","短期補習班名稱":"嘉義市私立志達文理短期補習班","主管機關文件單位代碼":"","電子郵件":"","短期補習班類別":"文理類","地址":"600030嘉義市西區廣州街213號(1-3樓)","立案時間":"2006-04-06","各地短期補習班數量":"286"},{"地區縣市":"嘉義市政府","短期補習班名稱":"嘉義市私立新古典技藝短期補習班 ","主管機關文件單位代碼":"","電子郵件":"chuan5826@yahoo.com.tw","短期補習班類別":"音樂、舞蹈類","地址":"嘉義市東區立仁路50號(1-2樓)","立案時間":"2007-09-17","各地短期補習班數量":"286"},{"地區縣市":"嘉義市政府","短期補習班名稱":"嘉義市私立無尾熊文理短期補習班","主管機關文件單位代碼":"","電子郵件":"","短期補習班類別":"文理類","地址":"600083嘉義市西區竹圍四路70號(1-3樓)","立案時間":"2021-09-17","各地短期補習班數量":"286"},{"地區縣市":"嘉義市政府","短期補習班名稱":"嘉義市私立勵自向上文理短期補習班","主管機關文件單位代碼":"","電子郵件":"sharah1127@gmail.com","短期補習班類別":"文理類","地址":"600031嘉義市西區徐州六街18號(1-2樓)","立案時間":"2012-06-05","各地短期補習班數量":"286"},{"地區縣市":"嘉義市政府","短期補習班名稱":"嘉義市私立達人文理短期補習班","主管機關文件單位代碼":"a135","電子郵件":"lighterlaura5485@yahoo.com.tw","短期補習班類別":"文理類","地址":"600057嘉義市西區龍江街134號(1-5樓)","立案時間":"1997-08-22","各地短期補習班數量":"286"},{"地區縣市":"嘉義市政府","短期補習班名稱":"嘉義市私立詠強文理短期補習班","主管機關文件單位代碼":"","電子郵件":"l27708133@yahoo.com.tw","短期補習班類別":"文理類","地址":"600083嘉義市西區竹圍里北鎮街129號(1-2樓)","立案時間":"2004-10-01","各地短期補習班數量":"286"},{"地區縣市":"嘉義市政府","短期補習班名稱":"嘉義市私立頂尖文理短期補習班","主管機關文件單位代碼":"","電子郵件":"","短期補習班類別":"外語類","地址":"嘉義市東區吳鳳南路573之2號(1-2樓)","立案時間":"2004-03-10","各地短期補習班數量":"286"},{"地區縣市":"嘉義市政府","短期補習班名稱":"嘉義市私立三民商業文理短期補習班","主管機關文件單位代碼":"","電子郵件":"enjoylife0800@gmail.com","短期補習班類別":"文理類","地址":"600004嘉義市西區蘭井街465號4樓2","立案時間":"2017-07-04","各地短期補習班數量":"286"},{"地區縣市":"嘉義市政府","短期補習班名稱":"嘉義市私立力新文理短期補習班","主管機關文件單位代碼":"","電子郵件":"","短期補習班類別":"文理類","地址":"600001嘉義市東區垂楊路400號5樓之2","立案時間":"2004-03-22","各地短期補習班數量":"286"},{"地區縣市":"嘉義市政府","短期補習班名稱":"嘉義市私立環境文理短期補習班","主管機關文件單位代碼":"","電子郵件":"cgf0108@yahoo.com","短期補習班類別":"文理類","地址":"600025嘉義市西區車店里蘭州三街98號(1-2樓)","立案時間":"2007-03-26","各地短期補習班數量":"286"},{"地區縣市":"嘉義市政府","短期補習班名稱":"嘉義市私立名揚文理短期補習班","主管機關文件單位代碼":"b142","電子郵件":"s2864930@gmail.com","短期補習班類別":"外語類","地址":"600030嘉義市西區民生南路254號","立案時間":"1998-01-02","各地短期補習班數量":"286"},{"地區縣市":"嘉義市政府","短期補習班名稱":"嘉義市私立童蓁技藝短期補習班","主管機關文件單位代碼":"","電子郵件":"tung2310515@yahoo.com.tw","短期補習班類別":"音樂、舞蹈類","地址":"600074嘉義市西區北安路110號(1-2樓)","立案時間":"2005-01-04","各地短期補習班數量":"286"},{"地區縣市":"嘉義市政府","短期補習班名稱":"嘉義市私立育群文理短期補習班","主管機關文件單位代碼":"","電子郵件":"","短期補習班類別":"文理類","地址":"600021嘉義市西區湖美一路1223號(1樓)","立案時間":"2008-04-23","各地短期補習班數量":"286"},{"地區縣市":"嘉義市政府","短期補習班名稱":"嘉義市私立賈伯斯數理教室文理技藝短期補習班","主管機關文件單位代碼":"","電子郵件":"hwjnctucsie92@gmail.com","短期補習班類別":"文理類","地址":"嘉義市東區康樂街10號(1-2樓)","立案時間":"2019-09-25","各地短期補習班數量":"286"},{"地區縣市":"嘉義市政府","短期補習班名稱":"嘉義市私立陽明文理短期補習班","主管機關文件單位代碼":"","電子郵件":"","短期補習班類別":"文理類","地址":"600009嘉義市東區垂楊路316號8樓","立案時間":"2002-08-12","各地短期補習班數量":"286"},{"地區縣市":"嘉義市政府","短期補習班名稱":"嘉義市私立中樺文理技藝短期補習班","主管機關文件單位代碼":"b107","電子郵件":"q2328889@yahoo.com.tw","短期補習班類別":"文理類","地址":"嘉義市西區國華新村215號","立案時間":"1990-03-30","各地短期補習班數量":"286"},{"地區縣市":"嘉義市政府","短期補習班名稱":"嘉義市私立奇鼎王文理短期補習班","主管機關文件單位代碼":"","電子郵件":"a0915057169@gmail.com","短期補習班類別":"文理類","地址":"600008嘉義市東區中山路213號(1-2樓)","立案時間":"2010-10-25","各地短期補習班數量":"286"},{"地區縣市":"嘉義市政府","短期補習班名稱":"嘉義市私立安堡文理短期補習班","主管機關文件單位代碼":"","電子郵件":"mannychang99@gmail.com","短期補習班類別":"文理類","地址":"嘉義市東區興業東路316號9樓1","立案時間":"2008-06-17","各地短期補習班數量":"286"},{"地區縣市":"嘉義市政府","短期補習班名稱":"嘉義市私立澄果文理短期補習班","主管機關文件單位代碼":"","電子郵件":"utopianenglish2018@gmail.com","短期補習班類別":"文理類","地址":"600003嘉義市西區民生北路6號2樓","立案時間":"2019-01-17","各地短期補習班數量":"286"},{"地區縣市":"嘉義市政府","短期補習班名稱":"嘉義市私立安仕文理技藝短期補習班","主管機關文件單位代碼":"a148","電子郵件":"imlemar@gmail.com","短期補習班類別":"文理類","地址":"嘉義市西區松江三街105號(2-3樓)","立案時間":"1998-10-15","各地短期補習班數量":"286"},{"地區縣市":"嘉義市政府","短期補習班名稱":"嘉義市私立和合文理短期補習班","主管機關文件單位代碼":"","電子郵件":"kcei5558@gmail.com","短期補習班類別":"外語類","地址":"600027嘉義市西區重慶路38號(1-2樓)","立案時間":"2006-06-20","各地短期補習班數量":"286"},{"地區縣市":"嘉義市政府","短期補習班名稱":"嘉義市私立翰林苑文理短期補習班","主管機關文件單位代碼":"","電子郵件":"uws.tw10@gmail.com","短期補習班類別":"文理類","地址":"600029嘉義市西區劉厝路132號(1-2樓)","立案時間":"2018-10-11","各地短期補習班數量":"286"},{"地區縣市":"嘉義市政府","短期補習班名稱":"嘉義市私立建成文理短期補習班","主管機關文件單位代碼":"","電子郵件":"poliang88811@kimo.com","短期補習班類別":"文理類","地址":"600058嘉義市西區北社尾路3號(1-2樓)","立案時間":"2004-12-01","各地短期補習班數量":"286"},{"地區縣市":"嘉義市政府","短期補習班名稱":"嘉義市私立首席創藝技藝短期補習班","主管機關文件單位代碼":"","電子郵件":"ashin730113@yahoo.com.tw","短期補習班類別":"音樂、舞蹈類","地址":"600001嘉義市西區國華街18之1號(1-2樓)","立案時間":"2012-05-22","各地短期補習班數量":"286"},{"地區縣市":"嘉義市政府","短期補習班名稱":"嘉義市私立超越美語短期補習班","主管機關文件單位代碼":"","電子郵件":"","短期補習班類別":"外語類","地址":"嘉義市西區國華街245號7樓之14","立案時間":"2010-02-08","各地短期補習班數量":"286"},{"地區縣市":"嘉義市政府","短期補習班名稱":"嘉義市私立必勝文理短期補習班","主管機關文件單位代碼":"","電子郵件":"","短期補習班類別":"文理類","地址":"600080嘉義市西區大同路32號(1-2樓)","立案時間":"2006-06-02","各地短期補習班數量":"286"},{"地區縣市":"嘉義市政府","短期補習班名稱":"嘉義市私立王牌捷葳文理短期補習班","主管機關文件單位代碼":"","電子郵件":"claudia0913@hotmail.com","短期補習班類別":"外語類","地址":"嘉義市東區嘉北街12巷60號(1樓)","立案時間":"2014-07-24","各地短期補習班數量":"286"},{"地區縣市":"嘉義市政府","短期補習班名稱":"嘉義市私立蓮心瑜珈技藝短期補習班","主管機關文件單位代碼":"","電子郵件":"yoga198198@yahoo.com.tw","短期補習班類別":"瑜珈類","地址":"嘉義市西區玉康路198號(1樓)","立案時間":"2021-09-27","各地短期補習班數量":"286"},{"地區縣市":"嘉義市政府","短期補習班名稱":"嘉義市私立穎達文理短期補習班","主管機關文件單位代碼":"a168","電子郵件":"chhu.ying@msa.hinet.net","短期補習班類別":"文理類","地址":"600032嘉義市西區溫州一街105號1、3樓","立案時間":"2000-11-06","各地短期補習班數量":"286"},{"地區縣市":"嘉義市政府","短期補習班名稱":"嘉義市私立響赫音樂技藝短期補習班","主管機關文件單位代碼":"","電子郵件":"loveguitar2002@msn.com","短期補習班類別":"音樂、舞蹈類","地址":"600063嘉義市東區嘉北街50號（1-2樓）","立案時間":"2015-06-24","各地短期補習班數量":"286"},{"地區縣市":"嘉義市政府","短期補習班名稱":"嘉義市私立快雪時晴文理短期補習班","主管機關文件單位代碼":"","電子郵件":"s919349@gmail.com","短期補習班類別":"文理類","地址":"600001嘉義市西區垂楊路365號3樓","立案時間":"2019-01-10","各地短期補習班數量":"286"},{"地區縣市":"嘉義市政府","短期補習班名稱":"嘉義市私立幼勝文理短期補習班","主管機關文件單位代碼":"","電子郵件":"topsinyi@yahoo\u0026amp;amp;amp;amp;amp;amp;amp;amp;gt;com\u0026amp;amp;amp;amp;amp;amp;amp;amp;gt;tw","短期補習班類別":"文理類","地址":"600025嘉義市西區武昌街70號(1-2樓)","立案時間":"2018-08-03","各地短期補習班數量":"286"},{"地區縣市":"嘉義市政府","短期補習班名稱":"嘉義市私立羅奇文理短期補習班","主管機關文件單位代碼":"","電子郵件":"","短期補習班類別":"文理類","地址":"600022嘉義市西區培元里新榮路95號(1-2樓)","立案時間":"2021-05-28","各地短期補習班數量":"286"},{"地區縣市":"嘉義市政府","短期補習班名稱":"嘉義市私立博士文理短期補習班","主管機關文件單位代碼":"","電子郵件":"yaotaohuang@yahoo.com.tw","短期補習班類別":"文理類","地址":"600014嘉義市東區新生路331號(1-2樓)","立案時間":"2010-07-29","各地短期補習班數量":"286"},{"地區縣市":"嘉義市政府","短期補習班名稱":"嘉義市私立得魚文理短期補習班","主管機關文件單位代碼":"","電子郵件":"","短期補習班類別":"文理類","地址":"600035嘉義市東區市宅街47-1號(1樓)","立案時間":"2021-05-28","各地短期補習班數量":"286"},{"地區縣市":"嘉義市政府","短期補習班名稱":"嘉義市私立曼斯特技藝短期補習班","主管機關文件單位代碼":"","電子郵件":"","短期補習班類別":"音樂、舞蹈類","地址":"600003嘉義市西區長榮街273之2號2樓","立案時間":"2015-09-30","各地短期補習班數量":"286"},{"地區縣市":"嘉義市政府","短期補習班名稱":"嘉義市私立卡儂技藝短期補習班","主管機關文件單位代碼":"","電子郵件":"maracten@gmail.com","短期補習班類別":"音樂、舞蹈類","地址":"600055嘉義市西區八德路208號(1-2樓)","立案時間":"2011-09-27","各地短期補習班數量":"286"},{"地區縣市":"嘉義市政府","短期補習班名稱":"嘉義市私立澔學文理短期補習班","主管機關文件單位代碼":"","電子郵件":"miki.0955539907@gmail.com","短期補習班類別":"文理類","地址":"600027嘉義市西區重慶路226號(1樓)","立案時間":"2021-07-21","各地短期補習班數量":"286"},{"地區縣市":"嘉義市政府","短期補習班名稱":"嘉義市私立亨竣文理短期補習班","主管機關文件單位代碼":"","電子郵件":"","短期補習班類別":"文理類","地址":"600043嘉義市東區環興街53號(1~2樓)","立案時間":"2021-05-28","各地短期補習班數量":"286"},{"地區縣市":"嘉義市政府","短期補習班名稱":"嘉義市私立文翰文理短期補習班","主管機關文件單位代碼":"c103","電子郵件":"","短期補習班類別":"法政類","地址":"嘉義市東區新生路631號(1-3樓)","立案時間":"2000-01-18","各地短期補習班數量":"286"},{"地區縣市":"嘉義市政府","短期補習班名稱":"嘉義市私立新園文理短期補習班","主管機關文件單位代碼":"","電子郵件":"new.garden.english.school@gmail.com","短期補習班類別":"外語類","地址":"600041嘉義市東區小雅路419之1號(2樓)","立案時間":"2003-09-17","各地短期補習班數量":"286"},{"地區縣市":"嘉義市政府","短期補習班名稱":"嘉義市私立天欣文理技藝短期補習班","主管機關文件單位代碼":"","電子郵件":"","短期補習班類別":"文理類","地址":"600043嘉義市東區興安里環興街67號(1-2樓)、69號(1-2樓)","立案時間":"2021-06-29","各地短期補習班數量":"286"},{"地區縣市":"嘉義市政府","短期補習班名稱":"嘉義市私立語揚文理短期補習班","主管機關文件單位代碼":"","電子郵件":"clark00772001@gmail..com.tw","短期補習班類別":"外語類","地址":"嘉義市西區泰瑞三街50號(1樓)","立案時間":"2009-07-01","各地短期補習班數量":"286"},{"地區縣市":"嘉義市政府","短期補習班名稱":"私立簡恩文理短期補習班","主管機關文件單位代碼":"","電子郵件":"","短期補習班類別":"文理類","地址":"600031嘉義市西區徐州六街46號(1樓)","立案時間":"2006-01-02","各地短期補習班數量":"286"},{"地區縣市":"嘉義市政府","短期補習班名稱":"嘉義市私立得勝文理短期補習班","主管機關文件單位代碼":"","電子郵件":"","短期補習班類別":"文理類","地址":"600043嘉義市東區興美二路208號(1-2樓)","立案時間":"2021-08-12","各地短期補習班數量":"286"},{"地區縣市":"嘉義市政府","短期補習班名稱":"嘉義市私立沛樂多文理技藝短期補習班","主管機關文件單位代碼":"","電子郵件":"daphnechang1022@gmail.com","短期補習班類別":"外語類","地址":"600001嘉義市西區垂楊路400號4樓之2","立案時間":"2021-06-18","各地短期補習班數量":"286"},{"地區縣市":"嘉義市政府","短期補習班名稱":"嘉義市私立駿驜文理短期補習班","主管機關文件單位代碼":"","電子郵件":"","短期補習班類別":"文理類","地址":"600001嘉義市西區垂楊路365號2樓","立案時間":"2021-06-08","各地短期補習班數量":"286"},{"地區縣市":"嘉義市政府","短期補習班名稱":"嘉義市私立駿育文理短期補習班","主管機關文件單位代碼":"","電子郵件":"","短期補習班類別":"文理類","地址":"600063嘉義市東區嘉北街46號(1-2樓)","立案時間":"2021-06-18","各地短期補習班數量":"286"},{"地區縣市":"嘉義市政府","短期補習班名稱":"嘉義市私立薪創文理短期補習班","主管機關文件單位代碼":"","電子郵件":"nc2335625@gmail.com","短期補習班類別":"文理類","地址":"嘉義市西區松江一街3號(1-2樓)","立案時間":"2020-12-09","各地短期補習班數量":"286"},{"地區縣市":"嘉義市政府","短期補習班名稱":"嘉義市私立泓語文理短期補習班","主管機關文件單位代碼":"","電子郵件":"","短期補習班類別":"文理類","地址":"嘉義市西區垂楊路400號6樓1","立案時間":"2020-10-26","各地短期補習班數量":"286"},{"地區縣市":"嘉義市政府","短期補習班名稱":"嘉義市私立佳祐文理短期補習班","主管機關文件單位代碼":"","電子郵件":"bd11333@outlook.com","短期補習班類別":"外語類","地址":"600038嘉義市東區軍輝路220號(1-3樓)","立案時間":"2019-07-08","各地短期補習班數量":"286"},{"地區縣市":"嘉義市政府","短期補習班名稱":"嘉義市私立鳳梨技藝短期補習班","主管機關文件單位代碼":"","電子郵件":"wellsing11@gmail.com","短期補習班類別":"美術、書法、攝影、美工設計、圍棋類","地址":"600026嘉義市西區興業西路94之5號(1樓)","立案時間":"2012-05-29","各地短期補習班數量":"286"},{"地區縣市":"嘉義市政府","短期補習班名稱":"嘉義市私立雨果文理短期補習班","主管機關文件單位代碼":"b152","電子郵件":"hugotweens@gmail.com","短期補習班類別":"外語類","地址":"600063嘉義市東區維新路210號(3樓)、東區新生路579號(2-3樓)","立案時間":"1999-02-23","各地短期補習班數量":"286"},{"地區縣市":"嘉義市政府","短期補習班名稱":"嘉義市私立佳興文理短期補習班","主管機關文件單位代碼":"","電子郵件":"s3101289@yahoo.com.tw","短期補習班類別":"文理類","地址":"600063嘉義市東區嘉北街104號(1-3樓)","立案時間":"2005-09-05","各地短期補習班數量":"286"},{"地區縣市":"嘉義市政府","短期補習班名稱":"嘉義市私立見賢文理短期補習班","主管機關文件單位代碼":"","電子郵件":"s3101289@yahoo.com.tw","短期補習班類別":"文理類","地址":"600027嘉義市西區重慶路98號(1-2樓)","立案時間":"2015-12-16","各地短期補習班數量":"286"},{"地區縣市":"嘉義市政府","短期補習班名稱":"嘉義市私立資優生文理短期補習班","主管機關文件單位代碼":"","電子郵件":"pinkyaya5458@yahoo.com.tw","短期補習班類別":"文理類","地址":"600032嘉義市東區大業街106巷60號(1-3樓)","立案時間":"2006-06-16","各地短期補習班數量":"286"},{"地區縣市":"嘉義市政府","短期補習班名稱":"嘉義市私立上捷文理短期補習班","主管機關文件單位代碼":"","電子郵件":"viplin.fiona@msa.hinet.net","短期補習班類別":"文理類","地址":"600029嘉義市西區大利街62號(1-3樓)、大利街66號(1-3樓)","立案時間":"2007-06-29","各地短期補習班數量":"286"},{"地區縣市":"嘉義市政府","短期補習班名稱":"嘉義市私立王淑美技藝短期補習班","主管機關文件單位代碼":"i102","電子郵件":"flyingdance0009@yahoo.com.tw","短期補習班類別":"音樂、舞蹈類","地址":"600009嘉義市東區民國路174號2樓1","立案時間":"1983-03-01","各地短期補習班數量":"286"},{"地區縣市":"嘉義市政府","短期補習班名稱":"嘉義市私立正典文理短期補習班","主管機關文件單位代碼":"b105","電子郵件":"","短期補習班類別":"外語類","地址":"600036嘉義市西區崇文街317之4號(1-2樓)","立案時間":"1987-06-11","各地短期補習班數量":"286"},{"地區縣市":"嘉義市政府","短期補習班名稱":"嘉義市私立中正文理短期補習班","主管機關文件單位代碼":"a115","電子郵件":"","短期補習班類別":"文理類","地址":"600063嘉義市西區嘉北街66巷41號(1-4樓)","立案時間":"1995-10-20","各地短期補習班數量":"286"},{"地區縣市":"嘉義市政府","短期補習班名稱":"嘉義市私立學友文理短期補習班","主管機關文件單位代碼":"a124","電子郵件":"","短期補習班類別":"文理類","地址":"600075嘉義市西區德明路166、168號(1樓)、\\西區德惠街37號(1樓) ","立案時間":"1997-01-14","各地短期補習班數量":"286"},{"地區縣市":"嘉義市政府","短期補習班名稱":"嘉義市東區私立史丹福文理短期補習班","主管機關文件單位代碼":"e104","電子郵件":"","短期補習班類別":"文理類","地址":"600063嘉義市東區嘉北街32號","立案時間":"1997-02-04","各地短期補習班數量":"286"},{"地區縣市":"嘉義市政府","短期補習班名稱":"嘉義市私立曜進文理短期補習班","主管機關文件單位代碼":"b130","電子郵件":"yowjinn0611@gmail.com","短期補習班類別":"外語類","地址":"600039嘉義市東區興仁街24巷2號1樓","立案時間":"1997-03-31","各地短期補習班數量":"286"},{"地區縣市":"嘉義市政府","短期補習班名稱":"嘉義市私立輔大文理短期補習班","主管機關文件單位代碼":"a134","電子郵件":"futa1668@gmail.com","短期補習班類別":"文理類","地址":"600071嘉義市西區友和路111號","立案時間":"1997-08-06","各地短期補習班數量":"286"},{"地區縣市":"嘉義市政府","短期補習班名稱":"嘉義市私立德合文理技藝短期補習班","主管機關文件單位代碼":"k107","電子郵件":"derho.chen@gmail.com","短期補習班類別":"文理類","地址":"嘉義市西區溫州一街67號(2樓)","立案時間":"1997-08-22","各地短期補習班數量":"286"},{"地區縣市":"嘉義市政府","短期補習班名稱":"嘉義市私立弘凱文理短期補習班","主管機關文件單位代碼":"a138","電子郵件":"wang2754524@gmail.com","短期補習班類別":"文理類","地址":"嘉義市東區忠孝路396巷37號","立案時間":"1997-10-24","各地短期補習班數量":"286"},{"地區縣市":"嘉義市政府","短期補習班名稱":"嘉義市私立正昇文理短期補習班","主管機關文件單位代碼":"a143","電子郵件":"","短期補習班類別":"文理類","地址":"嘉義市西區民生南路55巷2號3樓1","立案時間":"1998-02-04","各地短期補習班數量":"286"},{"地區縣市":"嘉義市政府","短期補習班名稱":"嘉義市私立環球文理短期補習班","主管機關文件單位代碼":"b151","電子郵件":"taiteach@gmail.com","短期補習班類別":"外語類","地址":"嘉義市東區崇文街145之1號(3樓)","立案時間":"1999-03-03","各地短期補習班數量":"286"},{"地區縣市":"嘉義市政府","短期補習班名稱":"嘉義市私立成大文理短期補習班","主管機關文件單位代碼":"a156","電子郵件":"realstone1111111@gmail.com","短期補習班類別":"文理類","地址":"600009嘉義市東區垂楊路45號3樓","立案時間":"1999-09-27","各地短期補習班數量":"286"},{"地區縣市":"嘉義市政府","短期補習班名稱":"嘉義市私立學霖文理短期補習班","主管機關文件單位代碼":"a158","電子郵件":"easy2719168@gmail.com","短期補習班類別":"文理類","地址":"600059嘉義市東區東義路31號(1-2樓)","立案時間":"1999-12-09","各地短期補習班數量":"286"},{"地區縣市":"嘉義市政府","短期補習班名稱":"嘉義市私立國航文理短期補習班","主管機關文件單位代碼":"b181","電子郵件":"wk2366975@yahoo.com.tw","短期補習班類別":"外語類","地址":"600001嘉義市東區垂楊路505號5樓之1","立案時間":"2000-12-26","各地短期補習班數量":"286"},{"地區縣市":"嘉義市政府","短期補習班名稱":"嘉義市私立吉迪多文理短期補習班","主管機關文件單位代碼":"b183","電子郵件":"landy0420@yahoo.com.tw","短期補習班類別":"外語類","地址":"600084嘉義市西區德安路53之1號","立案時間":"2001-02-09","各地短期補習班數量":"286"},{"地區縣市":"嘉義市政府","短期補習班名稱":"嘉義市私立欣貝技藝短期補習班","主管機關文件單位代碼":"k114","電子郵件":"hp218.hp218@msa.hinet.net","短期補習班類別":"商類：珠算、心算、會計","地址":"嘉義市西區育人路218號1樓","立案時間":"2001-02-09","各地短期補習班數量":"286"},{"地區縣市":"嘉義市政府","短期補習班名稱":"嘉義市私立學進文理短期補習班","主管機關文件單位代碼":"a192","電子郵件":"chc223366@gmail.com","短期補習班類別":"文理類","地址":"600001嘉義市西區力行街26號(1-3樓)","立案時間":"2002-04-15","各地短期補習班數量":"286"},{"地區縣市":"嘉義市政府","短期補習班名稱":"嘉義市私立林肯文理短期補習班","主管機關文件單位代碼":"b196","電子郵件":"lincolnamerican191@gmail.com","短期補習班類別":"外語類","地址":"嘉義市東區維新路191號2樓","立案時間":"2002-04-30","各地短期補習班數量":"286"},{"地區縣市":"嘉義市政府","短期補習班名稱":"嘉義市私立華東文理短期補習班","主管機關文件單位代碼":"","電子郵件":"","短期補習班類別":"文理類","地址":"600032嘉義市東區大業街93號(1-3樓)","立案時間":"2002-05-16","各地短期補習班數量":"286"},{"地區縣市":"嘉義市政府","短期補習班名稱":"嘉義市私立維特文理短期補習班","主管機關文件單位代碼":"","電子郵件":"cori450@yahoo.com.tw","短期補習班類別":"外語類","地址":"嘉義市西區德安路146號之1(1-2樓)","立案時間":"2002-07-09","各地短期補習班數量":"286"},{"地區縣市":"嘉義市政府","短期補習班名稱":"嘉義市私立學宏文理短期補習班","主管機關文件單位代碼":"","電子郵件":"ab2165701@yahoo.com.tw","短期補習班類別":"文理類","地址":"嘉義市東區垂楊路400號3樓之2","立案時間":"2002-10-18","各地短期補習班數量":"286"},{"地區縣市":"嘉義市政府","短期補習班名稱":"財團法人台灣聖公會附設嘉義市私立聖彼得文理短期補習班","主管機關文件單位代碼":"","電子郵件":"spk2272653@gmail.com","短期補習班類別":"外語類","地址":"600012嘉義市東區康樂街47號(4樓)","立案時間":"2003-02-20","各地短期補習班數量":"286"},{"地區縣市":"嘉義市政府","短期補習班名稱":"嘉義市私立橡樹子文理短期補習班","主管機關文件單位代碼":"","電子郵件":"oakart1982@gmail.com","短期補習班類別":"外語類","地址":"600055嘉義市西區海口寮路119號(2樓)","立案時間":"2003-05-08","各地短期補習班數量":"286"},{"地區縣市":"嘉義市政府","短期補習班名稱":"嘉義市私立菁華文理短期補習班","主管機關文件單位代碼":"","電子郵件":"weiren0321@yahoo.com.tw","短期補習班類別":"文理類","地址":"嘉義市東區台林街98之1號(1-2樓)","立案時間":"2003-05-27","各地短期補習班數量":"286"},{"地區縣市":"嘉義市政府","短期補習班名稱":"嘉義市私立立文文理短期補習班","主管機關文件單位代碼":"","電子郵件":"Lee0932978294@yahoo.com","短期補習班類別":"文理類","地址":"嘉義市東區中正路101號1樓","立案時間":"2003-09-17","各地短期補習班數量":"286"},{"地區縣市":"嘉義市政府","短期補習班名稱":"嘉義市私立柳毅文理短期補習班","主管機關文件單位代碼":"","電子郵件":"","短期補習班類別":"文理類","地址":"嘉義市西區德明路55號(1-3樓)","立案時間":"2003-12-29","各地短期補習班數量":"286"},{"地區縣市":"嘉義市政府","短期補習班名稱":"嘉義市私立亞姿技藝短期補習班","主管機關文件單位代碼":"","電子郵件":"","短期補習班類別":"音樂、舞蹈類","地址":"嘉義市西區民生北路151號5樓","立案時間":"2004-03-19","各地短期補習班數量":"286"},{"地區縣市":"嘉義市政府","短期補習班名稱":"嘉義市私立速博文理短期補習班","主管機關文件單位代碼":"","電子郵件":"","短期補習班類別":"文理類","地址":"嘉義市東區垂楊路45號6樓","立案時間":"2004-04-08","各地短期補習班數量":"286"},{"地區縣市":"嘉義市政府","短期補習班名稱":"嘉義市私立百科全能技藝短期補習班","主管機關文件單位代碼":"","電子郵件":"minter4703@gmail.com","短期補習班類別":"美術、書法、攝影、美工設計、圍棋類","地址":"嘉義市西區長榮街294號1樓","立案時間":"2004-05-04","各地短期補習班數量":"286"},{"地區縣市":"嘉義市政府","短期補習班名稱":"嘉義市東區私立紅蘋文理技藝短期補習班","主管機關文件單位代碼":"","電子郵件":"tinatsai0310@gmail.com","短期補習班類別":"文理類","地址":"600063嘉義市東區嘉北街66巷12號(1樓)","立案時間":"2004-05-21","各地短期補習班數量":"286"},{"地區縣市":"嘉義市政府","短期補習班名稱":"私立道爾敦語文短期補習班","主管機關文件單位代碼":"","電子郵件":"daltonschool403@gmail.com","短期補習班類別":"外語類","地址":"600027嘉義市西區世賢路三段403號(3-4樓)","立案時間":"2005-05-04","各地短期補習班數量":"286"},{"地區縣市":"嘉義市政府","短期補習班名稱":"嘉義市私立建華文理短期補習班","主管機關文件單位代碼":"","電子郵件":"","短期補習班類別":"外語類","地址":"600001嘉義市東區垂楊路400號9樓1","立案時間":"2006-09-05","各地短期補習班數量":"286"},{"地區縣市":"嘉義市政府","短期補習班名稱":"嘉義市私立立功文理短期補習班","主管機關文件單位代碼":"","電子郵件":"","短期補習班類別":"文理類","地址":"嘉義市西區民權路479號3樓","立案時間":"2009-12-08","各地短期補習班數量":"286"},{"地區縣市":"嘉義市政府","短期補習班名稱":"嘉義市私立弘博文理短期補習班","主管機關文件單位代碼":"","電子郵件":"mpmdna.school@yahoo.com.tw","短期補習班類別":"文理類","地址":"600009嘉義市東區垂楊路280號(1-4樓)","立案時間":"2010-07-20","各地短期補習班數量":"286"},{"地區縣市":"嘉義市政府","短期補習班名稱":"嘉義市私立嘉興文理短期補習班","主管機關文件單位代碼":"","電子郵件":"s3101289@yahoo.com.tw","短期補習班類別":"文理類","地址":"600027嘉義市西區重慶路102號(2樓)","立案時間":"2011-04-13","各地短期補習班數量":"286"},{"地區縣市":"嘉義市政府","短期補習班名稱":"嘉義市私立施老師文理短期補習班","主管機關文件單位代碼":"","電子郵件":"hahaha1031@gmail.com","短期補習班類別":"文理類","地址":"600080嘉義市西區大同路16號(1-2樓)","立案時間":"2012-08-17","各地短期補習班數量":"286"},{"地區縣市":"嘉義市政府","短期補習班名稱":"嘉義市私立優肯文理短期補習班","主管機關文件單位代碼":"","電子郵件":"landy0420@yahoo.com.tw","短期補習班類別":"外語類","地址":"600009嘉義市東區啟明路23號(1-2樓)","立案時間":"2012-11-16","各地短期補習班數量":"286"},{"地區縣市":"嘉義市政府","短期補習班名稱":"嘉義市私立朱鷹文理短期補習班","主管機關文件單位代碼":"","電子郵件":"q0530504@gmail.com","短期補習班類別":"文理類","地址":"600009嘉義市東區民國路37號(1-2樓)","立案時間":"2012-12-20","各地短期補習班數量":"286"},{"地區縣市":"嘉義市政府","短期補習班名稱":"嘉義市私立藝翔空間技藝短期補習班","主管機關文件單位代碼":"","電子郵件":"","短期補習班類別":"美術、書法、攝影、美工設計、圍棋類","地址":"600057嘉義市西區保安二路33號(1-2樓)","立案時間":"2013-05-01","各地短期補習班數量":"286"},{"地區縣市":"嘉義市政府","短期補習班名稱":"嘉義市私立柏林技藝短期補習班","主管機關文件單位代碼":"","電子郵件":"berlinmusic2313210@gmail.com","短期補習班類別":"音樂、舞蹈類","地址":"600055嘉義市西區世賢路一段605號1樓","立案時間":"2013-05-10","各地短期補習班數量":"286"},{"地區縣市":"嘉義市政府","短期補習班名稱":"嘉義市私立巫博士英文短期補習班","主管機關文件單位代碼":"","電子郵件":"","短期補習班類別":"外語類","地址":"600045嘉義市東區圓福街118巷2弄15號1樓","立案時間":"2013-06-24","各地短期補習班數量":"286"},{"地區縣市":"嘉義市政府","短期補習班名稱":"嘉義市私立九華技藝短期補習班","主管機關文件單位代碼":"","電子郵件":"","短期補習班類別":"電機、汽車修護、建築、工藝、製圖類","地址":"嘉義市西區新榮路35巷19號1樓","立案時間":"2013-09-18","各地短期補習班數量":"286"},{"地區縣市":"嘉義市政府","短期補習班名稱":"嘉義市私立禾家文理短期補習班","主管機關文件單位代碼":"","電子郵件":"","短期補習班類別":"文理類","地址":"嘉義市西區重慶路230號(1-2樓)","立案時間":"2013-11-27","各地短期補習班數量":"286"},{"地區縣市":"嘉義市政府","短期補習班名稱":"嘉義市私立廣達文理短期補習班","主管機關文件單位代碼":"","電子郵件":"mya62542001@yahoo.com.tw","短期補習班類別":"文理類","地址":"600014嘉義市東區新生路218號1-2樓","立案時間":"2013-12-17","各地短期補習班數量":"286"},{"地區縣市":"嘉義市政府","短期補習班名稱":"嘉義市私立優越文理短期補習班","主管機關文件單位代碼":"","電子郵件":"","短期補習班類別":"文理類","地址":"600009嘉義市東區民國路215之1號(1-2樓)","立案時間":"2014-03-13","各地短期補習班數量":"286"},{"地區縣市":"嘉義市政府","短期補習班名稱":"嘉義市私立顧嘉文理短期補習班","主管機關文件單位代碼":"","電子郵件":"goodn13@yahoo.com.tw","短期補習班類別":"文理類","地址":"600032嘉義市西區溫州一街101號(1-4樓)","立案時間":"2014-04-01","各地短期補習班數量":"286"},{"地區縣市":"嘉義市政府","短期補習班名稱":"嘉義市私立道禾文理短期補習班","主管機關文件單位代碼":"","電子郵件":"williamweasley1989@gmail.com","短期補習班類別":"文理類","地址":"600032嘉義市西區溫州一街27號(1樓)","立案時間":"2015-01-08","各地短期補習班數量":"286"},{"地區縣市":"嘉義市政府","短期補習班名稱":"嘉義市私立中華技藝短期補習班","主管機關文件單位代碼":"","電子郵件":"hanaco1968@yahoo.com.tw","短期補習班類別":"電機、汽車修護、建築、工藝、製圖類","地址":"600028嘉義市西區大聖北街63號(1-2樓)","立案時間":"2015-07-20","各地短期補習班數量":"286"},{"地區縣市":"嘉義市政府","短期補習班名稱":"嘉義市私立思齊文理短期補習班","主管機關文件單位代碼":"","電子郵件":"s3101289@yahoo.com.tw","短期補習班類別":"文理類","地址":"600063嘉義市東區嘉北街34、36號（1-2樓）","立案時間":"2015-11-02","各地短期補習班數量":"286"},{"地區縣市":"嘉義市政府","短期補習班名稱":"嘉義市私立昶鴻奧林匹克文理短期補習班","主管機關文件單位代碼":"","電子郵件":"changhungolpc@gmail.com","短期補習班類別":"文理類","地址":"600030嘉義市西區仁愛路108號(1-2樓)","立案時間":"2016-09-10","各地短期補習班數量":"286"},{"地區縣市":"嘉義市政府","短期補習班名稱":"嘉義市私立上圓文理短期補習班","主管機關文件單位代碼":"","電子郵件":"bd106@joy.com.tw","短期補習班類別":"文理類","地址":"600084嘉義市西區德安路35號(1-2樓)","立案時間":"2017-05-02","各地短期補習班數量":"286"},{"地區縣市":"嘉義市政府","短期補習班名稱":"嘉義市私立吉祥文理短期補習班","主管機關文件單位代碼":"","電子郵件":"a0956890923@gmail.com","短期補習班類別":"文理類","地址":"600084嘉義市西區泰山一街41號(1樓)","立案時間":"2017-07-28","各地短期補習班數量":"286"},{"地區縣市":"嘉義市政府","短期補習班名稱":"嘉義市私立野人花園文理短期補習班","主管機關文件單位代碼":"","電子郵件":"roskimo@yahoo.com.tw","短期補習班類別":"文理類","地址":"600027 嘉義市西區重慶路84號(1樓)","立案時間":"2017-08-22","各地短期補習班數量":"286"},{"地區縣市":"嘉義市政府","短期補習班名稱":"嘉義市私立偉文文理短期補習班","主管機關文件單位代碼":"","電子郵件":"win2229090@gmail.com","短期補習班類別":"文理類","地址":"600001嘉義市西區垂楊路400號3樓之1","立案時間":"2018-03-16","各地短期補習班數量":"286"},{"地區縣市":"嘉義市政府","短期補習班名稱":"嘉義市私立昇學文理短期補習班","主管機關文件單位代碼":"","電子郵件":"jrshengchen@yahoo.com.tw","短期補習班類別":"文理類","地址":"600063嘉義市東區博東路261號(1-2樓)","立案時間":"2018-05-04","各地短期補習班數量":"286"},{"地區縣市":"嘉義市政府","短期補習班名稱":"美學苑有限公司附設嘉義市私立美學苑技藝短期補習班","主管機關文件單位代碼":"","電子郵件":"","短期補習班類別":"美容、美髮理髮類","地址":"600053嘉義市東區忠孝路340號（2樓）","立案時間":"2018-10-19","各地短期補習班數量":"286"},{"地區縣市":"嘉義市政府","短期補習班名稱":"嘉義市私立邁思文理短期補習班","主管機關文件單位代碼":"","電子郵件":"math123edu@gmail.com","短期補習班類別":"文理類","地址":"600031嘉義市西區徐州五街123號(1-2樓)","立案時間":"2019-08-02","各地短期補習班數量":"286"},{"地區縣市":"嘉義市政府","短期補習班名稱":"嘉義市東區私立保進中正文理短期補習班","主管機關文件單位代碼":"","電子郵件":"a0919258051@gmail.com","短期補習班類別":"外語類","地址":"嘉義市東區中山路123號3樓","立案時間":"2008-09-09","各地短期補習班數量":"286"},{"地區縣市":"嘉義市政府","短期補習班名稱":"嘉義市私立尚育文理短期補習班","主管機關文件單位代碼":"","電子郵件":"","短期補習班類別":"文理類","地址":"600063嘉義市東區嘉北街26號(1-2樓) ","立案時間":"2006-06-01","各地短期補習班數量":"286"},{"地區縣市":"嘉義市政府","短期補習班名稱":"嘉義市私立聯成技藝短期補習班","主管機關文件單位代碼":"","電子郵件":"","短期補習班類別":"資訊類","地址":"嘉義市西區中正路709號(1-3樓)","立案時間":"2008-09-09","各地短期補習班數量":"286"},{"地區縣市":"嘉義市政府","短期補習班名稱":"嘉義市私立何嘉仁文理短期補習班","主管機關文件單位代碼":"","電子郵件":"hs2191@hess.com.tw","短期補習班類別":"外語類","地址":"600063嘉義市東區嘉北街13巷9號1-3樓","立案時間":"2010-08-29","各地短期補習班數量":"286"},{"地區縣市":"嘉義市政府","短期補習班名稱":"嘉義市私立艾德爾文理短期補習班","主管機關文件單位代碼":"","電子郵件":"shine_idea@yahoo.com.tw","短期補習班類別":"文理類","地址":"600011嘉義市東區延平街140之1號5樓1","立案時間":"2005-08-30","各地短期補習班數量":"286"},{"地區縣市":"嘉義市政府","短期補習班名稱":"嘉義市私立顧群文理短期補習班","主管機關文件單位代碼":"a150","電子郵件":"jac032026@yahoo.com.tw","短期補習班類別":"文理類","地址":"600014嘉義市東區民樂街25之1號(4-6樓)","立案時間":"2001-10-16","各地短期補習班數量":"286"},{"地區縣市":"嘉義市政府","短期補習班名稱":"嘉義市私立夢想家技藝短期補習班","主管機關文件單位代碼":"","電子郵件":"chueiyang@kidsmusic.com.tw","短期補習班類別":"音樂、舞蹈類","地址":"600075嘉義市西區雙竹街86號(1-2樓)","立案時間":"2015-08-31","各地短期補習班數量":"286"},{"地區縣市":"嘉義市政府","短期補習班名稱":"台灣立碁知識科技有限公司附設嘉義市私立立碁文理短期補習班","主管機關文件單位代碼":"","電子郵件":"ym3168@yahoo.com.tw","短期補習班類別":"文理類","地址":"600006嘉義市西區國華街245號(5樓)","立案時間":"2010-05-13","各地短期補習班數量":"286"},{"地區縣市":"嘉義市政府","短期補習班名稱":"嘉義市私立蘭德文理短期補習班","主管機關文件單位代碼":"","電子郵件":"cordeliaa50@yahoo.com.tw","短期補習班類別":"外語類","地址":"600036嘉義市東區崇文街143號3樓1.2.3","立案時間":"2007-05-01","各地短期補習班數量":"286"},{"地區縣市":"嘉義市政府","短期補習班名稱":"嘉義市私立中興文理短期補習班","主管機關文件單位代碼":"a102","電子郵件":"s3101289@yahoo.com.tw","短期補習班類別":"文理類","地址":"嘉義市西區民權路481號(1-3樓)、479號(1-2樓)","立案時間":"1980-08-18","各地短期補習班數量":"286"},{"地區縣市":"嘉義市政府","短期補習班名稱":"嘉義市私立舒伯特文理短期補習班","主管機關文件單位代碼":"","電子郵件":"schubert476@yahoo.com.tw","短期補習班類別":"文理類","地址":"600047嘉義市東區大雅路2段476號(1-2樓)","立案時間":"2013-10-04","各地短期補習班數量":"286"},{"地區縣市":"嘉義市政府","短期補習班名稱":"嘉義市私立日耳曼文理短期補習班","主管機關文件單位代碼":"","電子郵件":"jackcycity@gmail.com","短期補習班類別":"文理類","地址":"嘉義市西區金山路271號(1-2樓)","立案時間":"2003-05-29","各地短期補習班數量":"286"},{"地區縣市":"嘉義市政府","短期補習班名稱":"嘉義市私立丞耘創藝文理技藝短期補習班","主管機關文件單位代碼":"","電子郵件":"","短期補習班類別":"文理類","地址":"600038嘉義市東區興村街48號(1樓)","立案時間":"2017-02-18","各地短期補習班數量":"286"},{"地區縣市":"嘉義市政府","短期補習班名稱":"嘉義市私立哥倫比亞文理短期補習班","主管機關文件單位代碼":"b178","電子郵件":"columbia240333@gmail.com","短期補習班類別":"外語類","地址":"600026嘉義市東區興業東路240號(1-4樓)","立案時間":"2000-07-24","各地短期補習班數量":"286"},{"地區縣市":"嘉義市政府","短期補習班名稱":"嘉義市私立樺東文理短期補習班","主管機關文件單位代碼":"","電子郵件":"teacher02002@yahoo.co.tw","短期補習班類別":"文理類","地址":"嘉義市東區新生路629號(1-3樓)","立案時間":"2008-10-17","各地短期補習班數量":"286"},{"地區縣市":"嘉義市政府","短期補習班名稱":"嘉義市私立文慧文理短期補習班","主管機關文件單位代碼":"","電子郵件":"","短期補習班類別":"文理類","地址":"嘉義市東區芳安路402號","立案時間":"2014-11-07","各地短期補習班數量":"286"},{"地區縣市":"嘉義市政府","短期補習班名稱":"嘉義市私立新時代文理短期補習班","主管機關文件單位代碼":"","電子郵件":"","短期補習班類別":"文理類","地址":"600057嘉義市西區合江街158號(1-2樓)","立案時間":"2004-12-01","各地短期補習班數量":"286"},{"地區縣市":"嘉義市政府","短期補習班名稱":"嘉義市私立亞斯頓文理短期補習班","主管機關文件單位代碼":"","電子郵件":"mcdyess@gmail.com","短期補習班類別":"文理類","地址":"600071嘉義市西區友和路90號(1-3樓)","立案時間":"2006-04-04","各地短期補習班數量":"286"},{"地區縣市":"嘉義市政府","短期補習班名稱":"嘉義市私立貝萊登文理短期補習班","主管機關文件單位代碼":"","電子郵件":"sht80268@gmail.com","短期補習班類別":"文理類","地址":"600061嘉義市東區林森東路541號","立案時間":"2005-06-29","各地短期補習班數量":"286"},{"地區縣市":"嘉義市政府","短期補習班名稱":"嘉義市私立日安人文文理短期補習班","主管機關文件單位代碼":"","電子郵件":"oms9996@yahoo.com.tw","短期補習班類別":"文理類","地址":"600040嘉義市東區短竹里彌陀路296-2號(2樓)","立案時間":"2019-08-20","各地短期補習班數量":"286"},{"地區縣市":"嘉義市政府","短期補習班名稱":"嘉義市私立高平文理短期補習班","主管機關文件單位代碼":"","電子郵件":"semichiayi@gmail.com","短期補習班類別":"外語類","地址":"600019嘉義市西區南京路126巷1號(1-2樓)","立案時間":"2007-03-19","各地短期補習班數量":"286"},{"地區縣市":"嘉義市政府","短期補習班名稱":"嘉義市私立呂老師技藝短期補習班","主管機關文件單位代碼":"","電子郵件":"helen0932468386@gmail.com","短期補習班類別":"音樂、舞蹈類","地址":"嘉義市西區永安街339號(1-2樓)","立案時間":"2009-02-27","各地短期補習班數量":"286"},{"地區縣市":"嘉義市政府","短期補習班名稱":"嘉義市私立柯林文理短期補習班","主管機關文件單位代碼":"","電子郵件":"","短期補習班類別":"文理類","地址":"600032嘉義市西區溫州一街113-1號(1-2樓) ","立案時間":"2006-10-25","各地短期補習班數量":"286"},{"地區縣市":"嘉義市政府","短期補習班名稱":"嘉義市私立多加文理短期補習班","主管機關文件單位代碼":"","電子郵件":"kenny196853@gmail.com","短期補習班類別":"文理類","地址":"嘉義市東區維新路285號(1-2樓)","立案時間":"2007-08-28","各地短期補習班數量":"286"},{"地區縣市":"嘉義市政府","短期補習班名稱":"英美美語有限公司附設嘉義市私立英美文理短期補習班","主管機關文件單位代碼":"","電子郵件":"sevengirl555@hotmail.com","短期補習班類別":"外語類","地址":"嘉義市西區中山路498號(2-4樓)","立案時間":"2008-01-10","各地短期補習班數量":"286"},{"地區縣市":"嘉義市政府","短期補習班名稱":"嘉義市私立果凍魚文理短期補習班","主管機關文件單位代碼":"","電子郵件":"jellyfish950920@gmail.com","短期補習班類別":"文理類","地址":"嘉義市東區市宅街24之1號1樓","立案時間":"2006-09-20","各地短期補習班數量":"286"},{"地區縣市":"嘉義市政府","短期補習班名稱":"嘉義市私立五線譜技藝短期補習班","主管機關文件單位代碼":"","電子郵件":"","短期補習班類別":"音樂、舞蹈類","地址":"600035嘉義市東區市宅街34-1號1樓","立案時間":"2008-12-22","各地短期補習班數量":"286"},{"地區縣市":"嘉義市政府","短期補習班名稱":"嘉義市私立美利肯文理短期補習班","主管機關文件單位代碼":"","電子郵件":"","短期補習班類別":"外語類","地址":"嘉義市東區台林街60號(1-2樓)","立案時間":"2007-05-22","各地短期補習班數量":"286"},{"地區縣市":"嘉義市政府","短期補習班名稱":"嘉義市私立希頡文理短期補習班","主管機關文件單位代碼":"","電子郵件":"","短期補習班類別":"文理類","地址":"600063嘉義市東區嘉北街66巷45號(1-2樓)","立案時間":"2020-05-28","各地短期補習班數量":"286"},{"地區縣市":"嘉義市政府","短期補習班名稱":"嘉義市私立汶妡文理短期補習班","主管機關文件單位代碼":"","電子郵件":"senge.noli@gmail.com","短期補習班類別":"文理類","地址":"600030嘉義市西區仁愛一街67號(1-2樓)","立案時間":"2008-12-22","各地短期補習班數量":"286"},{"地區縣市":"嘉義市政府","短期補習班名稱":"嘉義市私立宏黌文理短期補習班","主管機關文件單位代碼":"","電子郵件":"","短期補習班類別":"文理類","地址":"600003嘉義市西區延平街448號5樓之1","立案時間":"2007-01-08","各地短期補習班數量":"286"},{"地區縣市":"嘉義市政府","短期補習班名稱":"嘉義市私立伯睿特文理短期補習班","主管機關文件單位代碼":"","電子郵件":"brettcheng168@yahoo.com.tw","短期補習班類別":"文理類","地址":"600062嘉義市東區義教街607號(1-2樓)","立案時間":"2006-12-27","各地短期補習班數量":"286"},{"地區縣市":"嘉義市政府","短期補習班名稱":"嘉義市私立嘉大文理短期補習班","主管機關文件單位代碼":"","電子郵件":"","短期補習班類別":"文理類","地址":"600063嘉義市東區嘉南街5之5號(1-2樓)","立案時間":"2006-07-18","各地短期補習班數量":"286"},{"地區縣市":"嘉義市政府","短期補習班名稱":"嘉義市私立明興文理短期補習班","主管機關文件單位代碼":"","電子郵件":"","短期補習班類別":"文理類","地址":"嘉義市東區安和街67號(1-2樓)","立案時間":"2003-10-02","各地短期補習班數量":"286"},{"地區縣市":"嘉義市政府","短期補習班名稱":"嘉義市私立大圓文理短期補習班","主管機關文件單位代碼":"","電子郵件":"bd023@joy.com.tw","短期補習班類別":"外語類","地址":"600024嘉義市西區志昇街61號(1-3樓)","立案時間":"2002-06-26","各地短期補習班數量":"286"},{"地區縣市":"嘉義市政府","短期補習班名稱":"嘉義市柏克來文理技藝短期補習班","主管機關文件單位代碼":"b193","電子郵件":"berkeley_math@yahoo.com.tw","短期補習班類別":"外語類","地址":"600043嘉義市東區立仁路63巷52號(1-3樓)、56號(1-3樓)","立案時間":"2002-04-03","各地短期補習班數量":"286"},{"地區縣市":"嘉義市政府","短期補習班名稱":"嘉義市私立守璽文理技藝短期補習班","主管機關文件單位代碼":"","電子郵件":"mosaandnasa8837@gmail.com","短期補習班類別":"文理類","地址":"600037嘉義市東區吳鳳南路24號(1-2樓)","立案時間":"2020-04-21","各地短期補習班數量":"286"},{"地區縣市":"嘉義市政府","短期補習班名稱":"嘉義市私立精選文理短期補習班","主管機關文件單位代碼":"","電子郵件":"qqueenismichelle@gmail.com","短期補習班類別":"文理類","地址":"600063嘉義市東區嘉北街12巷33號1-2樓","立案時間":"2020-01-22","各地短期補習班數量":"286"}]
