



[{"地區縣市":"花蓮縣政府","短期補習班名稱":"私立前山文理技藝短期補習班","主管機關文件單位代碼":"","電子郵件":"orenglish@orenglish.com.tw","短期補習班類別":"外語類","地址":"花蓮市自由街128之7號1-4樓","立案時間":"2002-08-09","各地短期補習班數量":"156"},{"地區縣市":"花蓮縣政府","短期補習班名稱":"私立格林美語文理技藝短期補習班","主管機關文件單位代碼":"","電子郵件":"angel.a8@msa.hinet.net","短期補習班類別":"文理類","地址":"花蓮市中美路81-2號2-4樓","立案時間":"2009-08-21","各地短期補習班數量":"156"},{"地區縣市":"花蓮縣政府","短期補習班名稱":"私立發現蛋短期補習班","主管機關文件單位代碼":"","電子郵件":"den20160401@gmail.com","短期補習班類別":"外語類","地址":"花蓮市建國路276巷28號","立案時間":"2016-04-01","各地短期補習班數量":"156"},{"地區縣市":"花蓮縣政府","短期補習班名稱":"私立巨匠電腦文理技藝短期補習班","主管機關文件單位代碼":"","電子郵件":"if_mailbox@pcschool.com.tw","短期補習班類別":"資訊類","地址":"花蓮市中山路180號","立案時間":"1998-04-27","各地短期補習班數量":"156"},{"地區縣市":"花蓮縣政府","短期補習班名稱":"私立小加拿大短期補習班","主管機關文件單位代碼":"","電子郵件":"wesleighl@hotmail.com","短期補習班類別":"外語類","地址":"花蓮市民權4街10號","立案時間":"2015-05-21","各地短期補習班數量":"156"},{"地區縣市":"花蓮縣政府","短期補習班名稱":"美如玉美容美髮短期職業補習班","主管機關文件單位代碼":"","電子郵件":"","短期補習班類別":"美容、美髮理髮類","地址":"花蓮市德安一街109號2樓","立案時間":"1980-07-09","各地短期補習班數量":"156"},{"地區縣市":"花蓮縣政府","短期補習班名稱":"私立文星文理技藝短期補習班","主管機關文件單位代碼":"","電子郵件":"","短期補習班類別":"文理類","地址":"花蓮市中強街38號1至2樓","立案時間":"2007-04-02","各地短期補習班數量":"156"},{"地區縣市":"花蓮縣政府","短期補習班名稱":"伯爵教育科技股份有限公司附設英爵文理短期補習班","主管機關文件單位代碼":"","電子郵件":"listenpro159@gmail.com","短期補習班類別":"文理類","地址":"花蓮市林森路159號1至2樓","立案時間":"2021-04-06","各地短期補習班數量":"156"},{"地區縣市":"花蓮縣政府","短期補習班名稱":"伯爵教育科技股份有限公司附設私立伯爵文理短期補習班","主管機關文件單位代碼":"","電子郵件":"chreeie2002@yahoo.com.tw","短期補習班類別":"外語類","地址":"花蓮縣吉安鄉荳蘭3街25號1-3樓及夾層","立案時間":"2004-07-26","各地短期補習班數量":"156"},{"地區縣市":"花蓮縣政府","短期補習班名稱":"台灣知識庫股份有限公司附設私立大碩洋碩甄戰數位學堂文理短期補習班","主管機關文件單位代碼":"","電子郵件":"carrie1230carrie@gmail.com","短期補習班類別":"文理類","地址":"花蓮縣壽豐鄉志學村中正路138之3號1樓","立案時間":"2016-10-25","各地短期補習班數量":"156"},{"地區縣市":"花蓮縣政府","短期補習班名稱":"私立創新文理技藝短期補習班","主管機關文件單位代碼":"","電子郵件":"ping.mails@msa.hinet.net","短期補習班類別":"文理類","地址":"花蓮縣吉安鄉中山路2段77號","立案時間":"2005-04-19","各地短期補習班數量":"156"},{"地區縣市":"花蓮縣政府","短期補習班名稱":"私立小博士文理技藝短期補習班","主管機關文件單位代碼":"","電子郵件":"","短期補習班類別":"文理類","地址":"花蓮縣吉安鄉建昌路43號1-3樓","立案時間":"2003-10-06","各地短期補習班數量":"156"},{"地區縣市":"花蓮縣政府","短期補習班名稱":"私立昇達文理短期補習班","主管機關文件單位代碼":"","電子郵件":"a0911278075@gmail.com.tw","短期補習班類別":"文理類","地址":"花蓮縣吉安鄉慶豐9街341號1-2樓","立案時間":"2011-01-21","各地短期補習班數量":"156"},{"地區縣市":"花蓮縣政府","短期補習班名稱":"私立翰霖文理短期補習班","主管機關文件單位代碼":"","電子郵件":"hanlin.hanlin@msa.hinet.net","短期補習班類別":"文理類","地址":"花蓮市林政街34號","立案時間":"2007-05-30","各地短期補習班數量":"156"},{"地區縣市":"花蓮縣政府","短期補習班名稱":" 伯爵教育科技股份有限公司附設莘爵文理短期補習班","主管機關文件單位代碼":"","電子郵件":"projectvedioo@gmail.com","短期補習班類別":"外語類","地址":"花蓮市民國路32-1號1至4樓","立案時間":"2018-09-12","各地短期補習班數量":"156"},{"地區縣市":"花蓮縣政府","短期補習班名稱":"私立比佛利文理短期補習班","主管機關文件單位代碼":"","電子郵件":"yjliu17@yahoo.com.tw","短期補習班類別":"外語類","地址":"花蓮市民權六街26號1-4樓","立案時間":"2004-07-22","各地短期補習班數量":"156"},{"地區縣市":"花蓮縣政府","短期補習班名稱":"私立思達文理短期補習班","主管機關文件單位代碼":"","電子郵件":"","短期補習班類別":"文理類","地址":"花蓮市自由街142號二樓","立案時間":"2011-07-20","各地短期補習班數量":"156"},{"地區縣市":"花蓮縣政府","短期補習班名稱":"私立健喬文理短期補習班","主管機關文件單位代碼":"","電子郵件":"","短期補習班類別":"文理類","地址":"花蓮縣吉安鄉永安村明仁2街238號1-2樓","立案時間":"2012-05-23","各地短期補習班數量":"156"},{"地區縣市":"花蓮縣政府","短期補習班名稱":"私立亞倫美語文理短期補習班","主管機關文件單位代碼":"","電子郵件":"allansherry1@gmail.com","短期補習班類別":"文理類","地址":"花蓮縣瑞穗鄉國光北路81號1-2樓","立案時間":"2008-04-07","各地短期補習班數量":"156"},{"地區縣市":"花蓮縣政府","短期補習班名稱":"私立得勝文理短期補習班","主管機關文件單位代碼":"","電子郵件":"a0915735232@gmail.com","短期補習班類別":"文理類","地址":"花蓮市中山路210號7樓","立案時間":"2010-06-18","各地短期補習班數量":"156"},{"地區縣市":"花蓮縣政府","短期補習班名稱":"私立宏儒文理技藝短期補習班","主管機關文件單位代碼":"","電子郵件":"honglumeilu@yahoo.com.tw","短期補習班類別":"文理類","地址":"花蓮市中美路89巷1號","立案時間":"2005-06-10","各地短期補習班數量":"156"},{"地區縣市":"花蓮縣政府","短期補習班名稱":"私立夢想家蒔荐教室文理短期補習班","主管機關文件單位代碼":"","電子郵件":"x8510523@gmail.com","短期補習班類別":"文理類","地址":"花蓮市花蓮市中美路81號1-2樓","立案時間":"2024-01-31","各地短期補習班數量":"156"},{"地區縣市":"花蓮縣政府","短期補習班名稱":"私立水牛城文理短期補習班","主管機關文件單位代碼":"","電子郵件":"joyuhc@yahoo.com.tw","短期補習班類別":"外語類","地址":"花蓮市中和街111號1至2樓","立案時間":"2006-06-21","各地短期補習班數量":"156"},{"地區縣市":"花蓮縣政府","短期補習班名稱":"私立周揚英文文理短期補習班","主管機關文件單位代碼":"","電子郵件":"chouyoung18@gmail.com","短期補習班類別":"文理類","地址":"花蓮市民國路18號2-4樓、20號2-4樓","立案時間":"2008-04-16","各地短期補習班數量":"156"},{"地區縣市":"花蓮縣政府","短期補習班名稱":"私立文揚文理短期補習班","主管機關文件單位代碼":"","電子郵件":"","短期補習班類別":"文理類","地址":"花蓮市光復街87號3樓","立案時間":"2011-07-07","各地短期補習班數量":"156"},{"地區縣市":"花蓮縣政府","短期補習班名稱":"智基科技開發股份有限公司附設志光文理法商短期補習班玉里分班","主管機關文件單位代碼":"","電子郵件":"z8885021@gmail.com","短期補習班類別":"文理類","地址":"花蓮縣玉里鎮大同路222-2號1-3樓","立案時間":"2011-01-13","各地短期補習班數量":"156"},{"地區縣市":"花蓮縣政府","短期補習班名稱":"私立益光文理短期補習班","主管機關文件單位代碼":"","電子郵件":"","短期補習班類別":"文理類","地址":"花蓮市大同街19號1-3樓","立案時間":"2020-09-18","各地短期補習班數量":"156"},{"地區縣市":"花蓮縣政府","短期補習班名稱":"私立默善小書苑文理技藝短期補習班","主管機關文件單位代碼":"","電子郵件":"ola.mei@msa.hinet.net","短期補習班類別":"文理類","地址":"花蓮市富強路118號1-2樓","立案時間":"2012-06-12","各地短期補習班數量":"156"},{"地區縣市":"花蓮縣政府","短期補習班名稱":"私立一加一文理短期補習班","主管機關文件單位代碼":"","電子郵件":"wang04212003@yahoo.com.tw","短期補習班類別":"文理類","地址":"花蓮縣光復鄉大華村敦厚路92號","立案時間":"2006-02-06","各地短期補習班數量":"156"},{"地區縣市":"花蓮縣政府","短期補習班名稱":"私立大成文理技藝短期補習班","主管機關文件單位代碼":"","電子郵件":"d23504@yahoo.com.tw","短期補習班類別":"文理類","地址":"花蓮市新港街76之5號2至3樓","立案時間":"1990-05-26","各地短期補習班數量":"156"},{"地區縣市":"花蓮縣政府","短期補習班名稱":"私立鷹架教育文理短期補習班","主管機關文件單位代碼":"","電子郵件":"mericahualien150@gmail.com","短期補習班類別":"文理類","地址":"花蓮市自由街150號3樓之3","立案時間":"1998-10-12","各地短期補習班數量":"156"},{"地區縣市":"花蓮縣政府","短期補習班名稱":"私立八分音符文理技藝短期補習班","主管機關文件單位代碼":"","電子郵件":"kitty52860@yahoo.com.tw","短期補習班類別":"外語類","地址":"花蓮市中美三街56-2號1樓","立案時間":"2006-08-17","各地短期補習班數量":"156"},{"地區縣市":"花蓮縣政府","短期補習班名稱":"私立及人文理短期補習班","主管機關文件單位代碼":"","電子郵件":"","短期補習班類別":"文理類","地址":"花蓮市信義街123號1-3樓","立案時間":"2008-12-09","各地短期補習班數量":"156"},{"地區縣市":"花蓮縣政府","短期補習班名稱":"私立永丞文理短期補習班","主管機關文件單位代碼":"","電子郵件":"8362768@gmail.com","短期補習班類別":"文理類","地址":"花蓮市林森路23.25號","立案時間":"2016-11-04","各地短期補習班數量":"156"},{"地區縣市":"花蓮縣政府","短期補習班名稱":"私立秀林學苑文理短期補習班","主管機關文件單位代碼":"","電子郵件":"u0933986257@gmail.com","短期補習班類別":"文理類","地址":"花蓮縣吉安鄉吉昌三街85號1樓","立案時間":"2012-08-29","各地短期補習班數量":"156"},{"地區縣市":"花蓮縣政府","短期補習班名稱":"私立丹尼爾創客短期補習班","主管機關文件單位代碼":"","電子郵件":"sunrisemaker0420@gmail.com","短期補習班類別":"資訊類","地址":"花蓮市東興三街42號","立案時間":"2019-01-23","各地短期補習班數量":"156"},{"地區縣市":"花蓮縣政府","短期補習班名稱":"私立銘興文理短期補習班","主管機關文件單位代碼":"","電子郵件":"jb20120326@gmail.com","短期補習班類別":"文理類","地址":"花蓮市中正路168巷11弄13號","立案時間":"2002-09-06","各地短期補習班數量":"156"},{"地區縣市":"花蓮縣政府","短期補習班名稱":"私立耕讀園文理技藝短期補習班","主管機關文件單位代碼":"","電子郵件":"rc5682@yahoo.com.tw","短期補習班類別":"文理類","地址":"花蓮縣鳳林鎮中華路192號1至4樓","立案時間":"2007-01-31","各地短期補習班數量":"156"},{"地區縣市":"花蓮縣政府","短期補習班名稱":"私立小登科文理技藝短期補習班","主管機關文件單位代碼":"","電子郵件":"xdk8653472@gmail.com","短期補習班類別":"文理類","地址":"花蓮縣壽豐鄉中山路6段24號1至4樓","立案時間":"2001-03-15","各地短期補習班數量":"156"},{"地區縣市":"花蓮縣政府","短期補習班名稱":"智基科技開發股份有限公司附設志光文理法商短期補習班","主管機關文件單位代碼":"","電子郵件":"cekhlck@gmail.com","短期補習班類別":"文理類","地址":"花蓮市國聯一路133號","立案時間":"1999-06-28","各地短期補習班數量":"156"},{"地區縣市":"花蓮縣政府","短期補習班名稱":"私立學承短期補習班","主管機關文件單位代碼":"","電子郵件":"","短期補習班類別":"文理類","地址":"花蓮市中華路469-1號1至2樓","立案時間":"2019-10-07","各地短期補習班數量":"156"},{"地區縣市":"花蓮縣政府","短期補習班名稱":"私立凱揚才藝語文文理技藝短期補習班","主管機關文件單位代碼":"","電子郵件":"kydy5123@yahoo.com.tw","短期補習班類別":"文理類","地址":"花蓮縣吉安鄉仁里12街45號","立案時間":"1999-04-17","各地短期補習班數量":"156"},{"地區縣市":"花蓮縣政府","短期補習班名稱":"私立小森林文理短期補習班","主管機關文件單位代碼":"","電子郵件":"","短期補習班類別":"文理類","地址":"花蓮市節約街83號1至2樓","立案時間":"2007-09-03","各地短期補習班數量":"156"},{"地區縣市":"花蓮縣政府","短期補習班名稱":"私立站前地球村短期補習班","主管機關文件單位代碼":"","電子郵件":"gvoedu888@gmail.com","短期補習班類別":"文理類","地址":"花蓮市國聯一路195號1-4樓","立案時間":"2017-03-23","各地短期補習班數量":"156"},{"地區縣市":"花蓮縣政府","短期補習班名稱":"私立全位文理技藝短期補習班","主管機關文件單位代碼":"","電子郵件":"u560207@yahoo.com.tw","短期補習班類別":"文理類","地址":"花蓮市德安一街40號","立案時間":"2004-04-09","各地短期補習班數量":"156"},{"地區縣市":"花蓮縣政府","短期補習班名稱":"私立春田文理技藝短期補習班","主管機關文件單位代碼":"","電子郵件":"spring.field@msa.hinet.net","短期補習班類別":"文理類","地址":"花蓮縣吉安鄉壽昌街31號1至2樓","立案時間":"2003-09-23","各地短期補習班數量":"156"},{"地區縣市":"花蓮縣政府","短期補習班名稱":"私立諾貝爾文理短期補習班","主管機關文件單位代碼":"","電子郵件":"","短期補習班類別":"文理類","地址":"花蓮縣吉安鄉建昌路187號","立案時間":"2007-02-05","各地短期補習班數量":"156"},{"地區縣市":"花蓮縣政府","短期補習班名稱":"私立羅揚文理短期補習班","主管機關文件單位代碼":"","電子郵件":"","短期補習班類別":"文理類","地址":"花蓮市林榮街116巷5號1至2樓","立案時間":"2005-03-16","各地短期補習班數量":"156"},{"地區縣市":"花蓮縣政府","短期補習班名稱":"夢想家民權教室文理技藝短期補習班","主管機關文件單位代碼":"","電子郵件":"x0921097547@gmail.com","短期補習班類別":"文理類","地址":"花蓮市民權九街8-2號1樓","立案時間":"2006-06-21","各地短期補習班數量":"156"},{"地區縣市":"花蓮縣政府","短期補習班名稱":"私立樂畫17美術音樂技藝短期補習班","主管機關文件單位代碼":"","電子郵件":"","短期補習班類別":"音樂、舞蹈類","地址":"吉安鄉自立路二段17號1樓","立案時間":"2022-07-25","各地短期補習班數量":"156"},{"地區縣市":"花蓮縣政府","短期補習班名稱":"私立健弘短期補習班","主管機關文件單位代碼":"","電子郵件":"","短期補習班類別":"文理類","地址":"花蓮市國民12街59號1樓","立案時間":"2022-07-15","各地短期補習班數量":"156"},{"地區縣市":"花蓮縣政府","短期補習班名稱":"私立巨人太昌短期補習班","主管機關文件單位代碼":"","電子郵件":"","短期補習班類別":"文理類","地址":"花蓮縣吉安鄉明仁一街185巷23號1至2樓","立案時間":"2020-11-25","各地短期補習班數量":"156"},{"地區縣市":"花蓮縣政府","短期補習班名稱":"私立巧巧國文創意作文短期補習班","主管機關文件單位代碼":"","電子郵件":"","短期補習班類別":"文理類","地址":"花蓮市中美路159號3樓","立案時間":"2022-03-07","各地短期補習班數量":"156"},{"地區縣市":"花蓮縣政府","短期補習班名稱":"私立林碧珠陶藝技藝短期補習班","主管機關文件單位代碼":"","電子郵件":"","短期補習班類別":"美術、書法、攝影、美工設計、圍棋類","地址":"花蓮縣吉安鄉建昌路130號1至2樓","立案時間":"2022-01-05","各地短期補習班數量":"156"},{"地區縣市":"花蓮縣政府","短期補習班名稱":"私立承億文理短期補習班","主管機關文件單位代碼":"","電子郵件":"","短期補習班類別":"文理類","地址":"花蓮市民國路7號2樓","立案時間":"2022-01-20","各地短期補習班數量":"156"},{"地區縣市":"花蓮縣政府","短期補習班名稱":"私立劉洋文理短期補習班","主管機關文件單位代碼":"0980185444","電子郵件":"danisliu785@gmail.com","短期補習班類別":"文理類","地址":"花蓮市中和街214巷36號1-2樓","立案時間":"2009-11-02","各地短期補習班數量":"156"},{"地區縣市":"花蓮縣政府","短期補習班名稱":"私立頂勝文理技藝短期補習班","主管機關文件單位代碼":"","電子郵件":"","短期補習班類別":"文理類","地址":"花蓮市中原路366號1至3樓","立案時間":"2021-07-14","各地短期補習班數量":"156"},{"地區縣市":"花蓮縣政府","短期補習班名稱":"私立愛可美語短期補習班","主管機關文件單位代碼":"","電子郵件":"jxlin2271@yahoo.com","短期補習班類別":"外語類","地址":"花蓮市國興2街97號","立案時間":"1996-08-21","各地短期補習班數量":"156"},{"地區縣市":"花蓮縣政府","短期補習班名稱":"私立華盛頓美語文理短期補習班","主管機關文件單位代碼":"","電子郵件":"yisheng0617@gmail.com","短期補習班類別":"文理類","地址":"花蓮市仁愛街125號1至2樓","立案時間":"2005-12-19","各地短期補習班數量":"156"},{"地區縣市":"花蓮縣政府","短期補習班名稱":"私立智慧森林文理技藝短期補習班","主管機關文件單位代碼":"","電子郵件":"lulubox@gmail.com","短期補習班類別":"文理類","地址":"花蓮市建國路107巷26之1號2樓","立案時間":"2012-02-21","各地短期補習班數量":"156"},{"地區縣市":"花蓮縣政府","短期補習班名稱":"私立鄭傳英文短期補習班","主管機關文件單位代碼":"","電子郵件":"","短期補習班類別":"文理類","地址":"花蓮市國風街52-1號1樓","立案時間":"2019-10-07","各地短期補習班數量":"156"},{"地區縣市":"花蓮縣政府","短期補習班名稱":"私立家私塾短期補習班","主管機關文件單位代碼":"","電子郵件":"mika1833@gmail.com","短期補習班類別":"文理類","地址":"花蓮市國風街27號","立案時間":"2016-04-12","各地短期補習班數量":"156"},{"地區縣市":"花蓮縣政府","短期補習班名稱":"私立吉米的英文工廠文理短期補習班","主管機關文件單位代碼":"","電子郵件":"jimmystud9999@yahoo.com.tw","短期補習班類別":"外語類","地址":"花蓮市國風街36號","立案時間":"2010-04-20","各地短期補習班數量":"156"},{"地區縣市":"花蓮縣政府","短期補習班名稱":"私立新學賦文理短期補習班","主管機關文件單位代碼":"","電子郵件":"marslee0727@gmail.com","短期補習班類別":"文理類","地址":"花蓮市中華路325~2號1-4樓","立案時間":"2020-06-22","各地短期補習班數量":"156"},{"地區縣市":"花蓮縣政府","短期補習班名稱":"私立躍進文理短期補習班","主管機關文件單位代碼":"","電子郵件":"","短期補習班類別":"文理類","地址":"花蓮市鎮國街5號1至2樓及花蓮市鎮國街3號5樓","立案時間":"2014-08-15","各地短期補習班數量":"156"},{"地區縣市":"花蓮縣政府","短期補習班名稱":"私立高登短期補習班","主管機關文件單位代碼":"","電子郵件":"","短期補習班類別":"文理類","地址":"花蓮市光復街87號2樓","立案時間":"2016-12-13","各地短期補習班數量":"156"},{"地區縣市":"花蓮縣政府","短期補習班名稱":"私立喬登美語文理短期補習班","主管機關文件單位代碼":"","電子郵件":"u320209@gmail.com","短期補習班類別":"文理類","地址":"花蓮市榮正街6號1至2樓","立案時間":"2007-05-04","各地短期補習班數量":"156"},{"地區縣市":"花蓮縣政府","短期補習班名稱":"小荳荳語文補習班","主管機關文件單位代碼":"","電子郵件":"","短期補習班類別":"外語類","地址":"花蓮市國民二街6號","立案時間":"1999-03-12","各地短期補習班數量":"156"},{"地區縣市":"花蓮縣政府","短期補習班名稱":"私立美育文理技藝短期補習班","主管機關文件單位代碼":"","電子郵件":"u310500@gmail.com","短期補習班類別":"文理類","地址":"花蓮市富吉路38號1至3樓","立案時間":"2021-04-15","各地短期補習班數量":"156"},{"地區縣市":"花蓮縣政府","短期補習班名稱":"私立香柏樹短期補習班","主管機關文件單位代碼":"","電子郵件":"","短期補習班類別":"文理類","地址":"吉安鄉北昌村5鄰自立路37號1樓","立案時間":"2021-07-29","各地短期補習班數量":"156"},{"地區縣市":"花蓮縣政府","短期補習班名稱":"私立高傑數學短期補習班","主管機關文件單位代碼":"","電子郵件":"","短期補習班類別":"文理類","地址":"花蓮縣吉安鄉和平路1段10號1樓","立案時間":"2021-08-30","各地短期補習班數量":"156"},{"地區縣市":"花蓮縣政府","短期補習班名稱":"私立王朝數學短期補習班","主管機關文件單位代碼":"","電子郵件":"","短期補習班類別":"文理類","地址":"花蓮市國風街35號1至3樓","立案時間":"2007-10-18","各地短期補習班數量":"156"},{"地區縣市":"花蓮縣政府","短期補習班名稱":"私立哈囉巨人文理短期補習班","主管機關文件單位代碼":"","電子郵件":"jeniffer@life.fubon.com","短期補習班類別":"文理類","地址":"花蓮縣吉安鄉莊敬路207號","立案時間":"2004-08-02","各地短期補習班數量":"156"},{"地區縣市":"花蓮縣政府","短期補習班名稱":"私立博達文理短期補習班","主管機關文件單位代碼":"","電子郵件":"benna1202@yahoo.com.tw","短期補習班類別":"文理類","地址":"花蓮市福建街168號1-2樓","立案時間":"2014-10-06","各地短期補習班數量":"156"},{"地區縣市":"花蓮縣政府","短期補習班名稱":"私立蕭彰文理技藝短期補習班","主管機關文件單位代碼":"","電子郵件":"hsiaozhang2016@gmail.com","短期補習班類別":"文理類","地址":"花蓮縣新城鄉北埔村北埔路163巷11號1-2樓","立案時間":"2016-10-03","各地短期補習班數量":"156"},{"地區縣市":"花蓮縣政府","短期補習班名稱":"私立楊老師英文教室短期補習班","主管機關文件單位代碼":"","電子郵件":"","短期補習班類別":"文理類","地址":"花蓮縣新城鄉北埔村北埔路56號1樓","立案時間":"2015-07-21","各地短期補習班數量":"156"},{"地區縣市":"花蓮縣政府","短期補習班名稱":"私立捷紳文理短期補習班","主管機關文件單位代碼":"","電子郵件":"","短期補習班類別":"文理類","地址":"花蓮縣吉安鄉慶豐六街134號1樓","立案時間":"2006-11-02","各地短期補習班數量":"156"},{"地區縣市":"花蓮縣政府","短期補習班名稱":"私立向日葵短期補習班","主管機關文件單位代碼":"","電子郵件":"chiyinliu923@gmail.com","短期補習班類別":"文理類","地址":"花蓮市介林五街297號1至2樓","立案時間":"2019-06-17","各地短期補習班數量":"156"},{"地區縣市":"花蓮縣政府","短期補習班名稱":"私立為碩短期補習班","主管機關文件單位代碼":"","電子郵件":"wjshing@hotmail.com","短期補習班類別":"文理類","地址":"花蓮縣瑞穗鄉瑞美村7鄰中興路59號1至2樓","立案時間":"2019-07-19","各地短期補習班數量":"156"},{"地區縣市":"花蓮縣政府","短期補習班名稱":"私立蔡銘文理短期補習班","主管機關文件單位代碼":"","電子郵件":"transformers0628@gmail.com","短期補習班類別":"文理類","地址":"花蓮市民國路82號1-5樓","立案時間":"2016-07-21","各地短期補習班數量":"156"},{"地區縣市":"花蓮縣政府","短期補習班名稱":"私立茱莉亞音樂教室技藝短期補習班","主管機關文件單位代碼":"","電子郵件":"weng0814260@gmail.com","短期補習班類別":"音樂、舞蹈類","地址":"花蓮市博愛街260號1至2樓","立案時間":"2008-03-12","各地短期補習班數量":"156"},{"地區縣市":"花蓮縣政府","短期補習班名稱":"私立亞瑟王美語短期補習班","主管機關文件單位代碼":"","電子郵件":"mandy_b_free@yahoo.com","短期補習班類別":"外語類","地址":"花蓮市中和街101號1至3樓","立案時間":"2003-12-19","各地短期補習班數量":"156"},{"地區縣市":"花蓮縣政府","短期補習班名稱":"私立將軍文理技藝短期補習班","主管機關文件單位代碼":"","電子郵件":"","短期補習班類別":"外語類","地址":"花蓮縣吉安鄉吉興一街373巷26號1-3樓","立案時間":"2012-12-05","各地短期補習班數量":"156"},{"地區縣市":"花蓮縣政府","短期補習班名稱":"薛老師補習班","主管機關文件單位代碼":"","電子郵件":"p226553@yahoo.com.tw","短期補習班類別":"商類：珠算、心算、會計","地址":"花蓮市中美路117號3樓之3","立案時間":"2000-01-04","各地短期補習班數量":"156"},{"地區縣市":"花蓮縣政府","短期補習班名稱":"私立文林文理短期補習班","主管機關文件單位代碼":"","電子郵件":"a0970176920@gmail.com","短期補習班類別":"文理類","地址":"花蓮市民國路17號2至3樓","立案時間":"2005-11-02","各地短期補習班數量":"156"},{"地區縣市":"花蓮縣政府","短期補習班名稱":"私立建林文理短期補習班","主管機關文件單位代碼":"","電子郵件":"blackie0758@me.com","短期補習班類別":"文理類","地址":"花蓮市林森路261-1號","立案時間":"2004-05-05","各地短期補習班數量":"156"},{"地區縣市":"花蓮縣政府","短期補習班名稱":"私立聖漢克英文補習班","主管機關文件單位代碼":"","電子郵件":"","短期補習班類別":"外語類","地址":"花蓮市鎮國街3號4樓","立案時間":"2002-08-06","各地短期補習班數量":"156"},{"地區縣市":"花蓮縣政府","短期補習班名稱":"私立頌恩音樂中心文理技藝短期補習班","主管機關文件單位代碼":"","電子郵件":"lily000315@gmail.com","短期補習班類別":"文理類","地址":"花蓮縣玉里鎮和平路37巷1號1-4樓","立案時間":"2008-11-03","各地短期補習班數量":"156"},{"地區縣市":"花蓮縣政府","短期補習班名稱":"私立勝一文理短期補習班","主管機關文件單位代碼":"","電子郵件":"u08099021217@yahoo.com.tw","短期補習班類別":"文理類","地址":"花蓮市復興街21號2樓","立案時間":"2004-05-21","各地短期補習班數量":"156"},{"地區縣市":"花蓮縣政府","短期補習班名稱":"私立岳老師文理短期補習班","主管機關文件單位代碼":"","電子郵件":"yuehlh@gmail.com","短期補習班類別":"文理類","地址":"花蓮市中美三街86之7號1至2樓","立案時間":"2006-12-01","各地短期補習班數量":"156"},{"地區縣市":"花蓮縣政府","短期補習班名稱":"私立倍斯特文理短期補習班","主管機關文件單位代碼":"","電子郵件":"kellykelly1015@gmail.com","短期補習班類別":"文理類","地址":"花蓮縣新城鄉北埔村民權街255號1至3樓","立案時間":"2007-05-31","各地短期補習班數量":"156"},{"地區縣市":"花蓮縣政府","短期補習班名稱":"私立吉力亞文理短期補習班","主管機關文件單位代碼":"","電子郵件":"","短期補習班類別":"文理類","地址":"花蓮縣新城鄉新城村仁愛路5巷2-10號","立案時間":"2008-05-19","各地短期補習班數量":"156"},{"地區縣市":"花蓮縣政府","短期補習班名稱":"私立夢想家文理短期補習班","主管機關文件單位代碼":"","電子郵件":"","短期補習班類別":"文理類","地址":"花蓮市中美路86號1-2樓","立案時間":"2018-01-17","各地短期補習班數量":"156"},{"地區縣市":"花蓮縣政府","短期補習班名稱":"私立吉甫文理技藝短期補習班","主管機關文件單位代碼":"","電子郵件":"stacy200125@yahoo.com.tw","短期補習班類別":"文理類","地址":"花蓮縣新城鄉北埔村光復路241號1樓","立案時間":"2006-11-08","各地短期補習班數量":"156"},{"地區縣市":"花蓮縣政府","短期補習班名稱":"私立麗姿坊文理短期補習班","主管機關文件單位代碼":"","電子郵件":"","短期補習班類別":"文理類","地址":"花蓮縣新城鄉北埔村光復路257號","立案時間":"2009-07-21","各地短期補習班數量":"156"},{"地區縣市":"花蓮縣政府","短期補習班名稱":"私立小飛象文理短期補習班","主管機關文件單位代碼":"","電子郵件":"","短期補習班類別":"文理類","地址":"花蓮縣吉安鄉東海十街171號","立案時間":"2007-07-02","各地短期補習班數量":"156"},{"地區縣市":"花蓮縣政府","短期補習班名稱":"私立新唯勤外語補習班","主管機關文件單位代碼":"","電子郵件":"","短期補習班類別":"外語類","地址":"花蓮縣玉里鎮忠仁路41號1至3樓","立案時間":"2007-03-23","各地短期補習班數量":"156"},{"地區縣市":"花蓮縣政府","短期補習班名稱":"私立躍昇文理短期補習班","主管機關文件單位代碼":"","電子郵件":"shwujen0127@gmail.com","短期補習班類別":"文理類","地址":"花蓮市和平路469號","立案時間":"2015-11-11","各地短期補習班數量":"156"},{"地區縣市":"花蓮縣政府","短期補習班名稱":"私立杰生文理短期補習班","主管機關文件單位代碼":"","電子郵件":"lai.melody@msa.hinet.net","短期補習班類別":"文理類","地址":"花蓮縣吉安鄉吉興路1段23-8號1樓","立案時間":"2003-12-19","各地短期補習班數量":"156"},{"地區縣市":"花蓮縣政府","短期補習班名稱":"私立種籽文理技藝短期補習班","主管機關文件單位代碼":"","電子郵件":"seed9794@yahoo.com.tw","短期補習班類別":"外語類","地址":"花蓮縣吉安鄉建國路一段36號2樓及3樓","立案時間":"2005-12-19","各地短期補習班數量":"156"},{"地區縣市":"花蓮縣政府","短期補習班名稱":"私立哈佛文理技藝短期補習班","主管機關文件單位代碼":"","電子郵件":"jliang927@yahoo.com","短期補習班類別":"外語類","地址":"花蓮市富祥街51號","立案時間":"2005-11-25","各地短期補習班數量":"156"},{"地區縣市":"花蓮縣政府","短期補習班名稱":"私立彭晨數學文理短期補習班","主管機關文件單位代碼":"","電子郵件":"weiwei282588@gmail.com","短期補習班類別":"文理類","地址":"花蓮市民國路7號5樓","立案時間":"2002-03-11","各地短期補習班數量":"156"},{"地區縣市":"花蓮縣政府","短期補習班名稱":"私立成長之樂文理技藝短期補習班","主管機關文件單位代碼":"","電子郵件":"musicis.happy@msa.hinet.net","短期補習班類別":"文理類","地址":"花蓮縣吉安鄉勝安村勝安一街56號1至2樓","立案時間":"2007-11-28","各地短期補習班數量":"156"},{"地區縣市":"花蓮縣政府","短期補習班名稱":"私立佳姿文理短期補習班","主管機關文件單位代碼":"","電子郵件":"L6457@ms21.hinet.net","短期補習班類別":"外語類","地址":"花蓮市三民街82之6號3樓","立案時間":"2002-09-09","各地短期補習班數量":"156"},{"地區縣市":"花蓮縣政府","短期補習班名稱":"私立中國青年救國團花蓮縣團委會附設社會教育研習中心技藝短期補習班","主管機關文件單位代碼":"","電子郵件":"","短期補習班類別":"文理類","地址":"花蓮市自由街150號4樓之3及4樓之5","立案時間":"1998-09-23","各地短期補習班數量":"156"},{"地區縣市":"花蓮縣政府","短期補習班名稱":"私立小丫文理技藝短期補習班","主管機關文件單位代碼":"","電子郵件":"chien1127@gmail.com","短期補習班類別":"文理類","地址":"花蓮縣吉安鄉文化七街17號1-5樓","立案時間":"2009-05-06","各地短期補習班數量":"156"},{"地區縣市":"花蓮縣政府","短期補習班名稱":"私立才智文理技藝短期補習班","主管機關文件單位代碼":"","電子郵件":"a093883@gmail.com","短期補習班類別":"文理類","地址":"花蓮市建國路二段626號1-4樓","立案時間":"2008-03-11","各地短期補習班數量":"156"},{"地區縣市":"花蓮縣政府","短期補習班名稱":"私立小畫家文理技藝短期補習班","主管機關文件單位代碼":"","電子郵件":"","短期補習班類別":"外語類","地址":"花蓮市建國路85之1號","立案時間":"2006-03-30","各地短期補習班數量":"156"},{"地區縣市":"花蓮縣政府","短期補習班名稱":"私立茁苗文理技藝短期補習班","主管機關文件單位代碼":"","電子郵件":"cwirislin@gmail.com","短期補習班類別":"文理類","地址":"花蓮市中美三街86號．86-1號1-3樓、中美路89巷16號1-2樓","立案時間":"2012-02-20","各地短期補習班數量":"156"},{"地區縣市":"花蓮縣政府","短期補習班名稱":"私立經緯文理技藝短期補習班","主管機關文件單位代碼":"","電子郵件":"hsin08617@yahoo.com.tw","短期補習班類別":"文理類","地址":"花蓮市榮正街85號","立案時間":"2003-08-27","各地短期補習班數量":"156"},{"地區縣市":"花蓮縣政府","短期補習班名稱":"私立強生文理短期補習班","主管機關文件單位代碼":"","電子郵件":"jowa323@yahoo.com.tw","短期補習班類別":"外語類","地址":"花蓮縣光復鄉中華路214號","立案時間":"2005-10-06","各地短期補習班數量":"156"},{"地區縣市":"花蓮縣政府","短期補習班名稱":"私立何嘉仁文理短期補習班","主管機關文件單位代碼":"","電子郵件":"hs3371@hess.com.tw","短期補習班類別":"外語類","地址":"花蓮市博愛街272號2樓及3樓","立案時間":"2002-07-03","各地短期補習班數量":"156"},{"地區縣市":"花蓮縣政府","短期補習班名稱":"私立巨人文理短期補習班","主管機關文件單位代碼":"","電子郵件":"","短期補習班類別":"文理類","地址":"花蓮市民國路32-3號","立案時間":"1996-10-16","各地短期補習班數量":"156"},{"地區縣市":"花蓮縣政府","短期補習班名稱":"私立全功文理短期補習班","主管機關文件單位代碼":"","電子郵件":"hsu.mingmin@msa.hinet.net","短期補習班類別":"文理類","地址":"花蓮市建林街177巷26號","立案時間":"2007-07-16","各地短期補習班數量":"156"},{"地區縣市":"花蓮縣政府","短期補習班名稱":"私立小袋鼠文理技藝短期補習班","主管機關文件單位代碼":"","電子郵件":"cwj480120@gmail.com","短期補習班類別":"文理類","地址":"花蓮市國富21街42號","立案時間":"2000-06-21","各地短期補習班數量":"156"},{"地區縣市":"花蓮縣政府","短期補習班名稱":"私立賽恩斯資優科學教室短期補習班","主管機關文件單位代碼":"","電子郵件":"","短期補習班類別":"文理類","地址":"花蓮市榮正街116號1樓","立案時間":"2016-08-03","各地短期補習班數量":"156"},{"地區縣市":"花蓮縣政府","短期補習班名稱":"私立佳英英語會話短期補習班","主管機關文件單位代碼":"","電子郵件":"joycoco.hualien@msa.hinet.net","短期補習班類別":"外語類","地址":"花蓮市大同街10-1號1-3樓","立案時間":"1991-04-12","各地短期補習班數量":"156"},{"地區縣市":"花蓮縣政府","短期補習班名稱":"私立謝老師珠心算文理技藝短期補習班","主管機關文件單位代碼":"","電子郵件":"chinlin213@gmail.com","短期補習班類別":"文理類","地址":"花蓮市建林街83號1-3樓","立案時間":"2003-06-16","各地短期補習班數量":"156"},{"地區縣市":"花蓮縣政府","短期補習班名稱":"私立謝老師珠心算技藝短期補習班富國分班","主管機關文件單位代碼":"","電子郵件":"chinlin213@gmail.com","短期補習班類別":"商類：珠算、心算、會計","地址":"花蓮市富國路58號1樓","立案時間":"2009-05-06","各地短期補習班數量":"156"},{"地區縣市":"花蓮縣政府","短期補習班名稱":"私立超越文理短期補習班","主管機關文件單位代碼":"","電子郵件":"ninaliang52@yahoo.com.tw","短期補習班類別":"文理類","地址":"花蓮縣玉里鎮中正路52號1-3樓","立案時間":"2008-06-19","各地短期補習班數量":"156"},{"地區縣市":"花蓮縣政府","短期補習班名稱":"私立冠軍文理短期補習班","主管機關文件單位代碼":"","電子郵件":"u0986076726@gmail.com","短期補習班類別":"文理類","地址":"花蓮市榮正街167號1-2樓","立案時間":"2007-12-20","各地短期補習班數量":"156"},{"地區縣市":"花蓮縣政府","短期補習班名稱":"私立劍橋花蓮英語文理短期補習班","主管機關文件單位代碼":"","電子郵件":"sunismo@yahoo.com.tw","短期補習班類別":"文理類","地址":"花蓮市中美三街56號及花蓮市民權7街18號1樓","立案時間":"2007-12-25","各地短期補習班數量":"156"},{"地區縣市":"花蓮縣政府","短期補習班名稱":"私立小精靈文理短期補習班","主管機關文件單位代碼":"","電子郵件":"tanpei1217@hotmail.com","短期補習班類別":"文理類","地址":"花蓮縣吉安鄉北昌村自強路528號3樓","立案時間":"2007-07-06","各地短期補習班數量":"156"},{"地區縣市":"花蓮縣政府","短期補習班名稱":"私立學暘文理短期補習班","主管機關文件單位代碼":"","電子郵件":"a8510659@yahoo.com.tw","短期補習班類別":"文理類","地址":"花蓮縣吉安鄉稻香村稻香三街16號1至2樓","立案時間":"2007-06-12","各地短期補習班數量":"156"},{"地區縣市":"花蓮縣政府","短期補習班名稱":"私立喬依學園文理技藝短期補習班","主管機關文件單位代碼":"","電子郵件":"","短期補習班類別":"文理類","地址":"花蓮縣光復鄉敦厚路10號1至3樓","立案時間":"2007-05-30","各地短期補習班數量":"156"},{"地區縣市":"花蓮縣政府","短期補習班名稱":"私立小太陽文理短期補習班","主管機關文件單位代碼":"","電子郵件":"","短期補習班類別":"文理類","地址":"花蓮縣新城鄉康樂村大漢街270號1至2樓","立案時間":"2007-03-08","各地短期補習班數量":"156"},{"地區縣市":"花蓮縣政府","短期補習班名稱":"私立頂尖文理技藝短期補習班","主管機關文件單位代碼":"","電子郵件":"Sin.yi2@msa.hinet.net","短期補習班類別":"文理類","地址":"花蓮縣吉安鄉南昌村文化一街3號","立案時間":"2006-06-16","各地短期補習班數量":"156"},{"地區縣市":"花蓮縣政府","短期補習班名稱":"私立溫老師文理短期補習班","主管機關文件單位代碼":"","電子郵件":"citysunm@hotmail.com","短期補習班類別":"文理類","地址":"花蓮縣光復鄉中興路572巷8號1樓","立案時間":"2006-10-11","各地短期補習班數量":"156"},{"地區縣市":"花蓮縣政府","短期補習班名稱":"私立安格文理技藝短期補習班","主管機關文件單位代碼":"","電子郵件":"","短期補習班類別":"外語類","地址":"花蓮市國風街21巷23號1-2樓","立案時間":"2006-10-03","各地短期補習班數量":"156"},{"地區縣市":"花蓮縣政府","短期補習班名稱":"私立歡樂美語文理短期補習班","主管機關文件單位代碼":"","電子郵件":"elaine_Jeng@yahoo.com","短期補習班類別":"文理類","地址":"花蓮縣鳳林鎮中山路9號、11號1樓","立案時間":"2006-07-26","各地短期補習班數量":"156"},{"地區縣市":"花蓮縣政府","短期補習班名稱":"私立傑出兒童文理技藝短期補習班","主管機關文件單位代碼":"","電子郵件":"angel.a8@msa.hinet.net","短期補習班類別":"文理類","地址":"花蓮市民權八街79號","立案時間":"2006-04-20","各地短期補習班數量":"156"},{"地區縣市":"花蓮縣政府","短期補習班名稱":"私立華陽文理短期補習班","主管機關文件單位代碼":"","電子郵件":"","短期補習班類別":"文理類","地址":"花蓮市中原路417號","立案時間":"2004-09-03","各地短期補習班數量":"156"},{"地區縣市":"花蓮縣政府","短期補習班名稱":"私立林老師技藝短期補習班","主管機關文件單位代碼":"","電子郵件":"mlwgm0935@gmail.com","短期補習班類別":"商類：珠算、心算、會計","地址":"花蓮縣吉安鄉北昌3街18巷10號1樓","立案時間":"2004-08-25","各地短期補習班數量":"156"},{"地區縣市":"花蓮縣政府","短期補習班名稱":"私立小叮噹文理短期補習班","主管機關文件單位代碼":"","電子郵件":"yng0919@yahoo.com.tw","短期補習班類別":"文理類","地址":"花蓮縣玉里鎮中正路5號","立案時間":"2003-02-18","各地短期補習班數量":"156"},{"地區縣市":"花蓮縣政府","短期補習班名稱":"私立三元文理短期補習班","主管機關文件單位代碼":"","電子郵件":"","短期補習班類別":"文理類","地址":"花蓮市建國路二段792號1至4樓","立案時間":"2002-12-04","各地短期補習班數量":"156"},{"地區縣市":"花蓮縣政府","短期補習班名稱":"私立富泰水電技藝短期補習班","主管機關文件單位代碼":"","電子郵件":"like.fts@msa.hinet.net","短期補習班類別":"電機、汽車修護、建築、工藝、製圖類","地址":"花蓮市中山路2段68號","立案時間":"2002-09-24","各地短期補習班數量":"156"},{"地區縣市":"花蓮縣政府","短期補習班名稱":"私立斯威特文理技藝短期補習班","主管機關文件單位代碼":"","電子郵件":"sweet8355185@gmail.com","短期補習班類別":"文理類","地址":"花蓮市建林街八十一號","立案時間":"2001-05-08","各地短期補習班數量":"156"},{"地區縣市":"花蓮縣政府","短期補習班名稱":"私立遠景文理技藝短期補習班","主管機關文件單位代碼":"","電子郵件":"rain2216981@gmail.com","短期補習班類別":"文理類","地址":"花蓮縣鳳林鎮中正路二段84號1-3樓","立案時間":"2008-06-19","各地短期補習班數量":"156"},{"地區縣市":"花蓮縣政府","短期補習班名稱":"私立快樂寶貝園文理技藝短期補習班","主管機關文件單位代碼":"","電子郵件":"","短期補習班類別":"文理類","地址":"花蓮市忠義一街28號3樓","立案時間":"2008-08-12","各地短期補習班數量":"156"},{"地區縣市":"花蓮縣政府","短期補習班名稱":"私立徐氏英語會話短期補習班","主管機關文件單位代碼":"","電子郵件":"","短期補習班類別":"外語類","地址":"花蓮市中原路393號","立案時間":"1999-05-10","各地短期補習班數量":"156"},{"地區縣市":"花蓮縣政府","短期補習班名稱":"功學社音樂中心股份有限公司附設洄瀾音樂短期補習班","主管機關文件單位代碼":"","電子郵件":"","短期補習班類別":"音樂、舞蹈類","地址":"花蓮市中山路475-3號","立案時間":"1984-02-24","各地短期補習班數量":"156"},{"地區縣市":"花蓮縣政府","短期補習班名稱":"私立全方位文理短期補習班","主管機關文件單位代碼":"","電子郵件":"elva598.chen@msa.hinet.net","短期補習班類別":"文理類","地址":"花蓮市中和街97號","立案時間":"2002-03-04","各地短期補習班數量":"156"},{"地區縣市":"花蓮縣政府","短期補習班名稱":"私立桑德斯文理短期補習班","主管機關文件單位代碼":"","電子郵件":"tsaichiehchien@gmail.com","短期補習班類別":"文理類","地址":"花蓮市建中街50巷1號(1樓至4樓)","立案時間":"2000-06-21","各地短期補習班數量":"156"},{"地區縣市":"花蓮縣政府","短期補習班名稱":"大總統文化事業有限公司附設大東海法商電腦短期補習班負責人高朝棟","主管機關文件單位代碼":"","電子郵件":"chai8336286@yahoo.com.tw","短期補習班類別":"文理類","地址":"花蓮市中山路406之1號1至5樓","立案時間":"2000-09-05","各地短期補習班數量":"156"},{"地區縣市":"花蓮縣政府","短期補習班名稱":"私立小牛津文理短期補習班","主管機關文件單位代碼":"","電子郵件":"","短期補習班類別":"文理類","地址":"花蓮市國盛二街57號1-2樓","立案時間":"2000-10-26","各地短期補習班數量":"156"},{"地區縣市":"花蓮縣政府","短期補習班名稱":"私立大亞文理短期補習班","主管機關文件單位代碼":"","電子郵件":"","短期補習班類別":"文理類","地址":"花蓮縣吉安鄉中原路一段79號","立案時間":"2001-05-25","各地短期補習班數量":"156"},{"地區縣市":"花蓮縣政府","短期補習班名稱":"九章文理補習班","主管機關文件單位代碼":"","電子郵件":"ll717@ms8.hinet.net","短期補習班類別":"文理類","地址":"花蓮市大同街112-8號5樓","立案時間":"2002-11-12","各地短期補習班數量":"156"},{"地區縣市":"花蓮縣政府","短期補習班名稱":"私立藍海資訊技藝短期補習班","主管機關文件單位代碼":"","電子郵件":"","短期補習班類別":"資訊類","地址":"花蓮市明禮路18之5號1-2樓","立案時間":"2000-10-19","各地短期補習班數量":"156"},{"地區縣市":"花蓮縣政府","短期補習班名稱":"私立廣大文理技藝短期補習班","主管機關文件單位代碼":"","電子郵件":"fk5233@yahoo.com.tw","短期補習班類別":"文理類","地址":"花蓮縣玉里鎮仁愛路一段126號1-3樓","立案時間":"2008-11-07","各地短期補習班數量":"156"},{"地區縣市":"花蓮縣政府","短期補習班名稱":"私立有容文理技藝短期補習班","主管機關文件單位代碼":"","電子郵件":"u8884026@yahoo.com.tw","短期補習班類別":"外語類","地址":"花蓮縣玉里鎮仁愛路一段84號1-3樓","立案時間":"2008-12-31","各地短期補習班數量":"156"},{"地區縣市":"花蓮縣政府","短期補習班名稱":"私立新天地文理短期補習班","主管機關文件單位代碼":"","電子郵件":"bctseng@ms13.url.com.tw","短期補習班類別":"文理類","地址":"花蓮市順興路34號","立案時間":"2000-03-24","各地短期補習班數量":"156"},{"地區縣市":"花蓮縣政府","短期補習班名稱":"私立亞典技藝短期補習班","主管機關文件單位代碼":"","電子郵件":"vivian680130@yahoo.com.tw","短期補習班類別":"美術、書法、攝影、美工設計、圍棋類","地址":"花蓮市南京街62號1樓","立案時間":"2011-12-15","各地短期補習班數量":"156"},{"地區縣市":"花蓮縣政府","短期補習班名稱":"私立夏綠蒂音樂教室技藝短期補習班","主管機關文件單位代碼":"","電子郵件":"","短期補習班類別":"音樂、舞蹈類","地址":"花蓮市民權六街18號1-2樓","立案時間":"2013-06-13","各地短期補習班數量":"156"},{"地區縣市":"花蓮縣政府","短期補習班名稱":"私立鍾老師文理技藝短期補習班","主管機關文件單位代碼":"","電子郵件":"bigsheeppp@gmail.com","短期補習班類別":"文理類","地址":"花蓮市民國路5巷18．19號","立案時間":"2014-06-20","各地短期補習班數量":"156"},{"地區縣市":"花蓮縣政府","短期補習班名稱":"私立動動腦兒童教室文理短期補習班","主管機關文件單位代碼":"","電子郵件":"","短期補習班類別":"文理類","地址":"花蓮市花蓮市廣東街97號","立案時間":"2015-10-15","各地短期補習班數量":"156"},{"地區縣市":"花蓮縣政府","短期補習班名稱":"私立勵智文理短期補習班","主管機關文件單位代碼":"","電子郵件":"q540628@gmail.com","短期補習班類別":"文理類","地址":"花蓮市花蓮市中和街91號","立案時間":"2016-03-23","各地短期補習班數量":"156"}]
