



[{"地區縣市":"基隆市政府","短期補習班名稱":"基隆市私立上勤文理短期補習班","主管機關文件單位代碼":"383","電子郵件":"cechou6410@gmail.com","短期補習班類別":"文理類","地址":"基隆市仁愛區仁二路120號3樓","立案時間":"2015-07-13","各地短期補習班數量":"210"},{"地區縣市":"基隆市政府","短期補習班名稱":"岑英文教有限公司附設基隆市私立証馨文理短期補習班","主管機關文件單位代碼":"030","電子郵件":"cechou6410@gmail.com","短期補習班類別":"文理類","地址":"基隆市安樂區安樂路2段130-2號3樓、基隆市安樂區安樂路2段132-2號3樓","立案時間":"2002-04-10","各地短期補習班數量":"210"},{"地區縣市":"基隆市政府","短期補習班名稱":"岑英文教有限公司附設基隆市私立岑英文理短期補習班","主管機關文件單位代碼":"025","電子郵件":"cechou@hotmail.com","短期補習班類別":"文理類","地址":"基隆市信義區信一路132號4樓之1、 基隆市信義區信一路132號4樓之2","立案時間":"2002-05-20","各地短期補習班數量":"210"},{"地區縣市":"基隆市政府","短期補習班名稱":"施化難陀有限公司附設基隆市私立境瑜珈短期補習班","主管機關文件單位代碼":"391","電子郵件":"sivananda.keelung@gmail.com","短期補習班類別":"瑜珈類","地址":"基隆市中正區義一路18號15樓","立案時間":"2016-08-31","各地短期補習班數量":"210"},{"地區縣市":"基隆市政府","短期補習班名稱":"基隆市私立捷美語文短期補習班","主管機關文件單位代碼":"363","電子郵件":"hs1097@hess.com.tw","短期補習班類別":"外語類","地址":"基隆市信義區深溪路35號1-4樓","立案時間":"2013-09-26","各地短期補習班數量":"210"},{"地區縣市":"基隆市政府","短期補習班名稱":"基隆市私立陳老師文理短期補習班","主管機關文件單位代碼":"253","電子郵件":"grace.lian@msa.hinet.net","短期補習班類別":"文理類","地址":"基隆市中正區信一路158號2-3樓","立案時間":"2006-01-06","各地短期補習班數量":"210"},{"地區縣市":"基隆市政府","短期補習班名稱":"基隆市私立學而思文理短期補習班","主管機關文件單位代碼":"403","電子郵件":"grace.lian@msa.hinet.net","短期補習班類別":"文理類","地址":"基隆市信義區信二路273之1號2樓、基隆市信義區信二路273之2號3樓","立案時間":"2018-04-18","各地短期補習班數量":"210"},{"地區縣市":"基隆市政府","短期補習班名稱":"基隆市私立城上城技藝文理短期補習班","主管機關文件單位代碼":"433","電子郵件":"","短期補習班類別":"文理類","地址":"基隆市安樂區麥金路193號2樓","立案時間":"2023-08-11","各地短期補習班數量":"210"},{"地區縣市":"基隆市政府","短期補習班名稱":"社團法人中國青年救國團附設基隆市私立語文技藝短期補習班","主管機關文件單位代碼":"142","電子郵件":"cyc24338146@cyc.tw","短期補習班類別":"外語類","地址":"基隆市仁愛區成功一路133巷1號、基隆市仁愛區成功一路133巷1之1號","立案時間":"1997-03-20","各地短期補習班數量":"210"},{"地區縣市":"基隆市政府","短期補習班名稱":"基隆市私立寶拉文理短期補習班","主管機關文件單位代碼":"420","電子郵件":"","短期補習班類別":"文理類","地址":"基隆市中山區復興路95號2樓","立案時間":"2020-11-05","各地短期補習班數量":"210"},{"地區縣市":"基隆市政府","短期補習班名稱":"基隆市私立英悅文理短期補習班","主管機關文件單位代碼":"407","電子郵件":"contact@lin8.com","短期補習班類別":"文理類","地址":"基隆市仁愛區愛六路26號1、2樓","立案時間":"2018-11-15","各地短期補習班數量":"210"},{"地區縣市":"基隆市政府","短期補習班名稱":"私立譜卡文化事業有限公司附設基隆市私立古岳音樂短期補習班","主管機關文件單位代碼":"191","電子郵件":"keelung@mail.jpg.org.tw","短期補習班類別":"音樂、舞蹈類","地址":"基隆市仁愛區仁一路261之1號2樓","立案時間":"2009-09-16","各地短期補習班數量":"210"},{"地區縣市":"基隆市政府","短期補習班名稱":"基隆市私立佑准文理短期補習班","主管機關文件單位代碼":"408","電子郵件":"","短期補習班類別":"文理類","地址":"基隆市仁愛區愛六路8之1號","立案時間":"2018-12-28","各地短期補習班數量":"210"},{"地區縣市":"基隆市政府","短期補習班名稱":"基隆市私立文馨文理短期補習班","主管機關文件單位代碼":"054","電子郵件":"jessicachen62@hotmail.com","短期補習班類別":"文理類","地址":"基隆市仁愛區愛二路33號3、4樓","立案時間":"2001-05-08","各地短期補習班數量":"210"},{"地區縣市":"基隆市政府","短期補習班名稱":"基隆市私立百福全方位文理短期補習班","主管機關文件單位代碼":"326","電子郵件":"alvinceo@yahoo.com","短期補習班類別":"文理類","地址":"基隆市七堵區福一街101號1-2樓、基隆市七堵區福一街103號1-2樓","立案時間":"2010-08-24","各地短期補習班數量":"210"},{"地區縣市":"基隆市政府","短期補習班名稱":"基隆市私立時代文理短期補習班","主管機關文件單位代碼":"169","電子郵件":"","短期補習班類別":"文理類","地址":"基隆市七堵區自治北街25號","立案時間":"1994-08-15","各地短期補習班數量":"210"},{"地區縣市":"基隆市政府","短期補習班名稱":"基隆市私立嘉人文理短期補習班","主管機關文件單位代碼":"355","電子郵件":"hs2203@hess.com.tw","短期補習班類別":"文理類","地址":"基隆市安樂區基金三路52之8號1-3樓、基隆市安樂區基金三路52之9號1-2樓","立案時間":"2012-12-20","各地短期補習班數量":"210"},{"地區縣市":"基隆市政府","短期補習班名稱":"基隆市私立常容文理短期補習班","主管機關文件單位代碼":"396","電子郵件":"da24519602@gmail.com","短期補習班類別":"文理類","地址":"基隆市七堵區南興路108號","立案時間":"2017-05-12","各地短期補習班數量":"210"},{"地區縣市":"基隆市政府","短期補習班名稱":"台灣知識庫股份有限公司附設基隆市私立大碩洋碩數位學堂文理短期補習班","主管機關文件單位代碼":"299","電子郵件":"j2326017@gmail.com","短期補習班類別":"文理類","地址":"基隆市中正區義一路 4、6號2、3樓","立案時間":"2008-07-04","各地短期補習班數量":"210"},{"地區縣市":"基隆市政府","短期補習班名稱":"基隆市私立巨匠電腦語文短期補習班","主管機關文件單位代碼":"406","電子郵件":"K21_mailbox@pcschool.com.tw","短期補習班類別":"外語類","地址":"基隆市中正區義一路18號9樓B","立案時間":"2019-02-26","各地短期補習班數量":"210"},{"地區縣市":"基隆市政府","短期補習班名稱":"基隆市私立建德全方位文理短期補習班","主管機關文件單位代碼":"150","電子郵件":"sandycute12@gmail.com,funway7777@gmail.com","短期補習班類別":"文理類","地址":"基隆市安樂區安和一街125巷2號、2之1號、4號、4之1號、基隆市安樂區安和一街127號、127之1號","立案時間":"1996-10-17","各地短期補習班數量":"210"},{"地區縣市":"基隆市政府","短期補習班名稱":"基隆市私立童老師教室短期補習班","主管機關文件單位代碼":"023","電子郵件":"misslu3355@gmail.com","短期補習班類別":"文理類","地址":"基隆市安樂區樂一路144號3樓","立案時間":"2002-06-03","各地短期補習班數量":"210"},{"地區縣市":"基隆市政府","短期補習班名稱":"基隆市私立林老師文理短期補習班","主管機關文件單位代碼":"423","電子郵件":"b01703009@ntu.edu.tw","短期補習班類別":"文理類","地址":"基隆市中正區武昌街5之1號2樓","立案時間":"2021-03-03","各地短期補習班數量":"210"},{"地區縣市":"基隆市政府","短期補習班名稱":"基隆市私立哈利文理短期補習班","主管機關文件單位代碼":"273","電子郵件":"","短期補習班類別":"文理類","地址":"基隆市暖暖區暖碇路159號1、2樓","立案時間":"2007-01-08","各地短期補習班數量":"210"},{"地區縣市":"基隆市政府","短期補習班名稱":"基隆市私立瑞卡家文理短期補習班","主管機關文件單位代碼":"348","電子郵件":"rikahouse888@gmail.com","短期補習班類別":"文理類","地址":"基隆市安樂區基金一路135巷21弄63、65、 67、87號1樓","立案時間":"2012-07-11","各地短期補習班數量":"210"},{"地區縣市":"基隆市政府","短期補習班名稱":"基隆市私立宜人音樂短期補習班","主管機關文件單位代碼":"192","電子郵件":"wushuhui01@yahoo.com.tw","短期補習班類別":"音樂、舞蹈類","地址":"基隆市中正區義一路18號11樓","立案時間":"2003-07-21","各地短期補習班數量":"210"},{"地區縣市":"基隆市政府","短期補習班名稱":"基隆市私立復興文理短期補習班","主管機關文件單位代碼":"050","電子郵件":"coco1tseng@hotmail.com","短期補習班類別":"文理類","地址":"基隆市中山區復興路212巷5弄3號1樓","立案時間":"2001-06-26","各地短期補習班數量":"210"},{"地區縣市":"基隆市政府","短期補習班名稱":"基隆市私立全方位文理短期補習班","主管機關文件單位代碼":"316","電子郵件":"alvinceo@yahoo.com","短期補習班類別":"文理類","地址":"基隆市七堵區開元路118、118之1、120號","立案時間":"2009-08-05","各地短期補習班數量":"210"},{"地區縣市":"基隆市政府","短期補習班名稱":"冠鈞文教事業有限公司附設基隆市私立冠鈞文理短期補習班","主管機關文件單位代碼":"402","電子郵件":"kumon20544@gmail.com","短期補習班類別":"文理類","地址":"基隆市暖暖區暖暖街106之1號2樓","立案時間":"2018-04-18","各地短期補習班數量":"210"},{"地區縣市":"基隆市政府","短期補習班名稱":"基隆市私立儒苑文理短期補習班","主管機關文件單位代碼":"250","電子郵件":"","短期補習班類別":"文理類","地址":"基隆市仁愛區仁一路305號5、6樓","立案時間":"2005-11-23","各地短期補習班數量":"210"},{"地區縣市":"基隆市政府","短期補習班名稱":"基隆市私立健德吳平文理短期補習班","主管機關文件單位代碼":"354","電子郵件":"no05082001@yahoo.com.tw","短期補習班類別":"文理類","地址":"基隆市安樂區安和一街136號1樓、基隆市安樂區安和一街150號1樓","立案時間":"2012-11-23","各地短期補習班數量":"210"},{"地區縣市":"基隆市政府","短期補習班名稱":"基隆市私立飛思文理短期補習班","主管機關文件單位代碼":"431","電子郵件":"jj641123jj@gmail.com","短期補習班類別":"文理類","地址":"基隆市仁愛區延平街12巷16號1樓","立案時間":"2022-11-01","各地短期補習班數量":"210"},{"地區縣市":"基隆市政府","短期補習班名稱":"基隆市私立暖暖芝麻街美語短期補習班","主管機關文件單位代碼":"227","電子郵件":"","短期補習班類別":"文理類","地址":"基隆市暖暖區東勢街6之50及6之51號1樓及夾層","立案時間":"2005-01-28","各地短期補習班數量":"210"},{"地區縣市":"基隆市政府","短期補習班名稱":"基隆市私立育陽舞蹈短期補習班","主管機關文件單位代碼":"425","電子郵件":"","短期補習班類別":"音樂、舞蹈類","地址":"基隆市七堵區百三街138號","立案時間":"2021-06-01","各地短期補習班數量":"210"},{"地區縣市":"基隆市政府","短期補習班名稱":"基隆市私立傑思文理短期補習班","主管機關文件單位代碼":"012","電子郵件":"","短期補習班類別":"文理類","地址":"基隆市信義區東信路310巷24號1-2樓","立案時間":"2002-08-26","各地短期補習班數量":"210"},{"地區縣市":"基隆市政府","短期補習班名稱":"基隆市私立哈博士文理短期補習班","主管機關文件單位代碼":"430","電子郵件":"hapos175@gmail.com","短期補習班類別":"文理類","地址":"基隆市信義區深美街175號4樓","立案時間":"2022-09-26","各地短期補習班數量":"210"},{"地區縣市":"基隆市政府","短期補習班名稱":"基隆市私立昇揚珠心算文理短期補習班","主管機關文件單位代碼":"286","電子郵件":"","短期補習班類別":"文理類","地址":"基隆市暖暖區源遠路277巷15號1樓","立案時間":"2007-10-12","各地短期補習班數量":"210"},{"地區縣市":"基隆市政府","短期補習班名稱":"基隆市私立名家文理短期補習班","主管機關文件單位代碼":"074","電子郵件":"","短期補習班類別":"文理類","地址":"基隆市暖暖區寧靜街153之1號1樓","立案時間":"2000-09-04","各地短期補習班數量":"210"},{"地區縣市":"基隆市政府","短期補習班名稱":"基隆市私立多美文理短期補習班","主管機關文件單位代碼":"388","電子郵件":"a0917937116@gmail.com","短期補習班類別":"文理類","地址":"基隆市暖暖區暖暖街457號4-5樓及基隆市暖暖區暖暖街449號3-5樓","立案時間":"2015-10-01","各地短期補習班數量":"210"},{"地區縣市":"基隆市政府","短期補習班名稱":"基隆市私立黃耀數學文理短期補習班","主管機關文件單位代碼":"432","電子郵件":"fungeasy@gmail.com","短期補習班類別":"文理類","地址":"基隆市中正區義一路22號4樓、基隆市中正區義一路24號4樓","立案時間":"2023-04-24","各地短期補習班數量":"210"},{"地區縣市":"基隆市政府","短期補習班名稱":"基隆市私立佳興語文短期補習班","主管機關文件單位代碼":"415","電子郵件":"","短期補習班類別":"外語類","地址":"基隆市中正區信二路276之1號1樓","立案時間":"2020-11-06","各地短期補習班數量":"210"},{"地區縣市":"基隆市政府","短期補習班名稱":"基隆市私立啟育文理短期補習班","主管機關文件單位代碼":"295","電子郵件":"chunghs.kung@msa.hinet.net","短期補習班類別":"文理類","地址":"基隆市七堵區福一街20巷29號1樓","立案時間":"2008-05-07","各地短期補習班數量":"210"},{"地區縣市":"基隆市政府","短期補習班名稱":"基隆市私立快樂短期補習班","主管機關文件單位代碼":"103","電子郵件":"","短期補習班類別":"文理類","地址":"基隆市仁愛區仁二路193號3樓","立案時間":"1998-10-13","各地短期補習班數量":"210"},{"地區縣市":"基隆市政府","短期補習班名稱":"基隆市私立星時代舞蹈短期補習班","主管機關文件單位代碼":"424","電子郵件":"stareradance@gmail.com","短期補習班類別":"音樂、舞蹈類","地址":"基隆市暖暖區暖暖街379巷123號1樓","立案時間":"2021-03-24","各地短期補習班數量":"210"},{"地區縣市":"基隆市政府","短期補習班名稱":"社團法人中國青年救國團附設基隆市私立銘傳語文技藝短期補習班","主管機關文件單位代碼":"419","電子郵件":"cyc24289211@cyc.tw","短期補習班類別":"外語類","地址":"基隆市仁愛區劉銘傳路1之2號3樓","立案時間":"2020-08-10","各地短期補習班數量":"210"},{"地區縣市":"基隆市政府","短期補習班名稱":"基隆市私立棒喬文理短期補習班","主管機關文件單位代碼":"077","電子郵件":"","短期補習班類別":"文理類","地址":"基隆市安樂區基金一路135巷5弄14號","立案時間":"2000-08-16","各地短期補習班數量":"210"},{"地區縣市":"基隆市政府","短期補習班名稱":"基隆市私立賴老師文理短期補習班","主管機關文件單位代碼":"127","電子郵件":"","短期補習班類別":"文理類","地址":"基隆市仁愛區仁二路95號5樓","立案時間":"1998-03-05","各地短期補習班數量":"210"},{"地區縣市":"基隆市政府","短期補習班名稱":"基隆市私立普利斯美語文理短期補習班","主管機關文件單位代碼":"416","電子郵件":"","短期補習班類別":"文理類","地址":"基隆市仁愛區仁二路201號3樓","立案時間":"2020-03-31","各地短期補習班數量":"210"},{"地區縣市":"基隆市政府","短期補習班名稱":"基隆市私立小象暖暖文理短期補習班","主管機關文件單位代碼":"413","電子郵件":"m123456800@yahoo.com.tw","短期補習班類別":"文理類","地址":"基隆市暖暖區暖暖街357號1樓","立案時間":"2019-08-01","各地短期補習班數量":"210"},{"地區縣市":"基隆市政府","短期補習班名稱":"基隆市私立逢士文理短期補習班","主管機關文件單位代碼":"434","電子郵件":"","短期補習班類別":"文理類","地址":"基隆市信義區教忠街62號1樓","立案時間":"2023-12-12","各地短期補習班數量":"210"},{"地區縣市":"基隆市政府","短期補習班名稱":"基隆市私立魯曼英文短期補習班","主管機關文件單位代碼":"359","電子郵件":"smallmago@yahoo.com.tw","短期補習班類別":"外語類","地址":"基隆市仁愛區孝二路96號2樓","立案時間":"2013-05-15","各地短期補習班數量":"210"},{"地區縣市":"基隆市政府","短期補習班名稱":"基隆市私立多多龍文理短期補習班","主管機關文件單位代碼":"149","電子郵件":"huiling24277282@yahoo.com.tw","短期補習班類別":"文理類","地址":"基隆市中山區安一路107號3樓","立案時間":"1996-10-17","各地短期補習班數量":"210"},{"地區縣市":"基隆市政府","短期補習班名稱":"基隆市私立韻文理短期補習班","主管機關文件單位代碼":"211","電子郵件":"huiling24277282@yahoo.com.tw","短期補習班類別":"文理類","地址":"基隆市中山區安一路57號2樓","立案時間":"2004-04-30","各地短期補習班數量":"210"},{"地區縣市":"基隆市政府","短期補習班名稱":"基隆市私立孫力行文理短期補習班","主管機關文件單位代碼":"068","電子郵件":"selena22135@gmail.com","短期補習班類別":"文理類","地址":"基隆市仁愛區延平街1號1樓","立案時間":"2000-11-07","各地短期補習班數量":"210"},{"地區縣市":"基隆市政府","短期補習班名稱":"基隆市私立筌威英語短期補習班","主管機關文件單位代碼":"031","電子郵件":"","短期補習班類別":"外語類","地址":"基隆市安樂區樂利三街22之7號1樓及地下4層","立案時間":"2002-03-27","各地短期補習班數量":"210"},{"地區縣市":"基隆市政府","短期補習班名稱":"基隆市私立星辰文理短期補習班","主管機關文件單位代碼":"171","電子郵件":"vivienne0918@gmail.com","短期補習班類別":"文理類","地址":"基隆市七堵區自治北街24-2號3樓","立案時間":"1994-04-13","各地短期補習班數量":"210"},{"地區縣市":"基隆市政府","短期補習班名稱":"基隆市私立小倫敦文理才藝短期補習班","主管機關文件單位代碼":"418","電子郵件":"","短期補習班類別":"文理類","地址":"基隆市信義區信二路63號2樓、基隆市信義區信二路65號2樓","立案時間":"2019-11-12","各地短期補習班數量":"210"},{"地區縣市":"基隆市政府","短期補習班名稱":"基隆市私立必勝文理短期補習班","主管機關文件單位代碼":"033","電子郵件":"jackyhwang5566@gmail.com","短期補習班類別":"文理類","地址":"基隆市安樂區基金一路135巷21弄43號1樓","立案時間":"2002-01-17","各地短期補習班數量":"210"},{"地區縣市":"基隆市政府","短期補習班名稱":"基隆市私立宏觀圍棋才藝短期補習班","主管機關文件單位代碼":"426","電子郵件":"fashmen100@gmail.com","短期補習班類別":"美術、書法、攝影、美工設計、圍棋類","地址":"基隆市信義區信一路133之8號5樓","立案時間":"2021-04-19","各地短期補習班數量":"210"},{"地區縣市":"基隆市政府","短期補習班名稱":"基隆市私立精實文理短期補習班","主管機關文件單位代碼":"265","電子郵件":"chunghs.kung@msa.hinet.net","短期補習班類別":"文理類","地址":"基隆市七堵區福一街16號1樓","立案時間":"2006-09-01","各地短期補習班數量":"210"},{"地區縣市":"基隆市政府","短期補習班名稱":"基隆市私立新民文理短期補習班","主管機關文件單位代碼":"157","電子郵件":"a24249191@yahoo.com.tw","短期補習班類別":"文理類","地址":"基隆市仁愛區仁二路206號2-3樓","立案時間":"1990-12-05","各地短期補習班數量":"210"},{"地區縣市":"基隆市政府","短期補習班名稱":"基隆市私立劉鳳珠美術黏土才藝短期補習班","主管機關文件單位代碼":"313","電子郵件":"abcabc0936270907@yahoo.com.tw","短期補習班類別":"美術、書法、攝影、美工設計、圍棋類","地址":"基隆市安樂區安樂路二段183之5號6樓","立案時間":"2009-07-03","各地短期補習班數量":"210"},{"地區縣市":"基隆市政府","短期補習班名稱":"基隆市私立筌易文理短期補習班","主管機關文件單位代碼":"083","電子郵件":"","短期補習班類別":"文理類","地址":"基隆市暖暖區暖暖街232號","立案時間":"2000-04-01","各地短期補習班數量":"210"},{"地區縣市":"基隆市政府","短期補習班名稱":"基隆市私立大中文理短期補習班","主管機關文件單位代碼":"112","電子郵件":"da24519602@gmail.com","短期補習班類別":"文理類","地址":"基隆市七堵區福二街77號1、2樓","立案時間":"1998-09-09","各地短期補習班數量":"210"},{"地區縣市":"基隆市政府","短期補習班名稱":"基隆市私立頂尖語文短期補習班","主管機關文件單位代碼":"104","電子郵件":"keelung.mpmmath@gmail.com","短期補習班類別":"文理類","地址":"基隆市仁愛區仁二路198號3-4樓","立案時間":"1998-09-29","各地短期補習班數量":"210"},{"地區縣市":"基隆市政府","短期補習班名稱":"基隆市私立名人文理才藝短期補習班","主管機關文件單位代碼":"351","電子郵件":"劉素珍\u0026amp;amp;amp;amp;amp;amp;lt;polinliu@ms58.hinet.net\u0026amp;amp;amp;amp;amp;amp;gt;","短期補習班類別":"文理類","地址":"基隆市七堵區百三街89巷2-2號3樓、基隆市七堵區百三街89巷4-2號3樓","立案時間":"2012-09-18","各地短期補習班數量":"210"},{"地區縣市":"基隆市政府","短期補習班名稱":"基隆市私立新上群文理短期補習班","主管機關文件單位代碼":"158","電子郵件":"elaine1620@yahoo.com.tw","短期補習班類別":"文理類","地址":"基隆市暖暖區暖暖街197巷6-1號1-3樓","立案時間":"1996-01-27","各地短期補習班數量":"210"},{"地區縣市":"基隆市政府","短期補習班名稱":"基隆市私立晨宇文理才藝短期補習班","主管機關文件單位代碼":"357","電子郵件":"guboonie@yahoo.com.tw","短期補習班類別":"文理類","地址":"基隆市安樂區安和一街144號","立案時間":"2013-01-09","各地短期補習班數量":"210"},{"地區縣市":"基隆市政府","短期補習班名稱":"基隆市私立尚格才藝文理短期補習班","主管機關文件單位代碼":"428","電子郵件":"","短期補習班類別":"文理類","地址":"基隆市仁愛區南榮路393巷2之1號","立案時間":"2022-07-13","各地短期補習班數量":"210"},{"地區縣市":"基隆市政府","短期補習班名稱":"基隆市私立深美文理短期補習班","主管機關文件單位代碼":"002","電子郵件":"h8335139@ms6.hinet.net","短期補習班類別":"文理類","地址":"基隆市信義區教忠街108號4樓","立案時間":"2003-03-10","各地短期補習班數量":"210"},{"地區縣市":"基隆市政府","短期補習班名稱":"基隆市私立東明心珠算短期補習班","主管機關文件單位代碼":"174","電子郵件":"","短期補習班類別":"商類：珠算、心算、會計","地址":"基隆市信義區東明路26號1樓","立案時間":"1994-02-23","各地短期補習班數量":"210"},{"地區縣市":"基隆市政府","短期補習班名稱":"基隆市私立育佳文理技藝短期補習班","主管機關文件單位代碼":"271","電子郵件":"h3485159@gmail.com","短期補習班類別":"文理類","地址":"基隆市安樂區安和一街129巷3號、基隆市安樂區安和一街129巷3-1號","立案時間":"2006-12-01","各地短期補習班數量":"210"},{"地區縣市":"基隆市政府","短期補習班名稱":"基隆市私立暉弘文理短期補習班","主管機關文件單位代碼":"277","電子郵件":"o2101108@gmail.com","短期補習班類別":"文理類","地址":"基隆市仁愛區仁二路193-3號4樓","立案時間":"2007-04-09","各地短期補習班數量":"210"},{"地區縣市":"基隆市政府","短期補習班名稱":"基隆市私立巧兒文理短期補習班","主管機關文件單位代碼":"195","電子郵件":"pastry7373@hotmail.com","短期補習班類別":"文理類","地址":"基隆市信義區信二路49號2、3樓","立案時間":"2003-09-29","各地短期補習班數量":"210"},{"地區縣市":"基隆市政府","短期補習班名稱":"基隆市私立凱旋文理短期補習班","主管機關文件單位代碼":"319","電子郵件":"oglit0514@gmail.com","短期補習班類別":"文理類","地址":"基隆市中山區復興路334巷19號1樓","立案時間":"2009-12-11","各地短期補習班數量":"210"},{"地區縣市":"基隆市政府","短期補習班名稱":"基隆市私立小紅帽文理短期補習班","主管機關文件單位代碼":"165","電子郵件":"pysh2513@gmail.com","短期補習班類別":"文理類","地址":"基隆市仁愛區愛六路6號2-4樓","立案時間":"1995-07-18","各地短期補習班數量":"210"},{"地區縣市":"基隆市政府","短期補習班名稱":"基隆市私立隆華土木建築短期補習班","主管機關文件單位代碼":"373","電子郵件":"johwa1975@yahoo.com.tw","短期補習班類別":"電機、汽車修護、建築、工藝、製圖類","地址":"基隆市仁愛區孝三路99巷7號4樓之2","立案時間":"2014-08-27","各地短期補習班數量":"210"},{"地區縣市":"基隆市政府","短期補習班名稱":"基隆市私立藝術池畔美學才藝短期補習班","主管機關文件單位代碼":"409","電子郵件":"kirkart2@yahoo.com.tw","短期補習班類別":"美術、書法、攝影、美工設計、圍棋類","地址":"基隆市信義區仁一路25號4樓","立案時間":"2019-06-18","各地短期補習班數量":"210"},{"地區縣市":"基隆市政府","短期補習班名稱":"基隆市私立學文社文理短期補習班","主管機關文件單位代碼":"173","電子郵件":"hsin0220@yahoo.com.tw","短期補習班類別":"文理類","地址":"基隆市信義區信一路121號2-4樓","立案時間":"1994-02-23","各地短期補習班數量":"210"},{"地區縣市":"基隆市政府","短期補習班名稱":"基隆市私立鼎峰文理短期補習班","主管機關文件單位代碼":"393","電子郵件":"comeme@mail.klcg.gov.tw","短期補習班類別":"文理類","地址":"基隆市信義區信一路133之1號2樓","立案時間":"2016-12-29","各地短期補習班數量":"210"},{"地區縣市":"基隆市政府","短期補習班名稱":"基隆市私立海大文理短期補習班","主管機關文件單位代碼":"302","電子郵件":"annlinhere86@yahoo.com.tw","短期補習班類別":"文理類","地址":"基隆市中正區新豐街251巷12號1-4樓","立案時間":"2008-09-16","各地短期補習班數量":"210"},{"地區縣市":"基隆市政府","短期補習班名稱":"基隆市私立白盒子藝術美學短期補習班","主管機關文件單位代碼":"410","電子郵件":"","短期補習班類別":"美術、書法、攝影、美工設計、圍棋類","地址":"基隆市仁愛區忠二路26號3樓","立案時間":"2019-05-15","各地短期補習班數量":"210"},{"地區縣市":"基隆市政府","短期補習班名稱":"基隆市私立紅腳文理短期補習班","主管機關文件單位代碼":"422","電子郵件":"","短期補習班類別":"文理類","地址":"基隆市信義區教忠街56號1樓","立案時間":"2020-12-03","各地短期補習班數量":"210"},{"地區縣市":"基隆市政府","短期補習班名稱":"基隆市私立智立方文理短期補習班","主管機關文件單位代碼":"400","電子郵件":"lucawatson@hotmail.com","短期補習班類別":"文理類","地址":"基隆市中正區觀海街71號1樓","立案時間":"2017-12-07","各地短期補習班數量":"210"},{"地區縣市":"基隆市政府","短期補習班名稱":"基隆市私立柯博文文理短期補習班","主管機關文件單位代碼":"384","電子郵件":"powerfoko111@gmail.com","短期補習班類別":"文理類","地址":"基隆市信義區信一路111號11樓","立案時間":"2015-07-13","各地短期補習班數量":"210"},{"地區縣市":"基隆市政府","短期補習班名稱":"基隆市私立詮優文理短期補習班","主管機關文件單位代碼":"404","電子郵件":"45.hsiao.chuan@gmail.com","短期補習班類別":"文理類","地址":"基隆市安樂區樂利三街28巷2號1樓","立案時間":"2018-06-05","各地短期補習班數量":"210"},{"地區縣市":"基隆市政府","短期補習班名稱":"基隆市私立阿囉哈快樂美語短期補習班","主管機關文件單位代碼":"291","電子郵件":"alohaarica@gmail.com ","短期補習班類別":"外語類","地址":"基隆市仁愛區仁二路95號2樓","立案時間":"2008-03-18","各地短期補習班數量":"210"},{"地區縣市":"基隆市政府","短期補習班名稱":"基隆市私立向日葵短期補習班","主管機關文件單位代碼":"365","電子郵件":"","短期補習班類別":"文理類","地址":"基隆市中山區中和路97號1樓、基隆市中山區中和路97-1號1樓","立案時間":"2013-10-23","各地短期補習班數量":"210"},{"地區縣市":"基隆市政府","短期補習班名稱":"基隆市私立全芳文教文理短期補習班","主管機關文件單位代碼":"405","電子郵件":"","短期補習班類別":"文理類","地址":"基隆市中山區中和路95號1樓","立案時間":"2018-07-02","各地短期補習班數量":"210"},{"地區縣市":"基隆市政府","短期補習班名稱":"基隆市私立禾紜文理短期補習班","主管機關文件單位代碼":"093","電子郵件":"paul04162002@yahoo.com.tw","短期補習班類別":"文理類","地址":"基隆市中山區中和路89號2樓、基隆市中山區中和路91號2樓","立案時間":"1999-07-08","各地短期補習班數量":"210"},{"地區縣市":"基隆市政府","短期補習班名稱":"基隆市私立明馨語文短期補習班","主管機關文件單位代碼":"304","電子郵件":"chiapingwu@hotmail.com","短期補習班類別":"外語類","地址":"基隆市信義區信一路133-6號5樓","立案時間":"2008-12-04","各地短期補習班數量":"210"},{"地區縣市":"基隆市政府","短期補習班名稱":"基隆市私立精湛文理短期補習班","主管機關文件單位代碼":"060","電子郵件":"wangyuan8786@gmail.com","短期補習班類別":"文理類","地址":"基隆市七堵區百五街64巷23號1樓","立案時間":"2001-03-28","各地短期補習班數量":"210"},{"地區縣市":"基隆市政府","短期補習班名稱":"基隆市私立新文成文理短期補習班","主管機關文件單位代碼":"072","電子郵件":"fredbilllinda@yahoo.com.tw","短期補習班類別":"文理類","地址":"基隆市中正區新豐街251巷1弄25號2-3樓","立案時間":"2000-10-06","各地短期補習班數量":"210"},{"地區縣市":"基隆市政府","短期補習班名稱":"基隆市私立興學文理短期補習班","主管機關文件單位代碼":"395","電子郵件":"hs2220@hess.com.tw","短期補習班類別":"文理類","地址":"基隆市仁愛區仁一路299號3-5樓","立案時間":"2017-03-22","各地短期補習班數量":"210"},{"地區縣市":"基隆市政府","短期補習班名稱":"基隆市私立康玄文理短期補習班","主管機關文件單位代碼":"044","電子郵件":"lily.alex5911@gmail.com","短期補習班類別":"文理類","地址":"基隆市安樂區安樂路2段90號1-2樓、基隆市安樂區安樂路二段88-1號2樓、基隆市安樂區安樂路2段195號3樓","立案時間":"2003-10-22","各地短期補習班數量":"210"},{"地區縣市":"基隆市政府","短期補習班名稱":"基隆市私立小象文理短期補習班","主管機關文件單位代碼":"272","電子郵件":"m123456800@yahoo.com.tw","短期補習班類別":"文理類","地址":"基隆市七堵區南興路86-1號2樓","立案時間":"2006-11-15","各地短期補習班數量":"210"},{"地區縣市":"基隆市政府","短期補習班名稱":"基隆市私立小象短期補習班","主管機關文件單位代碼":"101","電子郵件":"m123456800@yahoo.com.tw","短期補習班類別":"文理類","地址":"基隆市七堵區明德一路186號3樓、基隆市七堵區明德一路188號3樓","立案時間":"2012-07-18","各地短期補習班數量":"210"},{"地區縣市":"基隆市政府","短期補習班名稱":"基隆市私立七堵小牛頓文理短期補習班","主管機關文件單位代碼":"121","電子郵件":"m123456800@yahoo.com.tw","短期補習班類別":"文理類","地址":"基隆市七堵區明德一路186之1號2樓","立案時間":"1998-06-25","各地短期補習班數量":"210"},{"地區縣市":"基隆市政府","短期補習班名稱":"基隆市私立吉得宝文理短期補習班","主管機關文件單位代碼":"252","電子郵件":"","短期補習班類別":"文理類","地址":"基隆市信義區深溪路141號4樓、143號4樓、145號4樓","立案時間":"2006-01-06","各地短期補習班數量":"210"},{"地區縣市":"基隆市政府","短期補習班名稱":"基隆市私立小博士文理短期補習班","主管機關文件單位代碼":"124","電子郵件":"ssskids@yahoo.com.tw","短期補習班類別":"文理類","地址":"基隆市安樂區基金一路135巷21弄89號1樓","立案時間":"1998-05-12","各地短期補習班數量":"210"},{"地區縣市":"基隆市政府","短期補習班名稱":"格達有限公司附設基隆市私立格蘭文理短期補習班","主管機關文件單位代碼":"327","電子郵件":"k2@gram.com.tw","短期補習班類別":"文理類","地址":"基隆市信義區深美街149號、基隆市信義區教忠街110號","立案時間":"2010-08-30","各地短期補習班數量":"210"},{"地區縣市":"基隆市政府","短期補習班名稱":"基隆市私立文馨卓越語文短期補習班","主管機關文件單位代碼":"300","電子郵件":"alicealex2000@gmail.com","短期補習班類別":"文理類","地址":"基隆市信義區信一路132號5樓之1及基隆市信義區信一路132號5樓之2","立案時間":"2008-07-21","各地短期補習班數量":"210"},{"地區縣市":"基隆市政府","短期補習班名稱":"基隆市私立博文文理短期補習班","主管機關文件單位代碼":"070","電子郵件":"","短期補習班類別":"文理類","地址":"基隆市中山區中和路168巷7弄22號2樓","立案時間":"2000-10-13","各地短期補習班數量":"210"},{"地區縣市":"基隆市政府","短期補習班名稱":"基隆市私立文昌文理短期補習班","主管機關文件單位代碼":"130","電子郵件":"damontseng@envimac.com.tw","短期補習班類別":"文理類","地址":"基隆市中山區安一路72號2樓","立案時間":"1997-12-04","各地短期補習班數量":"210"},{"地區縣市":"基隆市政府","短期補習班名稱":"基隆市私立學優文理短期補習班","主管機關文件單位代碼":"069","電子郵件":"chau4596@yahoo.com.tw","短期補習班類別":"文理類","地址":"基隆市仁愛區仁一路265巷16號4樓","立案時間":"2000-09-20","各地短期補習班數量":"210"},{"地區縣市":"基隆市政府","短期補習班名稱":"基隆市私立給我美語文理短期補習班","主管機關文件單位代碼":"209","電子郵件":"gailenglish99@yahoo.com.tw","短期補習班類別":"文理類","地址":"基隆市中山區中和路168巷5弄17號2樓、基隆市中山區中和路168巷5弄31號1樓","立案時間":"2004-04-08","各地短期補習班數量":"210"},{"地區縣市":"基隆市政府","短期補習班名稱":"基隆市私立學緣屋文理短期補習班","主管機關文件單位代碼":"288","電子郵件":"","短期補習班類別":"文理類","地址":"基隆市仁愛區仁一路133號4樓、基隆市仁愛區仁一路133號4-1樓","立案時間":"2007-11-29","各地短期補習班數量":"210"},{"地區縣市":"基隆市政府","短期補習班名稱":"基隆市私立芝蔴街美語文理短期補習班","主管機關文件單位代碼":"140","電子郵件":"a24256677@yahoo.com.tw","短期補習班類別":"文理類","地址":"基隆市仁愛區忠一路20號8樓","立案時間":"1989-11-07","各地短期補習班數量":"210"},{"地區縣市":"基隆市政府","短期補習班名稱":"基隆市私立又福文理短期補習班","主管機關文件單位代碼":"162","電子郵件":"lanchih29@pchome.com.tw","短期補習班類別":"文理類","地址":"基隆市中正區北寧路349-2號2樓、基隆市中正區調和街1巷11號1樓","立案時間":"1995-12-19","各地短期補習班數量":"210"},{"地區縣市":"基隆市政府","短期補習班名稱":"基隆市私立林鵬文理短期補習班","主管機關文件單位代碼":"144","電子郵件":"c269177@ms27.hinet.net","短期補習班類別":"文理類","地址":"基隆市仁愛區劉銘傳路3號4樓、基隆市仁愛區劉銘傳路5號4樓","立案時間":"1997-03-03","各地短期補習班數量":"210"},{"地區縣市":"基隆市政府","短期補習班名稱":"基隆市私立格藍英語文理短期補習班","主管機關文件單位代碼":"376","電子郵件":"kl@gram.com.tw","短期補習班類別":"文理類","地址":"基隆市信義區信一路133號2樓","立案時間":"2014-10-01","各地短期補習班數量":"210"},{"地區縣市":"基隆市政府","短期補習班名稱":"基隆市私立華盛頓語文短期補習班","主管機關文件單位代碼":"244","電子郵件":"shaneenglishkl@gmail.com","短期補習班類別":"外語類","地址":"基隆市信義區信一路133-2號5樓、基隆市信義區信一路133-3號5樓","立案時間":"2005-09-20","各地短期補習班數量":"210"},{"地區縣市":"基隆市政府","短期補習班名稱":"基隆市私立佳佳心算短期補習班","主管機關文件單位代碼":"105","電子郵件":"chia.chia796@msa.hinet.net","短期補習班類別":"商類：珠算、心算、會計","地址":"基隆市七堵區福一街172巷4號","立案時間":"1998-09-28","各地短期補習班數量":"210"},{"地區縣市":"基隆市政府","短期補習班名稱":"基隆市私立冠林文理短期補習班","主管機關文件單位代碼":"136","電子郵件":"genius17@ms66.hinet.ent","短期補習班類別":"文理類","地址":"基隆市仁愛區仁一路265巷16號3樓","立案時間":"1997-12-09","各地短期補習班數量":"210"},{"地區縣市":"基隆市政府","短期補習班名稱":"基隆市私立七堵芝蔴街美語文理短期補習班","主管機關文件單位代碼":"090","電子郵件":"virginia0119@gmail.com","短期補習班類別":"文理類","地址":"基隆市七堵區明德一路186號5樓","立案時間":"1999-10-18","各地短期補習班數量":"210"},{"地區縣市":"基隆市政府","短期補習班名稱":"基隆市私立多元文理短期補習班","主管機關文件單位代碼":"197","電子郵件":"baifumpm@gmail.com","短期補習班類別":"文理類","地址":"基隆市七堵區福一街51巷8號1樓","立案時間":"2003-10-29","各地短期補習班數量":"210"},{"地區縣市":"基隆市政府","短期補習班名稱":"基隆市私立萊萊文理短期補習班","主管機關文件單位代碼":"306","電子郵件":"hs2161@hess.com.tw","短期補習班類別":"文理類","地址":"基隆市七堵區明德一路156號2-4樓；基隆市七堵區明德一路158號1-4樓","立案時間":"2009-02-11","各地短期補習班數量":"210"},{"地區縣市":"基隆市政府","短期補習班名稱":"基隆市私立孟凱麗文理短期補習班","主管機關文件單位代碼":"379","電子郵件":"sharling6842@gmail.com","短期補習班類別":"文理類","地址":"基隆市仁愛區延平街12巷16號3樓","立案時間":"2014-12-15","各地短期補習班數量":"210"},{"地區縣市":"基隆市政府","短期補習班名稱":"基隆市私立培利安文理短期補習班","主管機關文件單位代碼":"021","電子郵件":"vicky_12152005@yahoo.com.tw","短期補習班類別":"文理類","地址":"基隆市中正區新豐街488-3號2樓、基隆市中正區新豐街488-5號2樓、基隆市中正區新豐街488-6號2樓","立案時間":"2005-11-30","各地短期補習班數量":"210"},{"地區縣市":"基隆市政府","短期補習班名稱":"基隆市私立大方文理短期補習班","主管機關文件單位代碼":"240","電子郵件":"","短期補習班類別":"文理類","地址":"基隆市暖暖區暖暖街269號1-2樓","立案時間":"2005-08-15","各地短期補習班數量":"210"},{"地區縣市":"基隆市政府","短期補習班名稱":"基隆市私立勿舍畫室短期補習班","主管機關文件單位代碼":"117","電子郵件":"woosirwoosir@gmail.com","短期補習班類別":"美術、書法、攝影、美工設計、圍棋類","地址":"基隆市七堵區崇禮街29號2樓","立案時間":"1998-07-24","各地短期補習班數量":"210"},{"地區縣市":"基隆市政府","短期補習班名稱":"基隆市私立小天使文理短期補習班","主管機關文件單位代碼":"356","電子郵件":"xx73g@yahoo.com.tw","短期補習班類別":"文理類","地址":"基隆市暖暖區過港路148號2、3樓","立案時間":"2012-12-28","各地短期補習班數量":"210"},{"地區縣市":"基隆市政府","短期補習班名稱":"基隆市私立佳垛文理才藝短期補習班","主管機關文件單位代碼":"360","電子郵件":"kunshanliao@yahoo.com.tw","短期補習班類別":"文理類","地址":"基隆市仁愛區仁二路120號4樓","立案時間":"2013-06-27","各地短期補習班數量":"210"},{"地區縣市":"基隆市政府","短期補習班名稱":"基隆市私立大仁文理短期補習班","主管機關文件單位代碼":"213","電子郵件":"dazen99499368@gmail.com","短期補習班類別":"文理類","地址":"基隆市安樂區基金一路206號3樓","立案時間":"2004-05-13","各地短期補習班數量":"210"},{"地區縣市":"基隆市政府","短期補習班名稱":"基隆市私立家仁短期補習班","主管機關文件單位代碼":"385","電子郵件":"","短期補習班類別":"文理類","地址":"基隆市中正區中正路668號2樓","立案時間":"2015-12-30","各地短期補習班數量":"210"},{"地區縣市":"基隆市政府","短期補習班名稱":"基隆市私立青林文理短期補習班","主管機關文件單位代碼":"228","電子郵件":"","短期補習班類別":"文理類","地址":"基隆市安樂區麥金路199-1號3號","立案時間":"2005-03-21","各地短期補習班數量":"210"},{"地區縣市":"基隆市政府","短期補習班名稱":"基隆市私立日傑文理短期補習班","主管機關文件單位代碼":"417","電子郵件":"l0939955173@gmail.com","短期補習班類別":"文理類","地址":"基隆市仁愛區仁二路86號4樓","立案時間":"2020-07-16","各地短期補習班數量":"210"},{"地區縣市":"基隆市政府","短期補習班名稱":"基隆市私立文殊文理短期補習班","主管機關文件單位代碼":"226","電子郵件":"jacky77315@gmail.com","短期補習班類別":"文理類","地址":"基隆市中山區德安路2-14號2樓","立案時間":"2005-01-13","各地短期補習班數量":"210"},{"地區縣市":"基隆市政府","短期補習班名稱":"基隆市私立佳佳文理短期補習班","主管機關文件單位代碼":"181","電子郵件":"aa0922580347@gmail.com","短期補習班類別":"文理類","地址":"基隆市仁愛區愛五路12號3樓","立案時間":"1987-12-17","各地短期補習班數量":"210"},{"地區縣市":"基隆市政府","短期補習班名稱":"基隆市私立佳英文理短期補習班","主管機關文件單位代碼":"053","電子郵件":"no05082001@yahoo.com.tw","短期補習班類別":"文理類","地址":"基隆市仁愛區仁二路142號1-2樓","立案時間":"2001-05-14","各地短期補習班數量":"210"},{"地區縣市":"基隆市政府","短期補習班名稱":"基隆市私立小吳平文理短期補習班","主管機關文件單位代碼":"305","電子郵件":"no05082001@yahoo.com.tw","短期補習班類別":"文理類","地址":"基隆市仁愛區仁二路150號1-3樓","立案時間":"2009-01-09","各地短期補習班數量":"210"},{"地區縣市":"基隆市政府","短期補習班名稱":"基隆市私立新吳平文理短期補習班","主管機關文件單位代碼":"223","電子郵件":"no05082001@yahoo.com.tw","短期補習班類別":"文理類","地址":"基隆市中正區義一路18號7樓","立案時間":"2004-11-10","各地短期補習班數量":"210"},{"地區縣市":"基隆市政府","短期補習班名稱":"基隆市私立德育文理短期補習班","主管機關文件單位代碼":"352","電子郵件":"ssskids@yahoo.com.tw","短期補習班類別":"文理類","地址":"基隆市安樂區基金一路135巷21弄47號1 樓、基隆市安樂區基金一路135巷21弄57號1樓","立案時間":"2012-11-09","各地短期補習班數量":"210"},{"地區縣市":"基隆市政府","短期補習班名稱":"基隆市私立國民文理短期補習班","主管機關文件單位代碼":"193","電子郵件":"c221556397@gmail.com","短期補習班類別":"文理類","地址":"基隆市中山區中和路168巷7弄12號2樓","立案時間":"2003-09-03","各地短期補習班數量":"210"},{"地區縣市":"基隆市政府","短期補習班名稱":"基隆市私立崧濤文理短期補習班","主管機關文件單位代碼":"151","電子郵件":"songtao199@gmail.com","短期補習班類別":"文理類","地址":"基隆市中正區中正路199號2樓","立案時間":"1996-10-16","各地短期補習班數量":"210"},{"地區縣市":"基隆市政府","短期補習班名稱":"基隆市私立立敏文理短期補習班","主管機關文件單位代碼":"189","電子郵件":"safd8585@gmail.com","短期補習班類別":"文理類","地址":"基隆市仁愛區仁二路205號3-4樓","立案時間":"2003-06-16","各地短期補習班數量":"210"},{"地區縣市":"基隆市政府","短期補習班名稱":"基隆市私立吳老師文理短期補習班","主管機關文件單位代碼":"015","電子郵件":"","短期補習班類別":"文理類","地址":"基隆市仁愛區孝三路32號1-4樓","立案時間":"2002-07-25","各地短期補習班數量":"210"},{"地區縣市":"基隆市政府","短期補習班名稱":"基隆市私立名強文理短期補習班","主管機關文件單位代碼":"027","電子郵件":"","短期補習班類別":"文理類","地址":"基隆市仁愛區延平街6號1樓","立案時間":"2002-05-10","各地短期補習班數量":"210"},{"地區縣市":"基隆市政府","短期補習班名稱":"基隆市私立五餅二魚文理短期補習班","主管機關文件單位代碼":"242","電子郵件":"haveaniceday10057@yahoo.com.tw","短期補習班類別":"文理類","地址":"基隆市仁愛區愛七路14巷5號1樓、基隆市仁愛區延平街12巷16號4樓","立案時間":"2005-09-20","各地短期補習班數量":"210"},{"地區縣市":"基隆市政府","短期補習班名稱":"基隆市私立亞學文理短期補習班","主管機關文件單位代碼":"290","電子郵件":"yaxue0699@gmail.com","短期補習班類別":"文理類","地址":"基隆市仁愛區華二街10號1-4樓","立案時間":"2008-01-29","各地短期補習班數量":"210"},{"地區縣市":"基隆市政府","短期補習班名稱":"基隆市私立育德文理短期補習班","主管機關文件單位代碼":"324","電子郵件":"wendy9k1208@yahoo.com.tw","短期補習班類別":"文理類","地址":"基隆市暖暖區東碇路501號1樓、基隆市暖暖區暖碇路38巷96號1樓","立案時間":"2010-07-29","各地短期補習班數量":"210"},{"地區縣市":"基隆市政府","短期補習班名稱":"基隆市私立大學豐文理短期補習班","主管機關文件單位代碼":"318","電子郵件":"","短期補習班類別":"文理類","地址":"基隆市暖暖區源遠路170-2號1樓","立案時間":"2009-10-28","各地短期補習班數量":"210"},{"地區縣市":"基隆市政府","短期補習班名稱":"基隆市私立大豐文理短期補習班","主管機關文件單位代碼":"009","電子郵件":"df24594567@gmail.com","短期補習班類別":"文理類","地址":"基隆市暖暖區源遠路170-2號2樓","立案時間":"2009-10-07","各地短期補習班數量":"210"},{"地區縣市":"基隆市政府","短期補習班名稱":"基隆市私立文碩文理短期補習班","主管機關文件單位代碼":"427","電子郵件":"alison24682011@gmail.com","短期補習班類別":"文理類","地址":"基隆市中山區中和路168巷3弄15號1樓","立案時間":"2021-05-18","各地短期補習班數量":"210"},{"地區縣市":"基隆市政府","短期補習班名稱":"基隆市私立小苗圃文理短期補習班","主管機關文件單位代碼":"188","電子郵件":"jenny0937909@gmail.com","短期補習班類別":"外語類","地址":"基隆市中山區復興路259巷30-1號","立案時間":"2003-05-13","各地短期補習班數量":"210"},{"地區縣市":"基隆市政府","短期補習班名稱":"基隆市私立耶魯文理短期補習班","主管機關文件單位代碼":"246","電子郵件":"s197234.s61858712@gmail.com","短期補習班類別":"文理類","地址":"基隆市安樂區武嶺街213-2、213-3、213-4、247-3、247-4、247-5號","立案時間":"2005-10-17","各地短期補習班數量":"210"},{"地區縣市":"基隆市政府","短期補習班名稱":"基隆市私立齊英文理短期補習班","主管機關文件單位代碼":"412","電子郵件":"qiying24571781@gmail.com","短期補習班類別":"文理類","地址":"基隆市暖暖區暖暖街441號1樓","立案時間":"2019-07-10","各地短期補習班數量":"210"},{"地區縣市":"基隆市政府","短期補習班名稱":"基隆市私立濠銘文理短期補習班","主管機關文件單位代碼":"329","電子郵件":"taibowchen@hotmail.com","短期補習班類別":"文理類","地址":"基隆市安樂區武嶺街16-2號3樓","立案時間":"2011-01-03","各地短期補習班數量":"210"},{"地區縣市":"基隆市政府","短期補習班名稱":"基隆市私立快樂天堂文理技藝短期補習班","主管機關文件單位代碼":"003","電子郵件":"jonsmin.cc@gmail.com","短期補習班類別":"文理類","地址":"基隆市暖暖區源遠路297巷92號1樓","立案時間":"2003-02-25","各地短期補習班數量":"210"},{"地區縣市":"基隆市政府","短期補習班名稱":"基隆市私立黌理文理短期補習班","主管機關文件單位代碼":"394","電子郵件":"holyscience2016@gmail.com","短期補習班類別":"文理類","地址":"基隆市仁愛區愛三路128號8樓","立案時間":"2017-03-17","各地短期補習班數量":"210"},{"地區縣市":"基隆市政府","短期補習班名稱":"基隆市私立奧林匹克文理短期補習班","主管機關文件單位代碼":"255","電子郵件":"","短期補習班類別":"文理類","地址":"基隆市仁愛區愛二路55號3樓","立案時間":"2006-03-15","各地短期補習班數量":"210"},{"地區縣市":"基隆市政府","短期補習班名稱":"基隆市私立新學友才藝文理短期補習班","主管機關文件單位代碼":"040","電子郵件":"nancy940115@gmail.com","短期補習班類別":"文理類","地址":"基隆市信義區信一路133號4樓、基隆市信義區信一路133-1號4樓","立案時間":"1998-06-25","各地短期補習班數量":"210"},{"地區縣市":"基隆市政府","短期補習班名稱":"基隆市私立東美文理短期補習班","主管機關文件單位代碼":"368","電子郵件":"lin100770@gmail.com","短期補習班類別":"文理類","地址":"基隆市信義區深澳坑路2-28號","立案時間":"2014-01-17","各地短期補習班數量":"210"},{"地區縣市":"基隆市政府","短期補習班名稱":"基隆市私立地球村語文短期補習班","主管機關文件單位代碼":"160","電子郵件":"gvoedu888@gmail.com","短期補習班類別":"外語類","地址":"基隆市仁愛區愛三路118號5-6樓","立案時間":"1996-01-10","各地短期補習班數量":"210"},{"地區縣市":"基隆市政府","短期補習班名稱":"基隆市私立柏誠文理短期補習班","主管機關文件單位代碼":"042","電子郵件":"peyu0127@yahoo.com.tw","短期補習班類別":"文理類","地址":"基隆市暖暖區暖暖街421號、基隆市暖暖區暖暖街423號","立案時間":"2001-12-03","各地短期補習班數量":"210"},{"地區縣市":"基隆市政府","短期補習班名稱":"基隆市私立孫翠玲舞蹈短期補習班","主管機關文件單位代碼":"179","電子郵件":"fs.dance@msa.hinet.net","短期補習班類別":"音樂、舞蹈類","地址":"基隆市中正區義一路18號10樓","立案時間":"1992-08-11","各地短期補習班數量":"210"},{"地區縣市":"基隆市政府","短期補習班名稱":"基隆市私立榮星文理短期補習班","主管機關文件單位代碼":"390","電子郵件":"jack34011967@gmail.com","短期補習班類別":"文理類","地址":"基隆市安樂區樂利三街30巷15號1樓","立案時間":"2016-08-31","各地短期補習班數量":"210"},{"地區縣市":"基隆市政府","短期補習班名稱":"基隆市私立品誠文理短期補習班","主管機關文件單位代碼":"382","電子郵件":"aeneas0207@gmail.com","短期補習班類別":"文理類","地址":"基隆市安樂區基金一路135巷21弄25號1、2樓及基隆市安樂區基金一路135巷21弄1號1樓","立案時間":"2015-06-16","各地短期補習班數量":"210"},{"地區縣市":"基隆市政府","短期補習班名稱":"基隆市私立班恩邦尼美語短期補習班","主管機關文件單位代碼":"280","電子郵件":"","短期補習班類別":"外語類","地址":"基隆市暖暖區暖暖街379巷6號","立案時間":"2007-08-22","各地短期補習班數量":"210"},{"地區縣市":"基隆市政府","短期補習班名稱":"基隆市私立大宇文理短期補習班","主管機關文件單位代碼":"343","電子郵件":"alyce2008@gmail.com","短期補習班類別":"文理類","地址":"基隆市仁愛區仁二路19-1號2樓","立案時間":"2011-12-20","各地短期補習班數量":"210"},{"地區縣市":"基隆市政府","短期補習班名稱":"基隆市私立自立文理才藝短期補習班","主管機關文件單位代碼":"429","電子郵件":"zilizili2005@yahoo.com.tw","短期補習班類別":"文理類","地址":"基隆市中山區復興路212巷19弄4之1號","立案時間":"2022-08-16","各地短期補習班數量":"210"},{"地區縣市":"基隆市政府","短期補習班名稱":"基隆市私立潘氏英日語短期補習班","主管機關文件單位代碼":"183","電子郵件":"pianovember21@gmail.com","短期補習班類別":"外語類","地址":"基隆市仁愛區仁一路295之10號5樓","立案時間":"2009-07-14","各地短期補習班數量":"210"},{"地區縣市":"基隆市政府","短期補習班名稱":"智基科技開發股份有限公司附設私立志光法商文理短期補習班","主管機關文件單位代碼":"001","電子郵件":"pai598@hotmail.com","短期補習班類別":"文理類","地址":"基隆市仁愛區忠二路16之1號1-3樓","立案時間":"2003-02-17","各地短期補習班數量":"210"},{"地區縣市":"基隆市政府","短期補習班名稱":"基隆市私立白蘭琪文理短期補習班","主管機關文件單位代碼":"011","電子郵件":"blanchenglish@yahoo.cpm","短期補習班類別":"文理類","地址":"基隆市仁愛區忠二路31之2號3樓","立案時間":"2002-08-26","各地短期補習班數量":"210"},{"地區縣市":"基隆市政府","短期補習班名稱":"基隆市私立冠捷文理短期補習班","主管機關文件單位代碼":"245","電子郵件":"","短期補習班類別":"文理類","地址":"基隆市仁愛區仁二路72號2-3樓","立案時間":"2005-10-13","各地短期補習班數量":"210"},{"地區縣市":"基隆市政府","短期補習班名稱":"基隆市私立茱莉安文理短期補習班","主管機關文件單位代碼":"024","電子郵件":"","短期補習班類別":"文理類","地址":"基隆市安樂區武嶺街213之1號 ","立案時間":"2002-06-03","各地短期補習班數量":"210"},{"地區縣市":"基隆市政府","短期補習班名稱":"基隆市私立海洋文理短期補習班","主管機關文件單位代碼":"399","電子郵件":"","短期補習班類別":"文理類","地址":"基隆市仁愛區仁二路119巷5號1樓","立案時間":"2017-07-20","各地短期補習班數量":"210"},{"地區縣市":"基隆市政府","短期補習班名稱":"基隆市私立神奇寶貝文理短期補習班","主管機關文件單位代碼":"064","電子郵件":"candy987908@yahoo.com.tw","短期補習班類別":"文理類","地址":"基隆市七堵區南興路90號2樓","立案時間":"2001-01-30","各地短期補習班數量":"210"},{"地區縣市":"基隆市政府","短期補習班名稱":"基隆市私立儒林文理短期補習班","主管機關文件單位代碼":"107","電子郵件":"","短期補習班類別":"文理類","地址":"基隆市仁愛區仁一路305號7-8樓","立案時間":"1994-05-09","各地短期補習班數量":"210"},{"地區縣市":"基隆市政府","短期補習班名稱":"大總統文化事業有限公司附設基隆市私立大東海工商法短期補習班","主管機關文件單位代碼":"168","電子郵件":"","短期補習班類別":"文理類","地址":"基隆市仁愛區愛三路128號5樓","立案時間":"2006-01-09","各地短期補習班數量":"210"},{"地區縣市":"基隆市政府","短期補習班名稱":"基隆市私立興平文理短期補習班","主管機關文件單位代碼":"285","電子郵件":"bonjour0099@hotmail.com","短期補習班類別":"文理類","地址":"基隆市仁愛區延平街12巷6號1-3樓","立案時間":"2007-09-28","各地短期補習班數量":"210"},{"地區縣市":"基隆市政府","短期補習班名稱":"基隆市私立唯鈞文理短期補習班","主管機關文件單位代碼":"337","電子郵件":"weichun.education@gmail.com","短期補習班類別":"文理類","地址":"基隆市安樂區樂利三街126之1號2樓","立案時間":"2011-05-12","各地短期補習班數量":"210"},{"地區縣市":"基隆市政府","短期補習班名稱":"基隆市私立名仁文理短期補習班","主管機關文件單位代碼":"297","電子郵件":"","短期補習班類別":"文理類","地址":"基隆市安樂區樂利三街28巷14號1樓","立案時間":"2008-05-30","各地短期補習班數量":"210"},{"地區縣市":"基隆市政府","短期補習班名稱":"基隆市私立筱錄音樂短期補習班","主管機關文件單位代碼":"389","電子郵件":"","短期補習班類別":"音樂、舞蹈類","地址":"基隆市仁愛區仁一路277號3樓之2","立案時間":"2016-07-12","各地短期補習班數量":"210"},{"地區縣市":"基隆市政府","短期補習班名稱":"基隆市私立黃老師文理短期補習班","主管機關文件單位代碼":"206","電子郵件":"rene7065@gmail.com","短期補習班類別":"外語類","地址":"基隆市七堵區福一街51巷12號1樓","立案時間":"2004-03-19","各地短期補習班數量":"210"},{"地區縣市":"基隆市政府","短期補習班名稱":"基隆市私立穎聰語文短期補習班","主管機關文件單位代碼":"034","電子郵件":"kathryan@me.com","短期補習班類別":"外語類","地址":"基隆市七堵區永富路112號1樓","立案時間":"2002-01-21","各地短期補習班數量":"210"},{"地區縣市":"基隆市政府","短期補習班名稱":"基隆市私立綠之苑文理短期補習班","主管機關文件單位代碼":"312","電子郵件":"蘇宏仁\u0026amp;amp;amp;amp;amp;lt;hungrensu@gmail.com\u0026amp;amp;amp;amp;amp;gt;","短期補習班類別":"文理類","地址":"基隆市暖暖區暖碇路151號1樓","立案時間":"2009-06-06","各地短期補習班數量":"210"},{"地區縣市":"基隆市政府","短期補習班名稱":"基隆市私立日勝文理短期補習班","主管機關文件單位代碼":"207","電子郵件":"js24514372@yahoo.com.tw","短期補習班類別":"文理類","地址":"基隆市七堵區福一街110巷5號1-2樓、基隆市七堵區福一街110巷7號1-2樓、基隆市七堵區福一街114號1樓","立案時間":"2004-04-06","各地短期補習班數量":"210"},{"地區縣市":"基隆市政府","短期補習班名稱":"基隆市私立英倫文理短期補習班","主管機關文件單位代碼":"332","電子郵件":"debbie919191@gmail.com","短期補習班類別":"文理類","地址":"基隆市暖暖區源遠路249巷8號1樓","立案時間":"2011-03-07","各地短期補習班數量":"210"},{"地區縣市":"基隆市政府","短期補習班名稱":"基隆市私立欣欣學園文理短期補習班","主管機關文件單位代碼":"341","電子郵件":"paochinpn@gmail.com","短期補習班類別":"文理類","地址":"基隆市中正區豐稔街49號1樓","立案時間":"2011-09-23","各地短期補習班數量":"210"},{"地區縣市":"基隆市政府","短期補習班名稱":"基隆市私立大喆文理短期補習班","主管機關文件單位代碼":"260","電子郵件":"","短期補習班類別":"文理類","地址":"基隆市安樂區安和一街129巷1號、基隆市安樂區安和一街129巷1-1號","立案時間":"2006-06-02","各地短期補習班數量":"210"},{"地區縣市":"基隆市政府","短期補習班名稱":"基隆市私立虹韻文理短期補習班","主管機關文件單位代碼":"089","電子郵件":"x0917239546@mail.com","短期補習班類別":"文理類","地址":"基隆市中山區西定路51號","立案時間":"1999-12-04","各地短期補習班數量":"210"},{"地區縣市":"基隆市政府","短期補習班名稱":"基隆市私立華純逸舞藝短期補習班","主管機關文件單位代碼":"208","電子郵件":"chunyi529@hotmail.com","短期補習班類別":"音樂、舞蹈類","地址":"基隆市中山區安一路57號3樓","立案時間":"2004-04-08","各地短期補習班數量":"210"},{"地區縣市":"基隆市政府","短期補習班名稱":"基隆市私立蕾頓文理短期補習班","主管機關文件單位代碼":"061","電子郵件":"debra141717@yahoo.com.tw","短期補習班類別":"外語類","地址":"基隆市中山區中和路85巷9號","立案時間":"2001-03-27","各地短期補習班數量":"210"},{"地區縣市":"基隆市政府","短期補習班名稱":"基隆市私立左岸文理才藝短期補習班","主管機關文件單位代碼":"387","電子郵件":"zoetso2@gmail.com","短期補習班類別":"文理類","地址":"基隆市仁愛區愛九路1號3樓","立案時間":"2015-10-01","各地短期補習班數量":"210"},{"地區縣市":"基隆市政府","短期補習班名稱":"基隆市私立奇恩文理短期補習班","主管機關文件單位代碼":"298","電子郵件":"blank9604@gmail.com","短期補習班類別":"文理類","地址":"基隆市暖暖區暖碇路157號1-2樓","立案時間":"2008-07-01","各地短期補習班數量":"210"},{"地區縣市":"基隆市政府","短期補習班名稱":"基隆市私立建德小牛頓文理短期補習班","主管機關文件單位代碼":"204","電子郵件":"a4335636@yahoo.com.tw","短期補習班類別":"文理類","地址":"基隆市安樂區麥金路416號1樓","立案時間":"2004-03-16","各地短期補習班數量":"210"},{"地區縣市":"基隆市政府","短期補習班名稱":"基隆市私立長樂文理短期補習班","主管機關文件單位代碼":"134","電子郵件":"a4335636@yahoo.com.tw","短期補習班類別":"文理類","地址":"基隆市安樂區樂利三街132巷2弄7號","立案時間":"1997-09-18","各地短期補習班數量":"210"},{"地區縣市":"基隆市政府","短期補習班名稱":"基隆市私立寶寶文理短期補習班","主管機關文件單位代碼":"028","電子郵件":"","短期補習班類別":"文理類","地址":"基隆市信義區深澳坑路6巷141號1樓","立案時間":"2002-05-03","各地短期補習班數量":"210"},{"地區縣市":"基隆市政府","短期補習班名稱":"基隆市私立奇瓦迪文理短期補習班","主管機關文件單位代碼":"380","電子郵件":"monicacc3388@gmail.com","短期補習班類別":"文理類","地址":"基隆市信義區深溪路155號1-4樓","立案時間":"2015-03-04","各地短期補習班數量":"210"},{"地區縣市":"基隆市政府","短期補習班名稱":"基隆市私立海吉文理短期補習班","主管機關文件單位代碼":"372","電子郵件":"yonker.liao@gmail.com","短期補習班類別":"文理類","地址":"基隆市仁愛區仁二路127號1-3樓","立案時間":"2014-05-29","各地短期補習班數量":"210"},{"地區縣市":"基隆市政府","短期補習班名稱":"基隆市私立東科文理短期補習班","主管機關文件單位代碼":"293","電子郵件":"amychiu0710@gmail.com","短期補習班類別":"文理類","地址":"基隆市暖暖區源遠路260巷26弄17-1號2樓","立案時間":"2008-04-02","各地短期補習班數量":"210"},{"地區縣市":"基隆市政府","短期補習班名稱":"基隆市私立天下文理短期補習班","主管機關文件單位代碼":"294","電子郵件":"","短期補習班類別":"文理類","地址":"基隆市安樂區安一路173號1樓、基隆市安樂區安一路175號1樓","立案時間":"2008-05-07","各地短期補習班數量":"210"},{"地區縣市":"基隆市政府","短期補習班名稱":"基隆市私立道生文理短期補習班","主管機關文件單位代碼":"374","電子郵件":"","短期補習班類別":"文理類","地址":"基隆市信義區東光路261之17號3、4樓","立案時間":"2014-08-13","各地短期補習班數量":"210"},{"地區縣市":"基隆市政府","短期補習班名稱":"基隆市私立文昱文理短期補習班","主管機關文件單位代碼":"016","電子郵件":"yping0227@gmail.com","短期補習班類別":"文理類","地址":"基隆市安樂區安樂路二段131之5號、基隆市安樂區安樂路二段133之5號","立案時間":"2002-07-19","各地短期補習班數量":"210"},{"地區縣市":"基隆市政府","短期補習班名稱":"基隆市私立聯成電腦短期補習班","主管機關文件單位代碼":"330","電子郵件":"lccnetlc17@aptg.net ","短期補習班類別":"資訊類","地址":"基隆市仁愛區孝二路106號1、3樓、基隆市仁愛區忠一路3巷6號1樓","立案時間":"2011-01-11","各地短期補習班數量":"210"},{"地區縣市":"基隆市政府","短期補習班名稱":"基隆市私立吉吉童畫村短期補習班","主管機關文件單位代碼":"013","電子郵件":"","短期補習班類別":"美術、書法、攝影、美工設計、圍棋類","地址":"基隆市中正區義一路2號7樓","立案時間":"2002-08-21","各地短期補習班數量":"210"},{"地區縣市":"基隆市政府","短期補習班名稱":"基隆市私立雪力文理短期補習班","主管機關文件單位代碼":"336","電子郵件":"linwanru01@yahoo.com.tw","短期補習班類別":"文理類","地址":"基隆市中正區中正路623-1號2樓、基隆市中正區中正路625-1號2樓","立案時間":"2011-05-04","各地短期補習班數量":"210"},{"地區縣市":"基隆市政府","短期補習班名稱":"基隆市私立大成文理短期補習班","主管機關文件單位代碼":"081","電子郵件":"","短期補習班類別":"文理類","地址":"基隆市中山區西定路296巷1號","立案時間":"2000-06-01","各地短期補習班數量":"210"},{"地區縣市":"基隆市政府","短期補習班名稱":"基隆市私立康捷文理短期補習班","主管機關文件單位代碼":"225","電子郵件":"","短期補習班類別":"文理類","地址":"基隆市仁愛區仁二路86號3樓、基隆市仁愛區 仁二路88號3樓","立案時間":"2005-01-06","各地短期補習班數量":"210"},{"地區縣市":"基隆市政府","短期補習班名稱":"基隆市私立李詮數學文理短期補習班","主管機關文件單位代碼":"375","電子郵件":"william168666@gmail.com","短期補習班類別":"文理類","地址":"基隆市仁愛區劉銘傳路76號1、2樓","立案時間":"2014-08-29","各地短期補習班數量":"210"},{"地區縣市":"基隆市政府","短期補習班名稱":"基隆市私立愛米爾文理短期補習班","主管機關文件單位代碼":"369","電子郵件":"emile.edu.official@gmail.com","短期補習班類別":"文理類","地址":"基隆市中山區中和路70巷1號3樓","立案時間":"2014-02-14","各地短期補習班數量":"210"},{"地區縣市":"基隆市政府","短期補習班名稱":"基隆市私立親親文理短期補習班","主管機關文件單位代碼":"333","電子郵件":"maggielin_22@hotmail.com","短期補習班類別":"文理類","地址":"基隆市安樂區麥金路240號1樓","立案時間":"2011-03-07","各地短期補習班數量":"210"},{"地區縣市":"基隆市政府","短期補習班名稱":"基隆市私立吳平文理短期補習班","主管機關文件單位代碼":"145","電子郵件":"no05082001@yahoo.com.tw","短期補習班類別":"文理類","地址":"基隆市中正區義一路18號8樓","立案時間":"1997-03-03","各地短期補習班數量":"210"},{"地區縣市":"基隆市政府","短期補習班名稱":"基隆市私立新華文文理短期補習班","主管機關文件單位代碼":"097","電子郵件":"alien850101@gmail.com","短期補習班類別":"文理類","地址":"基隆市信義區東明路10號3樓","立案時間":"1999-03-05","各地短期補習班數量":"210"},{"地區縣市":"基隆市政府","短期補習班名稱":"基隆市私立立昇文理短期補習班","主管機關文件單位代碼":"203","電子郵件":"pepegk58@gmail.com","短期補習班類別":"文理類","地址":"基隆市中正區中正路666-1號2樓","立案時間":"2004-01-29","各地短期補習班數量":"210"},{"地區縣市":"基隆市政府","短期補習班名稱":"基隆市私立大智文殊文理短期補習班","主管機關文件單位代碼":"321","電子郵件":"evans1974@gmail.com","短期補習班類別":"文理類","地址":"基隆市信義區教忠街40巷32號1-2樓","立案時間":"2010-01-29","各地短期補習班數量":"210"},{"地區縣市":"基隆市政府","短期補習班名稱":"基隆市私立安樂芝蔴街美語文理短期補習班","主管機關文件單位代碼":"067","電子郵件":"sherrywei1027@gmail.com","短期補習班類別":"文理類","地址":"基隆市安樂區安樂路二段153號6樓、基隆市安樂區安樂路二段155號2樓","立案時間":"2000-12-12","各地短期補習班數量":"210"},{"地區縣市":"基隆市政府","短期補習班名稱":"基隆市私立傑優文理短期補習班","主管機關文件單位代碼":"340","電子郵件":"c56571217@gmail.com","短期補習班類別":"文理類","地址":"基隆市暖暖區暖暖街252號","立案時間":"2011-06-13","各地短期補習班數量":"210"},{"地區縣市":"基隆市政府","短期補習班名稱":"基隆市私立啟賢文理短期補習班","主管機關文件單位代碼":"421","電子郵件":"song560616@gmail.com","短期補習班類別":"文理類","地址":"基隆市信義區正信路151巷5-1號1樓、基隆市信義區正信路151巷5-2號1樓、基隆市信義區正信路151巷5-3號1樓","立案時間":"2020-11-06","各地短期補習班數量":"210"}]
