



[{"地區縣市":"金門縣政府","短期補習班名稱":"金門縣私立康橋文理短期補習班","主管機關文件單位代碼":"0980087625","電子郵件":"","短期補習班類別":"文理類","地址":"金湖鎮黃海路97之4號","立案時間":"2009-12-31","各地短期補習班數量":"40"},{"地區縣市":"金門縣政府","短期補習班名稱":"金門縣私立樂樂學堂文理短期補習班","主管機關文件單位代碼":"","電子郵件":"cheerfulacademy2019@gmail.com","短期補習班類別":"文理類","地址":"金城鎮民權路161號","立案時間":"2019-03-15","各地短期補習班數量":"40"},{"地區縣市":"金門縣政府","短期補習班名稱":"金門縣私立英文勇士美語文理短期補習班","主管機關文件單位代碼":"","電子郵件":"","短期補習班類別":"外語類","地址":"金湖鎮市港路162號1樓","立案時間":"2021-08-23","各地短期補習班數量":"40"},{"地區縣市":"金門縣政府","短期補習班名稱":"金門縣私立金隼文理短期補習班","主管機關文件單位代碼":"","電子郵件":"","短期補習班類別":"文理類","地址":"金湖鎮新市里復興路99號1樓、2樓","立案時間":"2021-08-30","各地短期補習班數量":"40"},{"地區縣市":"金門縣政府","短期補習班名稱":"金門縣私立台金大湖文理短期補習班","主管機關文件單位代碼":"","電子郵件":"jinhutaida@gmail.com","短期補習班類別":"文理類","地址":"金湖鎮新湖里市港路138號2樓","立案時間":"2021-09-06","各地短期補習班數量":"40"},{"地區縣市":"金門縣政府","短期補習班名稱":"金門縣私立玩注音小學堂文理短期補習班","主管機關文件單位代碼":"","電子郵件":"","短期補習班類別":"文理類","地址":"金沙鎮大洋里新前墩13號","立案時間":"2022-03-02","各地短期補習班數量":"40"},{"地區縣市":"金門縣政府","短期補習班名稱":"金門縣私立獺知教育文理短期補習班","主管機關文件單位代碼":"","電子郵件":"tops.edu.tw@gmail.com","短期補習班類別":"外語類","地址":"金寧鄉湖埔村22鄰埔邊35號1樓","立案時間":"2022-06-14","各地短期補習班數量":"40"},{"地區縣市":"金門縣政府","短期補習班名稱":"金門縣私立學而優文理短期補習班","主管機關文件單位代碼":"","電子郵件":"anniewu0919@gmail.com","短期補習班類別":"文理類","地址":"金城鎮民族路64-2號3樓","立案時間":"2023-08-29","各地短期補習班數量":"40"},{"地區縣市":"金門縣政府","短期補習班名稱":"金門縣私立安佳美語教室文理短期補習班","主管機關文件單位代碼":"","電子郵件":"aplusenglish2022@gmail.com","短期補習班類別":"外語類","地址":"金湖鎮市港三路229號1、2樓","立案時間":"2022-01-07","各地短期補習班數量":"40"},{"地區縣市":"金門縣政府","短期補習班名稱":"金門縣私立蕭宏文理短期補習班","主管機關文件單位代碼":"","電子郵件":"","短期補習班類別":"文理類","地址":"烈嶼鄉西宅22之1號1樓","立案時間":"2022-10-21","各地短期補習班數量":"40"},{"地區縣市":"金門縣政府","短期補習班名稱":"金門縣私立湖小旁邊未來領袖文理短期補習班","主管機關文件單位代碼":"","電子郵件":"","短期補習班類別":"文理類","地址":"金湖鎮黃海路3號1、2樓","立案時間":"2020-02-15","各地短期補習班數量":"40"},{"地區縣市":"金門縣政府","短期補習班名稱":"金門縣私立呂易文理短期補習班","主管機關文件單位代碼":"","電子郵件":"leuyilearningcenter@gmail.com","短期補習班類別":"文理類","地址":"金城鎮金城鎮民權路157號1、2樓","立案時間":"2013-04-11","各地短期補習班數量":"40"},{"地區縣市":"金門縣政府","短期補習班名稱":"私立雷米技藝文理短期補習班小布朗尼分班","主管機關文件單位代碼":"","電子郵件":"j927a@hotmail.com","短期補習班類別":"外語類","地址":"金門縣金城鎮民族路93巷5弄17號3樓","立案時間":"2018-06-19","各地短期補習班數量":"40"},{"地區縣市":"金門縣政府","短期補習班名稱":"金門縣私立雷米技藝文理短期補習班","主管機關文件單位代碼":"","電子郵件":"j927a@hotmail.com","短期補習班類別":"文理類","地址":"金城鎮金城鎮富康一村1巷6號","立案時間":"2015-09-14","各地短期補習班數量":"40"},{"地區縣市":"金門縣政府","短期補習班名稱":"金門縣私立頂尖文理短期補習班","主管機關文件單位代碼":"","電子郵件":"hjuniorenglish@gmail.com","短期補習班類別":"文理類","地址":"金城鎮民生路27巷10號","立案時間":"2016-08-19","各地短期補習班數量":"40"},{"地區縣市":"金門縣政府","短期補習班名稱":"私立全音吉的堡美語教室短期補習班","主管機關文件單位代碼":"0930036362","電子郵件":"kmkidcastle@gmail.com","短期補習班類別":"外語類","地址":"金城鎮珠浦西路22號3樓","立案時間":"2004-09-16","各地短期補習班數量":"40"},{"地區縣市":"金門縣政府","短期補習班名稱":"金門縣私立全音音樂教室技藝短期補習班","主管機關文件單位代碼":"0930038645","電子郵件":"kmyamaha@gmail.com","短期補習班類別":"音樂、舞蹈類","地址":"金城鎮珠浦西路22號2樓","立案時間":"2004-09-16","各地短期補習班數量":"40"},{"地區縣市":"金門縣政府","短期補習班名稱":"私立劉碩文理短期補習班","主管機關文件單位代碼":"0960019492","電子郵件":"chichieh-1@hotmail.com","短期補習班類別":"文理類","地址":"金門縣金城鎮中興路203號三、四樓","立案時間":"2007-05-23","各地短期補習班數量":"40"},{"地區縣市":"金門縣政府","短期補習班名稱":"金門縣私立米羅技藝短期補習班","主管機關文件單位代碼":"","電子郵件":"","短期補習班類別":"美術、書法、攝影、美工設計、圍棋類","地址":"金城鎮珠浦北路31-2號1、2樓","立案時間":"2017-01-24","各地短期補習班數量":"40"},{"地區縣市":"金門縣政府","短期補習班名稱":"摘星教育股份有限公司附設金門縣私立星城文理短期補習班","主管機關文件單位代碼":"0970039054","電子郵件":"representationalism@gmail.com","短期補習班類別":"文理類","地址":"金門縣金城鎮珠浦西路6巷3弄5號1-2樓","立案時間":"2008-07-03","各地短期補習班數量":"40"},{"地區縣市":"金門縣政府","短期補習班名稱":"金門縣私立伊倫語文文理短期補習班","主管機關文件單位代碼":"","電子郵件":"","短期補習班類別":"文理類","地址":"金湖鎮新市里武德新莊自強路21號3樓之1及之2","立案時間":"2021-08-23","各地短期補習班數量":"40"},{"地區縣市":"金門縣政府","短期補習班名稱":"金門縣私立邏輯文理短期補習班金城分班","主管機關文件單位代碼":"","電子郵件":"","短期補習班類別":"文理類","地址":"金門縣金城鎮西門里5鄰莒光路169之5號","立案時間":"2019-05-30","各地短期補習班數量":"40"},{"地區縣市":"金門縣政府","短期補習班名稱":"私立邏輯文理短期補習班","主管機關文件單位代碼":"0980079913","電子郵件":"","短期補習班類別":"文理類","地址":"金湖鎮山外76-8、76-9號","立案時間":"2009-11-29","各地短期補習班數量":"40"},{"地區縣市":"金門縣政府","短期補習班名稱":"私立學人文理短期補習班","主管機關文件單位代碼":"0970027217","電子郵件":"","短期補習班類別":"文理類","地址":"金門縣金城鎮富康一村9巷16號1、2樓","立案時間":"2008-05-12","各地短期補習班數量":"40"},{"地區縣市":"金門縣政府","短期補習班名稱":"金門縣私立台金大門技藝文理短期補習班","主管機關文件單位代碼":"0940017043","電子郵件":"w1003168@gmail.com","短期補習班類別":"文理類","地址":"金門縣金城鎮民族路93巷5弄17號2樓","立案時間":"2005-04-08","各地短期補習班數量":"40"},{"地區縣市":"金門縣政府","短期補習班名稱":"金門縣私立新台金大門文理短期補習班","主管機關文件單位代碼":"","電子郵件":"","短期補習班類別":"文理類","地址":"金城鎮民權路182號4樓","立案時間":"2020-06-05","各地短期補習班數量":"40"},{"地區縣市":"金門縣政府","短期補習班名稱":"金門縣私立強勝文理短期補習班","主管機關文件單位代碼":"","電子郵件":"","短期補習班類別":"文理類","地址":"金城鎮民權路122巷20號2樓","立案時間":"2020-03-20","各地短期補習班數量":"40"},{"地區縣市":"金門縣政府","短期補習班名稱":"私立童學來了小學堂文理/技藝短期補習班","主管機關文件單位代碼":"","電子郵件":"","短期補習班類別":"外語類","地址":"金寧鄉下堡126號1F","立案時間":"2018-07-13","各地短期補習班數量":"40"},{"地區縣市":"金門縣政府","短期補習班名稱":"私立伯朗文理短期補習班","主管機關文件單位代碼":"0970007531","電子郵件":"pocketly@yahoo.com","短期補習班類別":"文理類","地址":"金城鎮民族路162巷2號","立案時間":"2008-01-31","各地短期補習班數量":"40"},{"地區縣市":"金門縣政府","短期補習班名稱":"私立康禾短期補習班","主管機關文件單位代碼":"0940053439","電子郵件":"kang.ha@msa.hinet.net","短期補習班類別":"文理類","地址":"金門縣金城鎮民生路15-6號","立案時間":"2005-10-12","各地短期補習班數量":"40"},{"地區縣市":"金門縣政府","短期補習班名稱":"金門縣私立慧成文理短期補習班","主管機關文件單位代碼":"","電子郵件":"6819516@gmail.com","短期補習班類別":"文理類","地址":"金湖鎮林森路25號","立案時間":"2017-07-07","各地短期補習班數量":"40"},{"地區縣市":"金門縣政府","短期補習班名稱":"私立艾歐英語文理短期補習班","主管機關文件單位代碼":"","電子郵件":"aioenglishbuxiban@gmail.com","短期補習班類別":"文理類","地址":"金城鎮民生路43號3F","立案時間":"2018-07-13","各地短期補習班數量":"40"},{"地區縣市":"金門縣政府","短期補習班名稱":"金門縣私立達人文理短期補習班","主管機關文件單位代碼":"","電子郵件":"","短期補習班類別":"文理類","地址":"金城鎮珠浦北路28-2號2樓","立案時間":"2017-02-20","各地短期補習班數量":"40"},{"地區縣市":"金門縣政府","短期補習班名稱":"私立無敵文理短期補習班","主管機關文件單位代碼":"0970027302","電子郵件":"","短期補習班類別":"文理類","地址":"金門縣金城鎮珠浦北路46號","立案時間":"2008-05-13","各地短期補習班數量":"40"},{"地區縣市":"金門縣政府","短期補習班名稱":"私立肯利熊文理短期補習班","主管機關文件單位代碼":"0950075214","電子郵件":"canlybear@yahoo.com.tw","短期補習班類別":"文理類","地址":"金門縣金湖鎮塔后47-12號2樓","立案時間":"2007-01-17","各地短期補習班數量":"40"},{"地區縣市":"金門縣政府","短期補習班名稱":"私立小博識文理語文短期補習班","主管機關文件單位代碼":"0960500025","電子郵件":"","短期補習班類別":"文理類","地址":"金門縣金湖鎮新市里復興路112號3樓","立案時間":"2007-01-03","各地短期補習班數量":"40"},{"地區縣市":"金門縣政府","短期補習班名稱":"金門縣私立長頸鹿語文文理短期補習班","主管機關文件單位代碼":"","電子郵件":"35041jm@gmail.com","短期補習班類別":"文理類","地址":"金城鎮珠浦西路6巷3弄6號3樓","立案時間":"2015-03-06","各地短期補習班數量":"40"},{"地區縣市":"金門縣政府","短期補習班名稱":"私立東方紅短期補習班","主管機關文件單位代碼":"0960500026","電子郵件":"","短期補習班類別":"外語類","地址":"金門縣金湖鎮山外街11號","立案時間":"2007-01-04","各地短期補習班數量":"40"},{"地區縣市":"金門縣政府","短期補習班名稱":"金門縣私立常春藤文理短期補習班","主管機關文件單位代碼":"","電子郵件":"han330808@yahoo.com.tw","短期補習班類別":"文理類","地址":"金湖鎮金門縣金湖鎮復興西路2號2樓","立案時間":"2017-06-20","各地短期補習班數量":"40"},{"地區縣市":"金門縣政府","短期補習班名稱":"私立金學士短期補習班","主管機關文件單位代碼":"0950030421","電子郵件":"","短期補習班類別":"文理類","地址":"金門縣金沙鎮五福街36號2樓","立案時間":"2006-06-06","各地短期補習班數量":"40"}]
