



[{"地區縣市":"連江縣政府","短期補習班名稱":"連江縣私立花旗文理短期補習班","主管機關文件單位代碼":"","電子郵件":"karen_chen1977@yahoo.com.tw","短期補習班類別":"文理類","地址":"南竿鄉介壽村56號","立案時間":"2019-05-08","各地短期補習班數量":"2"},{"地區縣市":"連江縣政府","短期補習班名稱":" 連江縣私立釩星文理短期補習班","主管機關文件單位代碼":"","電子郵件":"nickchen0316@gmail.com","短期補習班類別":"文理類","地址":"南竿鄉介壽村205號5樓","立案時間":"2021-06-25","各地短期補習班數量":"2"}]
