



[{"地區縣市":"南投縣政府","短期補習班名稱":"南投縣私立富森文理短期補習班","主管機關文件單位代碼":"","電子郵件":"bc080@joy.com.tw","短期補習班類別":"文理類","地址":"南投市信義街135號1-3樓","立案時間":"2020-05-15","各地短期補習班數量":"216"},{"地區縣市":"南投縣政府","短期補習班名稱":"南投縣私立佳鑫文理短期補習班","主管機關文件單位代碼":"","電子郵件":"bc040@joy.com.tw","短期補習班類別":"文理類","地址":"南投市中興路一街12號1-5樓","立案時間":"2015-07-22","各地短期補習班數量":"216"},{"地區縣市":"南投縣政府","短期補習班名稱":"南投縣私立史古比文理短期補習班","主管機關文件單位代碼":"b001","電子郵件":"goe77222@yahoo.com.tw","短期補習班類別":"文理類","地址":"埔里鎮北辰街133號1-2樓","立案時間":"2001-08-08","各地短期補習班數量":"216"},{"地區縣市":"南投縣政府","短期補習班名稱":"南投縣私立佳培文理短期補習班","主管機關文件單位代碼":"","電子郵件":"a0972372966@gmail.com","短期補習班類別":"文理類","地址":"草屯鎮和興一街13號1-2樓、21號1-2樓","立案時間":"2020-05-21","各地短期補習班數量":"216"},{"地區縣市":"南投縣政府","短期補習班名稱":"南投縣私立卓能文理短期補習班","主管機關文件單位代碼":"a047","電子郵件":"kevinsun808@gmail.com.","短期補習班類別":"商類：珠算、心算、會計","地址":"南投市彰南路3段402、404號1樓","立案時間":"1996-06-21","各地短期補習班數量":"216"},{"地區縣市":"南投縣政府","短期補習班名稱":"南投縣私立遠見文理短期補習班","主管機關文件單位代碼":"a040","電子郵件":"lawrence.2316548@gmail.com","短期補習班類別":"文理類","地址":"南投市向上路41號1-3樓","立案時間":"2004-12-15","各地短期補習班數量":"216"},{"地區縣市":"南投縣政府","短期補習班名稱":"益兼教育科技股份有限公司附設南投縣私立益兼文理短期補習班","主管機關文件單位代碼":"c097","電子郵件":"green708508@gmail.com","短期補習班類別":"文理類","地址":"草屯鎮山腳里民權一街88號1-3樓","立案時間":"2012-04-10","各地短期補習班數量":"216"},{"地區縣市":"南投縣政府","短期補習班名稱":"智基科技開發股份有限公司附設南投私立志光法商補習班埔里分班","主管機關文件單位代碼":"b065","電子郵件":"puli2993228@gmail.com","短期補習班類別":"法政類","地址":"埔里鎮中山路二段343號1-2樓","立案時間":"2009-03-30","各地短期補習班數量":"216"},{"地區縣市":"南投縣政府","短期補習班名稱":"南投縣私立偉達文理短期補習班南投分班","主管機關文件單位代碼":"a104","電子郵件":"waydar99@yahoo.com.tw","短期補習班類別":"文理類","地址":"南投市玉井街48號2-4樓","立案時間":"2010-08-27","各地短期補習班數量":"216"},{"地區縣市":"南投縣政府","短期補習班名稱":"南投縣私立旭英文理短期補習班","主管機關文件單位代碼":"","電子郵件":"rory26601882662132@gmail.com","短期補習班類別":"文理類","地址":"竹山鎮竹山里雲林路2之20之1號1-2樓","立案時間":"2003-10-09","各地短期補習班數量":"216"},{"地區縣市":"南投縣政府","短期補習班名稱":"南投縣私立陳老師文理短期補習班","主管機關文件單位代碼":"a029","電子郵件":"tony610626@gmail.com","短期補習班類別":"文理類","地址":"南投市玉井街66-1號2-3樓","立案時間":"2004-12-09","各地短期補習班數量":"216"},{"地區縣市":"南投縣政府","短期補習班名稱":"南投縣私立真善美慧聖賢教育機構文理短期補習班","主管機關文件單位代碼":"c077","電子郵件":"vanonny@hotmail.com","短期補習班類別":"文理類","地址":"草屯鎮新生路219號1-4樓","立案時間":"2009-03-30","各地短期補習班數量":"216"},{"地區縣市":"南投縣政府","短期補習班名稱":"南投縣私立IE文理短期補習班","主管機關文件單位代碼":"h002","電子郵件":"ivanpan0407@gmail.com","短期補習班類別":"文理類","地址":"水里鄉民族路277號3樓","立案時間":"2005-11-21","各地短期補習班數量":"216"},{"地區縣市":"南投縣政府","短期補習班名稱":"巨匠電腦股份有限公司草屯分公司附設南投縣私立巨匠電腦美語短期補習班","主管機關文件單位代碼":"c068","電子郵件":"K25_mailbox@pcschool.com.tw","短期補習班類別":"文理類","地址":"草屯鎮中山街114號1-3樓","立案時間":"2006-12-29","各地短期補習班數量":"216"},{"地區縣市":"南投縣政府","短期補習班名稱":"南投縣私立伊勵特美語短期補習班","主管機關文件單位代碼":"a082","電子郵件":"cba7642@yahoo.com.tw","短期補習班類別":"外語類","地址":"南投市南陽路177號1-2樓","立案時間":"2006-12-19","各地短期補習班數量":"216"},{"地區縣市":"南投縣政府","短期補習班名稱":"南投縣私立松鶴文理短期補習班","主管機關文件單位代碼":"","電子郵件":"s213117@gm.youth.tc.edu.tw","短期補習班類別":"文理類","地址":"鹿谷鄉廣興村中正一路118號1樓","立案時間":"2017-03-31","各地短期補習班數量":"216"},{"地區縣市":"南投縣政府","短期補習班名稱":"南投縣私立弘智文理短期補習班","主管機關文件單位代碼":"c077","電子郵件":"hongzhi.school@msa.hinet.net","短期補習班類別":"文理類","地址":"草屯鎮大成街7號1-3樓","立案時間":"2008-12-10","各地短期補習班數量":"216"},{"地區縣市":"南投縣政府","短期補習班名稱":"私立救國團南投縣團委會附設技藝語文短期補習班","主管機關文件單位代碼":"a048","電子郵件":"cycntutc@ms14.hinet.net","短期補習班類別":"文理類","地址":"南投市大同南街31號1-2樓","立案時間":"1997-07-22","各地短期補習班數量":"216"},{"地區縣市":"南投縣政府","短期補習班名稱":"南投縣私立龍郡文理短期補習班","主管機關文件單位代碼":"D021","電子郵件":"gimi2644933@gmail.com","短期補習班類別":"文理類","地址":"竹山鎮硘磘街61號2-3樓","立案時間":"2005-09-05","各地短期補習班數量":"216"},{"地區縣市":"南投縣政府","短期補習班名稱":"南投縣私立喬智文理短期補習班","主管機關文件單位代碼":"d036","電子郵件":"guntarget01@yahoo.com.tw","短期補習班類別":"文理類","地址":"竹山鎮集山路二段1224號1-2樓","立案時間":"2008-11-20","各地短期補習班數量":"216"},{"地區縣市":"南投縣政府","短期補習班名稱":"南投縣私立民傳文理短期補習班","主管機關文件單位代碼":"i001","電子郵件":"wthg@ms59 hinet.net","短期補習班類別":"文理類","地址":"魚池鄉魚池街334巷4號1-3樓","立案時間":"2000-01-07","各地短期補習班數量":"216"},{"地區縣市":"南投縣政府","短期補習班名稱":"南投縣私立華盛頓美語短期補習班","主管機關文件單位代碼":"a033","電子郵件":"washington.nt@gmail.com ","短期補習班類別":"外語類","地址":"南投市南崗二路377巷6號1樓","立案時間":"2000-07-26","各地短期補習班數量":"216"},{"地區縣市":"南投縣政府","短期補習班名稱":"南投縣私立尚霖文理-南投分班短期補習班","主管機關文件單位代碼":"a074","電子郵件":"hwang.hc@msa.hinet.net","短期補習班類別":"文理類","地址":"南投市建國路46號1-2樓","立案時間":"2006-03-20","各地短期補習班數量":"216"},{"地區縣市":"南投縣政府","短期補習班名稱":"南投縣私立劍橋文理技藝短期補習班","主管機關文件單位代碼":"c034","電子郵件":"youbest2300567@gmail.com","短期補習班類別":"文理類","地址":"草屯鎮炎峰里大成街46號1-2樓","立案時間":"2001-07-03","各地短期補習班數量":"216"},{"地區縣市":"南投縣政府","短期補習班名稱":"南投縣私立博克萊圓環校文理短期補習班","主管機關文件單位代碼":"c023","電子郵件":"imant0529@gmail.com","短期補習班類別":"外語類","地址":"草屯鎮炎峰街2-5號1-3樓","立案時間":"1999-07-16","各地短期補習班數量":"216"},{"地區縣市":"南投縣政府","短期補習班名稱":"南投縣私立博克萊文理短期補習班","主管機關文件單位代碼":"","電子郵件":"apien1991@gmail.com","短期補習班類別":"文理類","地址":"草屯鎮虎山路361號1-2樓","立案時間":"2016-10-04","各地短期補習班數量":"216"},{"地區縣市":"南投縣政府","短期補習班名稱":"南投縣私立兒培禮文理短期補習班","主管機關文件單位代碼":"c071","電子郵件":"gogo.cynthia@msa.hinet.net","短期補習班類別":"外語類","地址":"草屯鎮中興路128號2-3樓、130號2-3樓","立案時間":"2007-11-13","各地短期補習班數量":"216"},{"地區縣市":"南投縣政府","短期補習班名稱":"南投縣私立多加英語會話作文短期補習班","主管機關文件單位代碼":"a046","電子郵件":"stephen.dorcas@gmail.com","短期補習班類別":"外語類","地址":"南投市復興路101號4樓","立案時間":"1996-01-15","各地短期補習班數量":"216"},{"地區縣市":"南投縣政府","短期補習班名稱":"南投縣私立孟坊美術短期補習班","主管機關文件單位代碼":"a055","電子郵件":"moshyan0319@gmail.com","短期補習班類別":"美術、書法、攝影、美工設計、圍棋類","地址":"南投市三和一路64號1-2樓","立案時間":"2003-02-07","各地短期補習班數量":"216"},{"地區縣市":"南投縣政府","短期補習班名稱":"南投縣私立康乃爾文理技藝短期補習班","主管機關文件單位代碼":"c045","電子郵件":"carnation2365522@yahoo.com.tw","短期補習班類別":"文理類","地址":"草屯鎮碧山路318號1-2樓","立案時間":"2004-05-10","各地短期補習班數量":"216"},{"地區縣市":"南投縣政府","短期補習班名稱":"南投縣私立鴨子學苑文理技藝短期補習班","主管機關文件單位代碼":"d043","電子郵件":"duckart2660183@gmail.com","短期補習班類別":"文理類","地址":"竹山鎮大義街183號1-2樓","立案時間":"2010-12-07","各地短期補習班數量":"216"},{"地區縣市":"南投縣政府","短期補習班名稱":"南投縣私立大高徒文理短期補習班","主管機關文件單位代碼":"c079","電子郵件":"disciple168@gmail.com","短期補習班類別":"文理類","地址":"草屯鎮玉峰街41號1-2樓","立案時間":"2009-03-05","各地短期補習班數量":"216"},{"地區縣市":"南投縣政府","短期補習班名稱":"南投縣私立杰成文理短期補習班","主管機關文件單位代碼":"","電子郵件":"","短期補習班類別":"文理類","地址":"南投市彰南路三段353號1-2樓","立案時間":"2022-01-27","各地短期補習班數量":"216"},{"地區縣市":"南投縣政府","短期補習班名稱":"南投縣私立立揚文理短期補習班","主管機關文件單位代碼":"C050","電子郵件":"ly2562677@gmail.com","短期補習班類別":"文理類","地址":"草屯鎮富頂路一段166號2-3樓、158號1-3樓","立案時間":"2005-04-11","各地短期補習班數量":"216"},{"地區縣市":"南投縣政府","短期補習班名稱":"南投縣私立佳音英語會話短期補習班","主管機關文件單位代碼":"c018","電子郵件":"joytsaotun@gmail.com","短期補習班類別":"外語類","地址":"草屯鎮虎山路738號1-2樓","立案時間":"2001-04-20","各地短期補習班數量":"216"},{"地區縣市":"南投縣政府","短期補習班名稱":"南投縣私立特斯拉文理短期補習班","主管機關文件單位代碼":"","電子郵件":"","短期補習班類別":"文理類","地址":"埔里鎮南興街3-5號1-2樓、南興街2-5號1-2樓","立案時間":"2020-11-30","各地短期補習班數量":"216"},{"地區縣市":"南投縣政府","短期補習班名稱":"南投縣私立洪榮隆音樂技藝文理短期補習班","主管機關文件單位代碼":"","電子郵件":"","短期補習班類別":"音樂、舞蹈類","地址":"埔里鎮青田三街83號1-2樓","立案時間":"2017-01-09","各地短期補習班數量":"216"},{"地區縣市":"南投縣政府","短期補習班名稱":"南投縣私立立人文理短期補習班","主管機關文件單位代碼":"b006","電子郵件":"","短期補習班類別":"文理類","地址":"埔里鎮西安路一段144號1-2樓","立案時間":"1994-08-22","各地短期補習班數量":"216"},{"地區縣市":"南投縣政府","短期補習班名稱":"南投縣私立宏文文理短期補習班","主管機關文件單位代碼":"c006","電子郵件":"qoo2358789@yahoo.com.tw","短期補習班類別":"文理類","地址":"草屯鎮虎山路353巷4號1-2樓","立案時間":"1999-01-18","各地短期補習班數量":"216"},{"地區縣市":"南投縣政府","短期補習班名稱":"南投縣私立獅子王美語短期補習班","主管機關文件單位代碼":"D016","電子郵件":"","短期補習班類別":"外語類","地址":"竹山鎮祖師街87號1-3樓","立案時間":"2005-06-20","各地短期補習班數量":"216"},{"地區縣市":"南投縣政府","短期補習班名稱":"南投縣私立瑪仕特文理短期補習班","主管機關文件單位代碼":"","電子郵件":"s9007043@msn.com","短期補習班類別":"文理類","地址":"竹山鎮延和里和育巷337號1樓、339號1樓","立案時間":"2017-11-01","各地短期補習班數量":"216"},{"地區縣市":"南投縣政府","短期補習班名稱":"南投縣私立立呈文理短期補習班","主管機關文件單位代碼":"","電子郵件":"","短期補習班類別":"文理類","地址":"竹山鎮大智路154號1-3樓","立案時間":"2016-07-27","各地短期補習班數量":"216"},{"地區縣市":"南投縣政府","短期補習班名稱":"南投縣私立建國文理短期補習班","主管機關文件單位代碼":"f001","電子郵件":"chiahui6855@yahoo.com.tw","短期補習班類別":"文理類","地址":"名間鄉中正村南雅街131巷21號2-4樓","立案時間":"2002-05-01","各地短期補習班數量":"216"},{"地區縣市":"南投縣政府","短期補習班名稱":"南投縣私立文人文理短期補習班","主管機關文件單位代碼":"f005","電子郵件":"m19025@yahoo.com.tw","短期補習班類別":"文理類","地址":"名間鄉中山村頂部巷1-23號1-3樓、1-26號1樓","立案時間":"2002-12-23","各地短期補習班數量":"216"},{"地區縣市":"南投縣政府","短期補習班名稱":"南投縣私立宇凡文理短期補習班","主管機關文件單位代碼":"","電子郵件":"math640311@gmail.com","短期補習班類別":"文理類","地址":"水里鄉民族路277號2樓","立案時間":"2022-01-21","各地短期補習班數量":"216"},{"地區縣市":"南投縣政府","短期補習班名稱":"南投縣私立愛心心算美語短期補習班","主管機關文件單位代碼":"a006","電子郵件":"df2003tw@hotmail.com","短期補習班類別":"外語類","地址":"南投市光興街67號1樓","立案時間":"1998-06-30","各地短期補習班數量":"216"},{"地區縣市":"南投縣政府","短期補習班名稱":"南投縣私立政文文理短期補習班","主管機關文件單位代碼":"a025","電子郵件":"","短期補習班類別":"文理類","地址":"南投市芳美路427號1-3樓","立案時間":"1998-06-02","各地短期補習班數量":"216"},{"地區縣市":"南投縣政府","短期補習班名稱":"南投縣私立學廬文理短期補習班","主管機關文件單位代碼":"a011","電子郵件":"hsusuhsia@gmail.com","短期補習班類別":"文理類","地址":"南投市南崗一路55巷36號1樓","立案時間":"2000-06-26","各地短期補習班數量":"216"},{"地區縣市":"南投縣政府","短期補習班名稱":"南投縣私立中興文理短期補習班","主管機關文件單位代碼":"a009","電子郵件":"m221776@yahoo.com.tw","短期補習班類別":"文理類","地址":"南投市南崗一路135巷3號1-3樓","立案時間":"1993-07-03","各地短期補習班數量":"216"},{"地區縣市":"南投縣政府","短期補習班名稱":"南投縣私立大熊英文文理短期補習班","主管機關文件單位代碼":"","電子郵件":"","短期補習班類別":"文理類","地址":"埔里鎮北平街188號1-2樓","立案時間":"2021-09-14","各地短期補習班數量":"216"},{"地區縣市":"南投縣政府","短期補習班名稱":"南投縣私立培根短期補習班","主管機關文件單位代碼":"d033","電子郵件":"tracey660687@yahoo.com.tw","短期補習班類別":"外語類","地址":"竹山鎮大同街191號1-2樓","立案時間":"2007-07-12","各地短期補習班數量":"216"},{"地區縣市":"南投縣政府","短期補習班名稱":"南投縣私立優加文理短期補習班","主管機關文件單位代碼":"A116","電子郵件":"s955698585@gmail.com","短期補習班類別":"文理類","地址":"南投市南陽路175號1-2樓","立案時間":"2016-01-07","各地短期補習班數量":"216"},{"地區縣市":"南投縣政府","短期補習班名稱":"南投縣私立優蓓仕英語會話短期補習班","主管機關文件單位代碼":"c015","電子郵件":"youbest2300567@gmail.com","短期補習班類別":"外語類","地址":"草屯鎮太平路2段82號1-2樓、84號1樓、106巷2弄20號1樓","立案時間":"1997-01-24","各地短期補習班數量":"216"},{"地區縣市":"南投縣政府","短期補習班名稱":"南投縣私立大碩文理短期補習班","主管機關文件單位代碼":"","電子郵件":"","短期補習班類別":"文理類","地址":"草屯鎮新厝里20鄰虎山路715巷5號1-3樓","立案時間":"2021-10-08","各地短期補習班數量":"216"},{"地區縣市":"南投縣政府","短期補習班名稱":"南投縣私立E-Z語文短期補習班","主管機關文件單位代碼":"b013","電子郵件":"ez.inst@msa.hinet.net","短期補習班類別":"外語類","地址":"埔里鎮民生路77號1樓","立案時間":"1997-06-17","各地短期補習班數量":"216"},{"地區縣市":"南投縣政府","短期補習班名稱":"南投縣私立智瀠文理短期補習班","主管機關文件單位代碼":"","電子郵件":"","短期補習班類別":"文理類","地址":"竹山鎮大明路577號1-2樓","立案時間":"2020-04-29","各地短期補習班數量":"216"},{"地區縣市":"南投縣政府","短期補習班名稱":"南投縣私立新興威文理短期補習班","主管機關文件單位代碼":"a081","電子郵件":"","短期補習班類別":"文理類","地址":"南投市光明南路70號1-2樓","立案時間":"2006-11-17","各地短期補習班數量":"216"},{"地區縣市":"南投縣政府","短期補習班名稱":"南投縣私立吉佑文理短期補習班","主管機關文件單位代碼":"D019","電子郵件":"bclin0213@gmail.com","短期補習班類別":"文理類","地址":"竹山鎮大和街116號1-3樓","立案時間":"2005-09-05","各地短期補習班數量":"216"},{"地區縣市":"南投縣政府","短期補習班名稱":"南投縣私立優加學院文理短期補習班","主管機關文件單位代碼":"","電子郵件":"s988311949@gmail.com","短期補習班類別":"文理類","地址":"南投市南陽路167號1-2樓","立案時間":"2021-06-08","各地短期補習班數量":"216"},{"地區縣市":"南投縣政府","短期補習班名稱":"南投縣私立翼躍英語文理短期補習班","主管機關文件單位代碼":"","電子郵件":"sunsweet779@me.com / tracy.wei1205@gmail.com","短期補習班類別":"文理類","地址":"草屯鎮和興一街5號1-2樓","立案時間":"2017-08-25","各地短期補習班數量":"216"},{"地區縣市":"南投縣政府","短期補習班名稱":"南投縣私立保進文理短期補習班","主管機關文件單位代碼":"d004","電子郵件":"bs2654388@gmail.com","短期補習班類別":"文理類","地址":"竹山鎮過坑巷18之1號1樓","立案時間":"2001-08-01","各地短期補習班數量":"216"},{"地區縣市":"南投縣政府","短期補習班名稱":"南投縣私立博智文理短期補習班","主管機關文件單位代碼":"a021","電子郵件":"a476601@gmail.com","短期補習班類別":"文理類","地址":"南投市彰南路1段956號1-2樓","立案時間":"1996-08-09","各地短期補習班數量":"216"},{"地區縣市":"南投縣政府","短期補習班名稱":"南投縣私立學冊文理短期補習班","主管機關文件單位代碼":"c094","電子郵件":"studybooks2362586@gmail.com","短期補習班類別":"文理類","地址":"草屯鎮炎峰里4鄰中正路586-10號1-4樓","立案時間":"2011-07-08","各地短期補習班數量":"216"},{"地區縣市":"南投縣政府","短期補習班名稱":"南投縣私立向上文理短期補習班","主管機關文件單位代碼":"a105","電子郵件":"yulun640119@yahoo.com.tw","短期補習班類別":"文理類","地址":"南投市向上路37號1-2樓、43號1-2樓","立案時間":"2010-08-02","各地短期補習班數量":"216"},{"地區縣市":"南投縣政府","短期補習班名稱":"南投縣私立梁老師文理短期補習班","主管機關文件單位代碼":"","電子郵件":"","短期補習班類別":"文理類","地址":"南投市南崗二路259號1-2樓","立案時間":"2023-08-21","各地短期補習班數量":"216"},{"地區縣市":"南投縣政府","短期補習班名稱":"南投縣私立未來式美語文理短期補習班","主管機關文件單位代碼":"c029","電子郵件":"bridgeenglish2022@gmail.com","短期補習班類別":"文理類","地址":"草屯鎮炎峰里大成街42號1樓","立案時間":"2002-06-03","各地短期補習班數量":"216"},{"地區縣市":"南投縣政府","短期補習班名稱":"南投縣私立詹姆士的家文理短期補習班","主管機關文件單位代碼":" a087","電子郵件":"","短期補習班類別":"外語類","地址":"南投市中興新村仁德路77號1-2樓","立案時間":"2007-06-11","各地短期補習班數量":"216"},{"地區縣市":"南投縣政府","短期補習班名稱":"南投縣私立加州美語文理短期補習班","主管機關文件單位代碼":"a057","電子郵件":"Melinda.chuang@msa.hinet.net","短期補習班類別":"外語類","地址":"南投市彰南路二段422巷79-6號1-3樓、79-7號1-3樓","立案時間":"2002-12-23","各地短期補習班數量":"216"},{"地區縣市":"南投縣政府","短期補習班名稱":"南投縣私立華爾登文理短期補習班","主管機關文件單位代碼":"","電子郵件":"whartonesl415@gmail.com","短期補習班類別":"文理類","地址":"草屯鎮太平路一段415號1-3樓","立案時間":"2022-11-18","各地短期補習班數量":"216"},{"地區縣市":"南投縣政府","短期補習班名稱":"南投縣私立育林文理短期補習班","主管機關文件單位代碼":"c096","電子郵件":"assam1003cmc@gmail.com","短期補習班類別":"文理類","地址":"草屯鎮碧山路20號1-2樓","立案時間":"2011-10-05","各地短期補習班數量":"216"},{"地區縣市":"南投縣政府","短期補習班名稱":"南投縣私立依德文理短期補習班","主管機關文件單位代碼":"a035","電子郵件":"eden.school@msa.hinet.net","短期補習班類別":"文理類","地址":"南投市文昌街99號1樓","立案時間":"2000-10-27","各地短期補習班數量":"216"},{"地區縣市":"南投縣政府","短期補習班名稱":"南投縣私立美奇文理短期補習班","主管機關文件單位代碼":"b024","電子郵件":"celenayu@yahoo.com.tw","短期補習班類別":"外語類","地址":"埔里鎮北安里明德路19號1樓","立案時間":"2000-12-26","各地短期補習班數量":"216"},{"地區縣市":"南投縣政府","短期補習班名稱":"南投縣私立學者超越文理短期補習班","主管機關文件單位代碼":"a043","電子郵件":"scholar555888@gmail.com","短期補習班類別":"文理類","地址":"南投市中興新村仁義南路65號1-3樓","立案時間":"2001-09-25","各地短期補習班數量":"216"},{"地區縣市":"南投縣政府","短期補習班名稱":"南投縣私立高老師文理短期補習班","主管機關文件單位代碼":"c082","電子郵件":"","短期補習班類別":"外語類","地址":"草屯鎮虎山路715巷59號1-2樓","立案時間":"2009-04-20","各地短期補習班數量":"216"},{"地區縣市":"南投縣政府","短期補習班名稱":"南投縣私立米娜美語文理短期補習班","主管機關文件單位代碼":"","電子郵件":"","短期補習班類別":"文理類","地址":"草屯鎮虎山路662巷10號1-2樓","立案時間":"2016-05-17","各地短期補習班數量":"216"},{"地區縣市":"南投縣政府","短期補習班名稱":"南投縣私立弘勵文理短期補習班","主管機關文件單位代碼":"","電子郵件":"b2256236@yahoo.com.tw","短期補習班類別":"文理類","地址":"草屯鎮大成街62號1-2樓","立案時間":"2021-08-27","各地短期補習班數量":"216"},{"地區縣市":"南投縣政府","短期補習班名稱":"南投縣私立希望種子文理短期補習班","主管機關文件單位代碼":"d023","電子郵件":"lovehosc@yahoo.com.tw","短期補習班類別":"文理類","地址":"竹山鎮大義街116號1-2樓","立案時間":"2006-07-10","各地短期補習班數量":"216"},{"地區縣市":"南投縣政府","短期補習班名稱":"南投縣私立盈加文理短期補習班","主管機關文件單位代碼":"c088","電子郵件":"ying2.wu321@gmail.com","短期補習班類別":"文理類","地址":"草屯鎮炎峰街3-4號1-2樓、3-5號2樓","立案時間":"2009-04-20","各地短期補習班數量":"216"},{"地區縣市":"南投縣政府","短期補習班名稱":"南投縣私立睿爾文理短期補習班","主管機關文件單位代碼":"d041","電子郵件":"joanne_wei42@hotmail.com","短期補習班類別":"文理類","地址":"竹山鎮大忠路59號1-3樓","立案時間":"2010-02-08","各地短期補習班數量":"216"},{"地區縣市":"南投縣政府","短期補習班名稱":"南投縣私立暘光文理短期補習班","主管機關文件單位代碼":"","電子郵件":"","短期補習班類別":"文理類","地址":"南投市民族路441號1-2樓","立案時間":"2023-06-26","各地短期補習班數量":"216"},{"地區縣市":"南投縣政府","短期補習班名稱":"南投縣私立學風文理短期補習班","主管機關文件單位代碼":"c035","電子郵件":"angel27.tseng@gmail.com","短期補習班類別":"文理類","地址":"草屯鎮大成街104號1-2樓","立案時間":"2001-09-11","各地短期補習班數量":"216"},{"地區縣市":"南投縣政府","短期補習班名稱":"南投縣私立格翊文理短期補習班","主管機關文件單位代碼":"a090","電子郵件":"ge-yi@msa.hinet.net","短期補習班類別":"文理類","地址":"南投市南陽路169號1-2樓","立案時間":"2007-08-07","各地短期補習班數量":"216"},{"地區縣市":"南投縣政府","短期補習班名稱":"南投縣私立博苑文理短期補習班","主管機關文件單位代碼":"","電子郵件":"","短期補習班類別":"文理類","地址":"水里鄉博愛路85號1-2樓","立案時間":"2022-10-19","各地短期補習班數量":"216"},{"地區縣市":"南投縣政府","短期補習班名稱":"南投縣私立翌勝文理短期補習班","主管機關文件單位代碼":"c084","電子郵件":"","短期補習班類別":"文理類","地址":"草屯鎮虎山路784號1-2樓","立案時間":"2010-01-25","各地短期補習班數量":"216"},{"地區縣市":"南投縣政府","短期補習班名稱":"南投縣私立蘋果屋美術短期補習班草屯分班","主管機關文件單位代碼":"c051","電子郵件":"matthews.liao@gmail.com","短期補習班類別":"美術、書法、攝影、美工設計、圍棋類","地址":"草屯鎮大成街66號1-2樓","立案時間":"2005-05-05","各地短期補習班數量":"216"},{"地區縣市":"南投縣政府","短期補習班名稱":"南投縣私立育成文理短期補習班","主管機關文件單位代碼":"a068","電子郵件":"yuchang.busiban@msa.hinet.net","短期補習班類別":"文理類","地址":"南投市彰南路1段1082號1-3樓","立案時間":"2005-03-07","各地短期補習班數量":"216"},{"地區縣市":"南投縣政府","短期補習班名稱":"南投縣私立李靜枝舞蹈短期補習班","主管機關文件單位代碼":"a022","電子郵件":"ta396242@yahoo.com.tw","短期補習班類別":"音樂、舞蹈類","地址":"南投市大同街34巷5號1樓","立案時間":"1997-07-22","各地短期補習班數量":"216"},{"地區縣市":"南投縣政府","短期補習班名稱":"南投縣私立種子學園文理技藝短期補習班","主管機關文件單位代碼":"","電子郵件":"","短期補習班類別":"文理類","地址":"南投市成功東路242號1-2樓","立案時間":"2023-04-13","各地短期補習班數量":"216"},{"地區縣市":"南投縣政府","短期補習班名稱":"南投縣私立山姆英文文理短期補習班","主管機關文件單位代碼":"","電子郵件":"","短期補習班類別":"文理類","地址":"草屯鎮南埔里中正路333-5號1樓","立案時間":"2022-11-16","各地短期補習班數量":"216"},{"地區縣市":"南投縣政府","短期補習班名稱":"南投縣私立欣宜文理短期補習班","主管機關文件單位代碼":"b055","電子郵件":"m553403@yahoo.com.tw","短期補習班類別":"文理類","地址":"埔里鎮明德路84號1-2樓","立案時間":"2006-12-18","各地短期補習班數量":"216"},{"地區縣市":"南投縣政府","短期補習班名稱":"南投縣私立霍爾文理技藝短期補習班","主管機關文件單位代碼":"","電子郵件":"thehowl2017@gmail.com","短期補習班類別":"美術、書法、攝影、美工設計、圍棋類","地址":"南投市文林路一巷10號1-2樓","立案時間":"2019-03-28","各地短期補習班數量":"216"},{"地區縣市":"南投縣政府","短期補習班名稱":"智基科技開發股份有限公司附設南投私立志光法商短期補習班草屯分班","主管機關文件單位代碼":"c083","電子郵件":"mo2311517@gmail.com","短期補習班類別":"法政類","地址":"草屯鎮中正路699號1-2樓","立案時間":"2009-07-22","各地短期補習班數量":"216"},{"地區縣市":"南投縣政府","短期補習班名稱":"智基科技開發股份有限公司附設南投私立志光法商補習班南投分班","主管機關文件單位代碼":"a098","電子郵件":"nantoucek2248727@gmail.com","短期補習班類別":"法政類","地址":"南投市大同南街43號1-3樓","立案時間":"2009-03-30","各地短期補習班數量":"216"},{"地區縣市":"南投縣政府","短期補習班名稱":"南投縣私立正北文理短期補習班","主管機關文件單位代碼":"a028","電子郵件":"truenorthesl97@gmail.com","短期補習班類別":"外語類","地址":"南投市文化路370巷5號1-2樓","立案時間":"1999-02-19","各地短期補習班數量":"216"},{"地區縣市":"南投縣政府","短期補習班名稱":"南投縣私立彼得美語文理技藝短期補習班","主管機關文件單位代碼":"","電子郵件":"a550300@yahoo.com.tw","短期補習班類別":"文理類","地址":"草屯鎮玉屏路219號(1-2樓)、219之1號(1-2樓)、221號(1-2樓)","立案時間":"2016-07-05","各地短期補習班數量":"216"},{"地區縣市":"南投縣政府","短期補習班名稱":"南投縣私立名人文理短期補習班","主管機關文件單位代碼":"b038","電子郵件":"p90359035@yahoo.com.tw","短期補習班類別":"文理類","地址":"埔里鎮南興街9號1-2樓","立案時間":"2004-11-01","各地短期補習班數量":"216"},{"地區縣市":"南投縣政府","短期補習班名稱":"地球村出版有限公司南投分公司附設南投縣私立地球村美日語短期補習班","主管機關文件單位代碼":"c053","電子郵件":"gvoedu888@gmail.com","短期補習班類別":"外語類","地址":"草屯鎮中正路730號1-4樓","立案時間":"2005-08-09","各地短期補習班數量":"216"},{"地區縣市":"南投縣政府","短期補習班名稱":"南投縣私立志學文理短期補習班","主管機關文件單位代碼":"a093","電子郵件":"tsungyulin@yahoo.com.tw","短期補習班類別":"文理類","地址":"南投市文林路63號2-3樓","立案時間":"2007-11-08","各地短期補習班數量":"216"},{"地區縣市":"南投縣政府","短期補習班名稱":"南投縣私立國瑞文理短期補習班","主管機關文件單位代碼":"c098","電子郵件":"lll0966341784@gmail.com","短期補習班類別":"文理類","地址":"草屯鎮雙冬里中正路67-5號1-2樓","立案時間":"2012-06-22","各地短期補習班數量":"216"},{"地區縣市":"南投縣政府","短期補習班名稱":"南投縣私立何老師文理短期補習班","主管機關文件單位代碼":"","電子郵件":"","短期補習班類別":"文理類","地址":"竹山鎮過坑巷15-26號1-2樓","立案時間":"2022-09-01","各地短期補習班數量":"216"},{"地區縣市":"南投縣政府","短期補習班名稱":"南投縣私立成真文理短期補習班","主管機關文件單位代碼":"","電子郵件":"","短期補習班類別":"文理類","地址":"南投縣埔里鎮南興街2-7號1-2樓","立案時間":"2019-07-12","各地短期補習班數量":"216"},{"地區縣市":"南投縣政府","短期補習班名稱":"南投縣私立蘇老師文理短期補習班","主管機關文件單位代碼":"","電子郵件":"mei0912997047@yahoo.com.tw","短期補習班類別":"文理類","地址":"埔里鎮民權路105號1-3樓","立案時間":"2005-05-13","各地短期補習班數量":"216"},{"地區縣市":"南投縣政府","短期補習班名稱":"南投縣私立大航海文理短期補習班","主管機關文件單位代碼":"h006","電子郵件":"","短期補習班類別":"文理類","地址":"水里鄉南光村中山路1段286號1-3樓","立案時間":"2007-07-20","各地短期補習班數量":"216"},{"地區縣市":"南投縣政府","短期補習班名稱":"南投縣私立高澄文理短期補習班","主管機關文件單位代碼":"C102","電子郵件":"","短期補習班類別":"文理類","地址":"草屯鎮民權路75號1-3樓","立案時間":"2013-05-28","各地短期補習班數量":"216"},{"地區縣市":"南投縣政府","短期補習班名稱":"南投縣私立姜老師文理短期補習班","主管機關文件單位代碼":"b072","電子郵件":"uri0714@yahoo.com.tw","短期補習班類別":"文理類","地址":"埔里鎮南興街9-13號1-2樓","立案時間":"2012-10-15","各地短期補習班數量":"216"},{"地區縣市":"南投縣政府","短期補習班名稱":"南投縣私立碧山文理技藝短期補習班","主管機關文件單位代碼":"","電子郵件":"","短期補習班類別":"文理類","地址":"草屯鎮碧山路630號1-2樓","立案時間":"2022-05-30","各地短期補習班數量":"216"},{"地區縣市":"南投縣政府","短期補習班名稱":"南投縣私立辰品文理短期補習班","主管機關文件單位代碼":"","電子郵件":"","短期補習班類別":"文理類","地址":"南投市信義街119號1樓","立案時間":"2021-07-22","各地短期補習班數量":"216"},{"地區縣市":"南投縣政府","短期補習班名稱":"南投縣私立朱帝文理短期補習班","主管機關文件單位代碼":"c059","電子郵件":"e2303998@yahoo.com.tw","短期補習班類別":"文理類","地址":"草屯鎮信義街203號1-3樓","立案時間":"2006-06-29","各地短期補習班數量":"216"},{"地區縣市":"南投縣政府","短期補習班名稱":"鎮大教育股份有限公司附設南投縣私立慕師文理外語短期補習班","主管機關文件單位代碼":"","電子郵件":"a0923861993@gmail.com","短期補習班類別":"文理類","地址":"埔里鎮忠孝路204號2樓","立案時間":"2019-09-30","各地短期補習班數量":"216"},{"地區縣市":"南投縣政府","短期補習班名稱":"南投縣私立昱昇文理短期補習班","主管機關文件單位代碼":"c076","電子郵件":"yu_sheng2006@yahoo.com.tw","短期補習班類別":"文理類","地址":"草屯鎮大成街70號1-2樓","立案時間":"2008-12-10","各地短期補習班數量":"216"},{"地區縣市":"南投縣政府","短期補習班名稱":"南投縣私立勵宇文理短期補習班","主管機關文件單位代碼":"a038","電子郵件":"leei.yui@msa.hinet.net","短期補習班類別":"文理類","地址":"南投市彰南路1段858號2-4樓","立案時間":"2001-04-02","各地短期補習班數量":"216"},{"地區縣市":"南投縣政府","短期補習班名稱":"南投縣私立英達資優文理短期補習班","主管機關文件單位代碼":"c095","電子郵件":"","短期補習班類別":"文理類","地址":"草屯鎮草溪路1016號2樓","立案時間":"2011-09-30","各地短期補習班數量":"216"},{"地區縣市":"南投縣政府","短期補習班名稱":"南投縣私立彼得美語東美校文理短期補習班","主管機關文件單位代碼":"","電子郵件":"chouyahui@peterclass.com.tw","短期補習班類別":"文理類","地址":"草屯鎮東美街72巷15號1-2樓","立案時間":"2022-02-25","各地短期補習班數量":"216"},{"地區縣市":"南投縣政府","短期補習班名稱":"南投縣私立快樂樹英語文理短期補習班","主管機關文件單位代碼":"","電子郵件":"caotun.happytree@gmail.com","短期補習班類別":"文理類","地址":"草屯鎮中山街26號1-2樓","立案時間":"2015-10-30","各地短期補習班數量":"216"},{"地區縣市":"南投縣政府","短期補習班名稱":"南投縣私立明欣文理短期補習班","主管機關文件單位代碼":"","電子郵件":"","短期補習班類別":"文理類","地址":"國姓鄉中興路120-1號1樓、120號2樓","立案時間":"2022-04-07","各地短期補習班數量":"216"},{"地區縣市":"南投縣政府","短期補習班名稱":"南投縣私立優德文理短期補習班","主管機關文件單位代碼":"c089","電子郵件":"","短期補習班類別":"文理類","地址":"草屯鎮中山街23號1樓","立案時間":"2010-08-27","各地短期補習班數量":"216"},{"地區縣市":"南投縣政府","短期補習班名稱":"南投縣私立梅根尼美語短期補習班","主管機關文件單位代碼":"c069","電子郵件":"meganysandra@gmail.com","短期補習班類別":"外語類","地址":"草屯鎮新生路410號1-3樓","立案時間":"2007-03-30","各地短期補習班數量":"216"},{"地區縣市":"南投縣政府","短期補習班名稱":"南投縣私立林老師文理短期補習班","主管機關文件單位代碼":"a096","電子郵件":"","短期補習班類別":"文理類","地址":"南投市彰南路2段122號2樓","立案時間":"2008-11-13","各地短期補習班數量":"216"},{"地區縣市":"南投縣政府","短期補習班名稱":"南投縣私立蘋果屋技藝短期補習班","主管機關文件單位代碼":"a060","電子郵件":"matthews.liao@gmail.com","短期補習班類別":"音樂、舞蹈類","地址":"南投市民生街67-1號1-2樓","立案時間":"2003-12-15","各地短期補習班數量":"216"},{"地區縣市":"南投縣政府","短期補習班名稱":"南投縣私立達文西資優數學短期補習班","主管機關文件單位代碼":"","電子郵件":"Suefo01@yahoo.com.tw","短期補習班類別":"文理類","地址":"草屯鎮炎峰街2-6號1-3樓","立案時間":"2013-12-02","各地短期補習班數量":"216"},{"地區縣市":"南投縣政府","短期補習班名稱":"南投縣私立頂尖美語文理短期補習班","主管機關文件單位代碼":"c092","電子郵件":"","短期補習班類別":"外語類","地址":"草屯鎮和興二街11號1-2樓、13號1-2樓、16號1-2樓","立案時間":"2010-05-20","各地短期補習班數量":"216"},{"地區縣市":"南投縣政府","短期補習班名稱":"南投縣私立明冠文理短期補習班","主管機關文件單位代碼":"","電子郵件":"","短期補習班類別":"文理類","地址":"竹山鎮集山路三段676-1號1-2樓","立案時間":"2019-06-26","各地短期補習班數量":"216"},{"地區縣市":"南投縣政府","短期補習班名稱":"南投縣私立艾老師文理短期補習班","主管機關文件單位代碼":"b062","電子郵件":"","短期補習班類別":"文理類","地址":"埔里鎮英六街2號1-2樓","立案時間":"2008-11-17","各地短期補習班數量":"216"},{"地區縣市":"南投縣政府","短期補習班名稱":"南投縣私立旺旺珠心算美語短期補習班","主管機關文件單位代碼":"c019","電子郵件":"CWP5240@GMAIL.COM","短期補習班類別":"商類：珠算、心算、會計","地址":"草屯鎮玉峰里平等街116號1-2樓","立案時間":"1997-11-13","各地短期補習班數量":"216"},{"地區縣市":"南投縣政府","短期補習班名稱":"南投縣私立大學仕文理短期補習班","主管機關文件單位代碼":"d024","電子郵件":"","短期補習班類別":"文理類","地址":"竹山鎮中山里新和街49號1-3樓","立案時間":"2006-07-21","各地短期補習班數量":"216"},{"地區縣市":"南投縣政府","短期補習班名稱":"南投縣私立真善美文理短期補習班","主管機關文件單位代碼":"c022","電子郵件":"b330163@ms26.hinet.net","短期補習班類別":"文理類","地址":"草屯鎮和平里和平街33號1-2樓","立案時間":"1999-03-23","各地短期補習班數量":"216"},{"地區縣市":"南投縣政府","短期補習班名稱":"南投縣私立兒福文理短期補習班","主管機關文件單位代碼":"b014","電子郵件":"t220541210@gmail.com","短期補習班類別":"文理類","地址":"埔里鎮北安里明德路23號1樓","立案時間":"2000-10-24","各地短期補習班數量":"216"},{"地區縣市":"南投縣政府","短期補習班名稱":"南投縣私立趙老師文理技藝短期補習班","主管機關文件單位代碼":"","電子郵件":"chaoingming@gmail.com","短期補習班類別":"文理類","地址":"埔里鎮民權路103號1-3樓","立案時間":"2005-05-13","各地短期補習班數量":"216"},{"地區縣市":"南投縣政府","短期補習班名稱":"南投縣私立李德文理短期補習班","主管機關文件單位代碼":"c080","電子郵件":"leonson588@yahoo.com.tw","短期補習班類別":"文理類","地址":"草屯鎮信義街169號1-2樓","立案時間":"2009-02-16","各地短期補習班數量":"216"},{"地區縣市":"南投縣政府","短期補習班名稱":"南投縣私立鴻儒文理短期補習班","主管機關文件單位代碼":"d015","電子郵件":"kara09022000@yahoo.com.tw","短期補習班類別":"文理類","地址":"竹山鎮自強路3號1-3樓","立案時間":"2005-02-24","各地短期補習班數量":"216"},{"地區縣市":"南投縣政府","短期補習班名稱":"南投縣私立領導者文理短期補習班","主管機關文件單位代碼":"","電子郵件":"","短期補習班類別":"文理類","地址":"埔里鎮南興街2之9號1-3樓","立案時間":"2005-07-29","各地短期補習班數量":"216"},{"地區縣市":"南投縣政府","短期補習班名稱":"南投縣私立文新文理技藝短期補習班","主管機關文件單位代碼":"b058","電子郵件":"cjasmine0517@yahoo.com.tw","短期補習班類別":"文理類","地址":"埔里鎮樹人二街83號1-3樓","立案時間":"2007-03-07","各地短期補習班數量":"216"},{"地區縣市":"南投縣政府","短期補習班名稱":"南投縣私立安鑫文理技藝短期補習班","主管機關文件單位代碼":"a056","電子郵件":"e2228185@yahoo.com.tw","短期補習班類別":"文理類","地址":"南投市芳美路421號1-3樓","立案時間":"2002-12-09","各地短期補習班數量":"216"},{"地區縣市":"南投縣政府","短期補習班名稱":"南投縣私立模範生文理短期補習班","主管機關文件單位代碼":"d005","電子郵件":"msf569.lin@gmail.com","短期補習班類別":"文理類","地址":"竹山鎮集山路三段569號1-3樓","立案時間":"1997-10-29","各地短期補習班數量":"216"},{"地區縣市":"南投縣政府","短期補習班名稱":"南投縣私立喬智文理短期補習班竹山分班","主管機關文件單位代碼":"d045","電子郵件":"guntarget01@yahoo.com.tw","短期補習班類別":"文理類","地址":"竹山鎮竹山里集山路三段828號2樓","立案時間":"2011-08-26","各地短期補習班數量":"216"},{"地區縣市":"南投縣政府","短期補習班名稱":"南投縣私立巧姿舞蹈短期補習班","主管機關文件單位代碼":"d012","電子郵件":"ny242401@yahoo.com.tw","短期補習班類別":"音樂、舞蹈類","地址":"竹山鎮建國路624號2樓","立案時間":"2003-09-03","各地短期補習班數量":"216"},{"地區縣市":"南投縣政府","短期補習班名稱":"南投縣私立愛迪生文理短期補習班","主管機關文件單位代碼":"d018","電子郵件":"m0921642477@gmail.com","短期補習班類別":"文理類","地址":"竹山鎮集山路三段710號2-3樓","立案時間":"2005-08-16","各地短期補習班數量":"216"},{"地區縣市":"南投縣政府","短期補習班名稱":"南投縣私立柯林頓文理短期補習班","主管機關文件單位代碼":"D020","電子郵件":"fanglin.ju0301@yahoo.com.tw","短期補習班類別":"文理類","地址":"竹山鎮下坪路2號1-3樓","立案時間":"2005-09-05","各地短期補習班數量":"216"},{"地區縣市":"南投縣政府","短期補習班名稱":"南投縣私立奕升外語短期補習班","主管機關文件單位代碼":"h004","電子郵件":"","短期補習班類別":"外語類","地址":"水里鄉民族路123號1-2樓","立案時間":"2007-01-04","各地短期補習班數量":"216"},{"地區縣市":"南投縣政府","短期補習班名稱":"南投縣私立百分百文理短期補習班","主管機關文件單位代碼":"h005","電子郵件":"amc8918@yahoo.com.tw","短期補習班類別":"外語類","地址":"水里鄉城中村城福街57號1-2樓","立案時間":"2007-02-14","各地短期補習班數量":"216"},{"地區縣市":"南投縣政府","短期補習班名稱":"南投縣私立智達文理短期補習班","主管機關文件單位代碼":"d029","電子郵件":"","短期補習班類別":"外語類","地址":"竹山鎮中正巷27-143號2-3樓","立案時間":"2007-04-09","各地短期補習班數量":"216"},{"地區縣市":"南投縣政府","短期補習班名稱":"南投縣私立集賢文理短期補習班","主管機關文件單位代碼":"e004","電子郵件":"a0982731565@gmail.com","短期補習班類別":"文理類","地址":"集集鎮佛廟巷18、20號1-2樓","立案時間":"2007-06-12","各地短期補習班數量":"216"},{"地區縣市":"南投縣政府","短期補習班名稱":"南投縣私立向日葵文理短期補習班","主管機關文件單位代碼":"d034","電子郵件":"sunflower2635188@yahoo.com.tw","短期補習班類別":"外語類","地址":"竹山鎮中山里自強路83之7號2-3樓","立案時間":"2007-07-12","各地短期補習班數量":"216"},{"地區縣市":"南投縣政府","短期補習班名稱":"南投縣私立達程文理短期補習班","主管機關文件單位代碼":"h007","電子郵件":"dacheng255@gmail.com","短期補習班類別":"文理類","地址":"水里鄉八德街255號1-2樓","立案時間":"2009-06-06","各地短期補習班數量":"216"},{"地區縣市":"南投縣政府","短期補習班名稱":"南投縣私立?立文理短期補習班","主管機關文件單位代碼":"d042","電子郵件":"","短期補習班類別":"文理類","地址":"竹山鎮桂林里中正巷27-151號2-3樓","立案時間":"2010-10-05","各地短期補習班數量":"216"},{"地區縣市":"南投縣政府","短期補習班名稱":"南投縣私立先格文理短期補習班","主管機關文件單位代碼":" h008","電子郵件":"jenny7848476@gmail.com","短期補習班類別":"文理類","地址":"水里鄉農富村民權路195號1-3樓","立案時間":"2012-09-20","各地短期補習班數量":"216"},{"地區縣市":"南投縣政府","短期補習班名稱":"南投縣私立成功文理短期補習班","主管機關文件單位代碼":"b002","電子郵件":"moll@ms29.hinet.net","短期補習班類別":"文理類","地址":"埔里鎮北安里中山路2段159號2樓","立案時間":"1980-02-19","各地短期補習班數量":"216"},{"地區縣市":"南投縣政府","短期補習班名稱":"南投縣私立明明舞蹈短期補習班","主管機關文件單位代碼":"b004","電子郵件":"lying 615 @yahoo.com.tw","短期補習班類別":"音樂、舞蹈類","地址":"埔里鎮自強路90號","立案時間":"1995-04-11","各地短期補習班數量":"216"},{"地區縣市":"南投縣政府","短期補習班名稱":"南投縣私立好朋友美語短期補習班","主管機關文件單位代碼":"b017","電子郵件":"chuankuai32820@gmail.com","短期補習班類別":"外語類","地址":"埔里鎮北環路210號1樓","立案時間":"1997-10-13","各地短期補習班數量":"216"},{"地區縣市":"南投縣政府","短期補習班名稱":"南投縣私立學霖文理短期補習班","主管機關文件單位代碼":"b020","電子郵件":"jennifer.puli@yahoo.com.tw","短期補習班類別":"文理類","地址":"埔里鎮西門里北平街137號1-3樓","立案時間":"1998-06-03","各地短期補習班數量":"216"},{"地區縣市":"南投縣政府","短期補習班名稱":"南投縣私立小巨人文理短期補習班","主管機關文件單位代碼":"b027","電子郵件":"littlegiant.puli@gmail.com","短期補習班類別":"文理類","地址":"埔里鎮枇杷里青田街12、16號1-4樓","立案時間":"2002-01-28","各地短期補習班數量":"216"},{"地區縣市":"南投縣政府","短期補習班名稱":"南投縣私立美語家美語短期補習班","主管機關文件單位代碼":"b29","電子郵件":"tpcouple@ms26.hinet.net","短期補習班類別":"外語類","地址":"埔里鎮泰安里民族三街84號1樓","立案時間":"2003-07-24","各地短期補習班數量":"216"},{"地區縣市":"南投縣政府","短期補習班名稱":"南投縣私立理想文理技藝短期補習班","主管機關文件單位代碼":"b032","電子郵件":"","短期補習班類別":"文理類","地址":"埔里鎮北環路178號1-2樓","立案時間":"2003-11-26","各地短期補習班數量":"216"},{"地區縣市":"南投縣政府","短期補習班名稱":"南投縣私立余老師美語短期補習班","主管機關文件單位代碼":"b034","電子郵件":"","短期補習班類別":"外語類","地址":"埔里鎮北平街2號1-2樓","立案時間":"2004-04-09","各地短期補習班數量":"216"},{"地區縣市":"南投縣政府","短期補習班名稱":"南投縣私立喬帝美語短期補習班","主管機關文件單位代碼":"b036","電子郵件":"","短期補習班類別":"外語類","地址":"埔里鎮北安里同春二街12號1-2樓","立案時間":"2004-07-28","各地短期補習班數量":"216"},{"地區縣市":"南投縣政府","短期補習班名稱":"南投縣私立鄒老師文理短期補習班","主管機關文件單位代碼":"b040","電子郵件":"","短期補習班類別":"文理類","地址":"埔里鎮梅子路25之13號1-3樓","立案時間":"2004-11-19","各地短期補習班數量":"216"},{"地區縣市":"南投縣政府","短期補習班名稱":"南投縣私立英中語文短期補習班","主管機關文件單位代碼":"b051","電子郵件":"","短期補習班類別":"外語類","地址":"埔里鎮中山路三段48號1-2樓","立案時間":"2006-09-25","各地短期補習班數量":"216"},{"地區縣市":"南投縣政府","短期補習班名稱":"南投縣私立美數館文理短期補習班","主管機關文件單位代碼":"b052","電子郵件":"","短期補習班類別":"文理類","地址":"埔里鎮西康路107號1-2樓","立案時間":"2006-10-02","各地短期補習班數量":"216"},{"地區縣市":"南投縣政府","短期補習班名稱":"南投縣私立功學文理技藝短期補習班","主管機關文件單位代碼":"b054","電子郵件":"","短期補習班類別":"文理類","地址":"埔里鎮大城路19巷3、5號1樓","立案時間":"2006-11-22","各地短期補習班數量":"216"},{"地區縣市":"南投縣政府","短期補習班名稱":"南投縣私立吉爾登文理短期補習班","主管機關文件單位代碼":"b059","電子郵件":"","短期補習班類別":"文理類","地址":"埔里鎮西康路109號1-2樓","立案時間":"2007-06-13","各地短期補習班數量":"216"},{"地區縣市":"南投縣政府","短期補習班名稱":"南投縣私立宇林創意文理短期補習班","主管機關文件單位代碼":"b064","電子郵件":"hentyandjoy@yahoo.com.tw","短期補習班類別":"文理類","地址":"埔里鎮西安路一段72、74號3樓","立案時間":"2009-02-26","各地短期補習班數量":"216"},{"地區縣市":"南投縣政府","短期補習班名稱":"南投縣私立博士門音樂短期補習班","主管機關文件單位代碼":"b069","電子郵件":"","短期補習班類別":"音樂、舞蹈類","地址":"埔里鎮中正路482號1樓","立案時間":"2011-03-01","各地短期補習班數量":"216"},{"地區縣市":"南投縣政府","短期補習班名稱":"南投縣私立立智文理短期補習班","主管機關文件單位代碼":"巷","電子郵件":"lizhi100@ymail.com","短期補習班類別":"文理類","地址":"埔里鎮中山路三段433號1-2樓","立案時間":"2011-11-21","各地短期補習班數量":"216"},{"地區縣市":"南投縣政府","短期補習班名稱":"南投縣私立佳銘文理短期補習班","主管機關文件單位代碼":"","電子郵件":"","短期補習班類別":"文理類","地址":"埔里鎮中山路二段411號1-2樓","立案時間":"2015-08-03","各地短期補習班數量":"216"},{"地區縣市":"南投縣政府","短期補習班名稱":"南投縣私立立喬文理短期補習班","主管機關文件單位代碼":"","電子郵件":"","短期補習班類別":"文理類","地址":"埔里鎮杷城里2鄰南興街9-15號1-2樓","立案時間":"2016-04-07","各地短期補習班數量":"216"},{"地區縣市":"南投縣政府","短期補習班名稱":"南投縣私立育苗文理短期補習班","主管機關文件單位代碼":"","電子郵件":"","短期補習班類別":"文理類","地址":"埔里鎮北梅里仁愛路519號1-2樓","立案時間":"2016-07-18","各地短期補習班數量":"216"},{"地區縣市":"南投縣政府","短期補習班名稱":"南投縣私立文心作文繪畫短期補習班","主管機關文件單位代碼":"c009","電子郵件":"Yuan.Lan@msa.hinet.net","短期補習班類別":"美術、書法、攝影、美工設計、圍棋類","地址":"草屯鎮炎峰里育英街67號1-3樓","立案時間":"1988-10-03","各地短期補習班數量":"216"},{"地區縣市":"南投縣政府","短期補習班名稱":"南投縣私立樹人文理短期補習班","主管機關文件單位代碼":"c017","電子郵件":"m10066@ms12.hinet.net","短期補習班類別":"文理類","地址":"草屯鎮玉峰街56號1樓","立案時間":"1997-05-21","各地短期補習班數量":"216"},{"地區縣市":"南投縣政府","短期補習班名稱":"南投縣私立世雯舞蹈短期補習班","主管機關文件單位代碼":"c005","電子郵件":"sw0492338212@gmail.com","短期補習班類別":"音樂、舞蹈類","地址":"草屯鎮大成街51號2樓","立案時間":"1999-05-12","各地短期補習班數量":"216"},{"地區縣市":"南投縣政府","短期補習班名稱":"南投縣私立偉達文理短期補習班","主管機關文件單位代碼":"c024","電子郵件":"waydar99@yahoo.com.tw","短期補習班類別":"文理類","地址":"草屯鎮大成街39號2-4樓","立案時間":"1999-09-09","各地短期補習班數量":"216"},{"地區縣市":"南投縣政府","短期補習班名稱":"南投縣私立明澤美語短期補習班","主管機關文件單位代碼":"c031","電子郵件":"a0927798389@gmail.com","短期補習班類別":"外語類","地址":"草屯鎮炎峰里明賢街1段62-1號1樓","立案時間":"2000-08-22","各地短期補習班數量":"216"},{"地區縣市":"南投縣政府","短期補習班名稱":"南投縣私立文林文理短期補習班","主管機關文件單位代碼":"c047","電子郵件":"kennyhuang7426@gmail.com","短期補習班類別":"文理類","地址":"草屯鎮碧山路12號1-2樓","立案時間":"2004-09-21","各地短期補習班數量":"216"},{"地區縣市":"南投縣政府","短期補習班名稱":"南投縣私立寰宇文理短期補習班","主管機關文件單位代碼":"c075","電子郵件":"888edward@gmail.com","短期補習班類別":"文理類","地址":"草屯鎮中正路263-2號2-4樓","立案時間":"2008-11-06","各地短期補習班數量":"216"},{"地區縣市":"南投縣政府","短期補習班名稱":"南投縣私立耕讀園文理短期補習班","主管機關文件單位代碼":"","電子郵件":"a0921729033@yahoo.com.tw","短期補習班類別":"文理類","地址":"草屯鎮虎山路648巷14弄11號1樓","立案時間":"2017-08-21","各地短期補習班數量":"216"},{"地區縣市":"南投縣政府","短期補習班名稱":"南投縣私立台大文理技藝短期補習班","主管機關文件單位代碼":"a017","電子郵件":"Wjji@MS33.hinet.net","短期補習班類別":"文理類","地址":"南投市三和二路95號","立案時間":"1997-04-09","各地短期補習班數量":"216"},{"地區縣市":"南投縣政府","短期補習班名稱":"南投縣私立摩根美語文理短期補習班","主管機關文件單位代碼":"a052","電子郵件":"","短期補習班類別":"外語類","地址":"南投市民族路21號1-3樓","立案時間":"2002-08-29","各地短期補習班數量":"216"},{"地區縣市":"南投縣政府","短期補習班名稱":"南投縣私立正一心算文理短期補習班","主管機關文件單位代碼":"a059","電子郵件":"lisa53242000@gmail.com","短期補習班類別":"商類：珠算、心算、會計","地址":"南投市芳美路399之6號1-3樓","立案時間":"2003-05-26","各地短期補習班數量":"216"},{"地區縣市":"南投縣政府","短期補習班名稱":"南投縣私立富蘭克林文理短期補習班","主管機關文件單位代碼":"a062","電子郵件":"iam888888@gmail.com","短期補習班類別":"文理類","地址":"南投市南陽路153號1-3樓","立案時間":"2003-12-15","各地短期補習班數量":"216"},{"地區縣市":"南投縣政府","短期補習班名稱":"南投縣私立周琳文理短期補習班","主管機關文件單位代碼":"","電子郵件":"","短期補習班類別":"文理類","地址":"南投市公園南街19號2樓","立案時間":"2004-02-02","各地短期補習班數量":"216"},{"地區縣市":"南投縣政府","短期補習班名稱":"南投縣私立檸檬樹文理短期補習班","主管機關文件單位代碼":"a066","電子郵件":"et000000@hotmail.com","短期補習班類別":"文理類","地址":"南投市光明南路85號1-3樓","立案時間":"2004-11-08","各地短期補習班數量":"216"},{"地區縣市":"南投縣政府","短期補習班名稱":"南投縣私立蒲公英文理短期補習班","主管機關文件單位代碼":"a071","電子郵件":"","短期補習班類別":"文理類","地址":"南投市彰南路1段1020號1-3樓","立案時間":"2005-06-20","各地短期補習班數量":"216"},{"地區縣市":"南投縣政府","短期補習班名稱":"南投縣私立活力文理短期補習班","主管機關文件單位代碼":"","電子郵件":"49008nt@giraffe.com.tw","短期補習班類別":"文理類","地址":"南投市祖祠路17號1-3樓","立案時間":"2005-09-21","各地短期補習班數量":"216"},{"地區縣市":"南投縣政府","短期補習班名稱":"南投縣私立蕭老師繪畫短期補習班","主管機關文件單位代碼":"a073","電子郵件":"","短期補習班類別":"美術、書法、攝影、美工設計、圍棋類","地址":"南投市復興路756號1-2樓","立案時間":"2005-11-10","各地短期補習班數量":"216"},{"地區縣市":"南投縣政府","短期補習班名稱":"南投縣私立小天才文理短期補習班","主管機關文件單位代碼":"A078","電子郵件":"","短期補習班類別":"文理類","地址":"南投市文化南路81巷22號1-2樓","立案時間":"2006-09-18","各地短期補習班數量":"216"},{"地區縣市":"南投縣政府","短期補習班名稱":"南投縣私立至揚文理短期補習班","主管機關文件單位代碼":"A079","電子郵件":"","短期補習班類別":"文理類","地址":"南投市彰南路2段596巷15號1-3樓","立案時間":"2006-10-14","各地短期補習班數量":"216"},{"地區縣市":"南投縣政府","短期補習班名稱":"南投縣私立大育文理短期補習班","主管機關文件單位代碼":"a085","電子郵件":"","短期補習班類別":"文理類","地址":"南投市大庄路107號1-3樓","立案時間":"2007-04-09","各地短期補習班數量":"216"},{"地區縣市":"南投縣政府","短期補習班名稱":"南投縣私立夏天童畫技藝短期補習班","主管機關文件單位代碼":"a088","電子郵件":"happy06222001@yahoo.com.tw","短期補習班類別":"美術、書法、攝影、美工設計、圍棋類","地址":"南投市芳美路399-11號1-2樓","立案時間":"2007-06-21","各地短期補習班數量":"216"},{"地區縣市":"南投縣政府","短期補習班名稱":"南投縣私立樂活瑜珈中心技藝短期補習班","主管機關文件單位代碼":"a092","電子郵件":"","短期補習班類別":"瑜珈類","地址":"南投市南崗二路235巷1號1樓","立案時間":"2007-10-25","各地短期補習班數量":"216"},{"地區縣市":"南投縣政府","短期補習班名稱":"南投縣私立祥春藤文理短期補習班","主管機關文件單位代碼":"a094","電子郵件":"","短期補習班類別":"文理類","地址":"南投市南陽路165號1-2樓","立案時間":"2008-01-16","各地短期補習班數量":"216"},{"地區縣市":"南投縣政府","短期補習班名稱":"南投縣私立守嶍文理短期補習班","主管機關文件單位代碼":"a101","電子郵件":"","短期補習班類別":"文理類","地址":"南投市信義街31號1-2樓","立案時間":"2009-06-03","各地短期補習班數量":"216"},{"地區縣市":"南投縣政府","短期補習班名稱":"南投縣私立翰霖文理短期補習班","主管機關文件單位代碼":"a099","電子郵件":"","短期補習班類別":"文理類","地址":"南投市大同街7號1-4樓","立案時間":"2009-10-08","各地短期補習班數量":"216"},{"地區縣市":"南投縣政府","短期補習班名稱":"南投縣私立樂音音樂短期補習班","主管機關文件單位代碼":"a106","電子郵件":"","短期補習班類別":"音樂、舞蹈類","地址":"南投市集賢路22號1-2樓","立案時間":"2010-11-18","各地短期補習班數量":"216"},{"地區縣市":"南投縣政府","短期補習班名稱":"南投縣私立開莘文理短期補習班","主管機關文件單位代碼":"a107","電子郵件":"love_shen903@yahoo.com.tw","短期補習班類別":"文理類","地址":"南投市光明南路78號1-2樓","立案時間":"2011-01-21","各地短期補習班數量":"216"},{"地區縣市":"南投縣政府","短期補習班名稱":"南投縣私立勤學園文理短期補習班","主管機關文件單位代碼":"a110","電子郵件":"","短期補習班類別":"文理類","地址":"南投市信義街183號1-2樓","立案時間":"2011-09-28","各地短期補習班數量":"216"},{"地區縣市":"南投縣政府","短期補習班名稱":"南投縣私立嘉宏文理短期補習班","主管機關文件單位代碼":"a113","電子郵件":"","短期補習班類別":"文理類","地址":"南投市中山街5號2-3樓","立案時間":"2012-10-18","各地短期補習班數量":"216"},{"地區縣市":"南投縣政府","短期補習班名稱":"南投縣私立正學文理短期補習班","主管機關文件單位代碼":"","電子郵件":"stylearning@gmail.com","短期補習班類別":"文理類","地址":"南投市光明南路112號1-3樓","立案時間":"2014-11-24","各地短期補習班數量":"216"},{"地區縣市":"南投縣政府","短期補習班名稱":"南投縣私立向陽文理短期補習班","主管機關文件單位代碼":"A118","電子郵件":"","短期補習班類別":"文理類","地址":"南投市彰南路一段1094號1-3樓","立案時間":"2016-03-29","各地短期補習班數量":"216"},{"地區縣市":"南投縣政府","短期補習班名稱":"南投縣私立資優文理短期補習班","主管機關文件單位代碼":"f010","電子郵件":"mina.jack@msa.hinet.net","短期補習班類別":"文理類","地址":"名間鄉南雅街131巷17號1-4樓","立案時間":"2007-05-16","各地短期補習班數量":"216"},{"地區縣市":"南投縣政府","短期補習班名稱":"南投縣私立史丹佛文理短期補習班","主管機關文件單位代碼":"","電子郵件":"richiechuang@gmail.com","短期補習班類別":"文理類","地址":"名間鄉董門巷8號1-2樓","立案時間":"2016-07-27","各地短期補習班數量":"216"},{"地區縣市":"南投縣政府","短期補習班名稱":"南投縣私立惠美文理短期補習班","主管機關文件單位代碼":"i004","電子郵件":"shm06307@gmail.com","短期補習班類別":"文理類","地址":"魚池鄉魚池街362巷11號2-3樓","立案時間":"2002-08-05","各地短期補習班數量":"216"},{"地區縣市":"南投縣政府","短期補習班名稱":"南投縣私立沛妮文理短期補習班","主管機關文件單位代碼":"g001","電子郵件":"t00850@gmail.com","短期補習班類別":"外語類","地址":"鹿谷鄉彰雅村鹿彰路36號1-2樓","立案時間":"2010-04-01","各地短期補習班數量":"216"},{"地區縣市":"南投縣政府","短期補習班名稱":"南投縣私立橄欖樹兒童藝術技藝短期補習班","主管機關文件單位代碼":"","電子郵件":"","短期補習班類別":"美術、書法、攝影、美工設計、圍棋類","地址":"南投市建國路16號1-2樓","立案時間":"2017-10-23","各地短期補習班數量":"216"},{"地區縣市":"南投縣政府","短期補習班名稱":"南投縣私立傑耀文理短期補習班","主管機關文件單位代碼":"","電子郵件":"","短期補習班類別":"文理類","地址":"名間鄉名松路一段87-4號1-3樓","立案時間":"2021-08-03","各地短期補習班數量":"216"},{"地區縣市":"南投縣政府","短期補習班名稱":"南投縣私立林芳堯文理短期補習班","主管機關文件單位代碼":"","電子郵件":"","短期補習班類別":"文理類","地址":"水里鄉南光村六合二街2號1樓","立案時間":"2021-09-07","各地短期補習班數量":"216"},{"地區縣市":"南投縣政府","短期補習班名稱":"南投縣私立永倫文理短期補習班","主管機關文件單位代碼":"","電子郵件":"","短期補習班類別":"文理類","地址":"埔里鎮北環路196號1-2樓","立案時間":"2021-03-15","各地短期補習班數量":"216"},{"地區縣市":"南投縣政府","短期補習班名稱":"南投縣私立優仕文理短期補習班","主管機關文件單位代碼":"a074","電子郵件":"","短期補習班類別":"文理類","地址":"南投市玉井街121號1-2樓","立案時間":"2005-10-24","各地短期補習班數量":"216"},{"地區縣市":"南投縣政府","短期補習班名稱":"大鴻海文化有限公司附設南投縣私立大東海法商短期補習班","主管機關文件單位代碼":"C060","電子郵件":"","短期補習班類別":"法政類","地址":"草屯鎮中正路704號2-4樓","立案時間":"2006-05-19","各地短期補習班數量":"216"},{"地區縣市":"南投縣政府","短期補習班名稱":"南投縣私立愛葳美語短期補習班","主管機關文件單位代碼":"","電子郵件":"aping1226@gmail.com","短期補習班類別":"文理類","地址":"國姓鄉國姓路334號1樓","立案時間":"2017-08-30","各地短期補習班數量":"216"},{"地區縣市":"南投縣政府","短期補習班名稱":"南投縣私立鐘晨文理短期補習班","主管機關文件單位代碼":"","電子郵件":"","短期補習班類別":"文理類","地址":"草屯鎮富寮里富頂路一段150巷31號1-3樓","立案時間":"2018-11-09","各地短期補習班數量":"216"},{"地區縣市":"南投縣政府","短期補習班名稱":"南投縣私立勁綸文理短期補習班","主管機關文件單位代碼":"","電子郵件":"","短期補習班類別":"文理類","地址":"南投市大庄路156號1-2樓","立案時間":"2019-11-08","各地短期補習班數量":"216"},{"地區縣市":"南投縣政府","短期補習班名稱":"南投縣私立日碩文理短期補習班","主管機關文件單位代碼":"","電子郵件":"","短期補習班類別":"文理類","地址":"草屯鎮碧峰路189號1-2樓","立案時間":"2017-07-14","各地短期補習班數量":"216"},{"地區縣市":"南投縣政府","短期補習班名稱":"南投縣私立絕藝圍棋文理短期補習班","主管機關文件單位代碼":"","電子郵件":"","短期補習班類別":"文理類","地址":"竹山鎮桂林里中正巷27-147號1-2樓","立案時間":"2019-12-04","各地短期補習班數量":"216"},{"地區縣市":"南投縣政府","短期補習班名稱":"私立救國團南投縣團委會草屯區附設技藝語文短期補習班","主管機關文件單位代碼":"c074","電子郵件":"","短期補習班類別":"外語類","地址":"草屯鎮中正路601-7號5樓","立案時間":"2008-08-12","各地短期補習班數量":"216"},{"地區縣市":"南投縣政府","短期補習班名稱":"南投縣私立愛蜜莉文理短期補習班","主管機關文件單位代碼":"","電子郵件":"","短期補習班類別":"文理類","地址":"集集鎮民生路3-1號1-2樓","立案時間":"2020-03-23","各地短期補習班數量":"216"},{"地區縣市":"南投縣政府","短期補習班名稱":"南投縣基督教青年會附設私立外語(英日)短期補習班","主管機關文件單位代碼":"c002","電子郵件":"ymca_center@nantou-ymca.org.tw","短期補習班類別":"外語類","地址":"草屯鎮炎峰里炎峰街2-4號1-3樓","立案時間":"2000-05-09","各地短期補習班數量":"216"},{"地區縣市":"南投縣政府","短期補習班名稱":"南投縣私立金牌文理短期補習班","主管機關文件單位代碼":"","電子郵件":"goldenmedal166@gmail.com","短期補習班類別":"文理類","地址":"南投市中興路308-9號1-2樓","立案時間":"2016-08-15","各地短期補習班數量":"216"}]
