



[{"地區縣市":"澎湖縣政府","短期補習班名稱":"私立奇瓦笛美語短期補習班","主管機關文件單位代碼":"","電子郵件":"","短期補習班類別":"外語類","地址":"馬公市文光路112-1號","立案時間":"1999-12-18","各地短期補習班數量":"30"},{"地區縣市":"澎湖縣政府","短期補習班名稱":"私立三之三才藝短期補習班","主管機關文件單位代碼":"","電子郵件":"","短期補習班類別":"文理類","地址":"澎湖縣馬公市三多路49、51號1至2樓","立案時間":"2024-03-13","各地短期補習班數量":"30"},{"地區縣市":"澎湖縣政府","短期補習班名稱":"私立立德文理短期補習班","主管機關文件單位代碼":"","電子郵件":"leader.program@gmail.com","短期補習班類別":"文理類","地址":"澎湖縣馬公市文光路38號1至4樓","立案時間":"2008-06-19","各地短期補習班數量":"30"},{"地區縣市":"澎湖縣政府","短期補習班名稱":"私立美語習塾短期補習班","主管機關文件單位代碼":"","電子郵件":"","短期補習班類別":"外語類","地址":"澎湖縣馬公市光榮街97號1-2樓","立案時間":"2022-08-12","各地短期補習班數量":"30"},{"地區縣市":"澎湖縣政府","短期補習班名稱":"私立萌芽短期補習班","主管機關文件單位代碼":"","電子郵件":"","短期補習班類別":"外語類","地址":"澎湖縣馬公市永和街49巷1號","立案時間":"2023-01-12","各地短期補習班數量":"30"},{"地區縣市":"澎湖縣政府","短期補習班名稱":"私立鹿鳴美術短期補習班","主管機關文件單位代碼":"","電子郵件":"","短期補習班類別":"美術、書法、攝影、美工設計、圍棋類","地址":"澎湖縣馬公市林森路65號","立案時間":"2023-11-27","各地短期補習班數量":"30"},{"地區縣市":"澎湖縣政府","短期補習班名稱":"智基科技開發股份有限公司附設私立志光法商文理短期補習班","主管機關文件單位代碼":"004","電子郵件":"","短期補習班類別":"法政類","地址":"澎湖縣馬公市陽明路2號4樓","立案時間":"2000-04-29","各地短期補習班數量":"30"},{"地區縣市":"澎湖縣政府","短期補習班名稱":"私立以馬內利美語短期補習班","主管機關文件單位代碼":"002","電子郵件":"Mission@ms13.hinet.net","短期補習班類別":"外語類","地址":"澎湖縣馬公市光復路88號6樓","立案時間":"2000-05-03","各地短期補習班數量":"30"},{"地區縣市":"澎湖縣政府","短期補習班名稱":"私立安老師美語短期補習班","主管機關文件單位代碼":"001","電子郵件":"","短期補習班類別":"外語類","地址":"澎湖縣馬公市光復路88號5樓","立案時間":"1999-08-27","各地短期補習班數量":"30"},{"地區縣市":"澎湖縣政府","短期補習班名稱":"私立朱老師文理短期補習班","主管機關文件單位代碼":"","電子郵件":"pig696108@yahoo.com.tw","短期補習班類別":"文理類","地址":"澎湖縣湖西鄉湖西村157-3號","立案時間":"2008-10-28","各地短期補習班數量":"30"},{"地區縣市":"澎湖縣政府","短期補習班名稱":"私立宥朝短期補習班","主管機關文件單位代碼":"","電子郵件":"","短期補習班類別":"外語類","地址":"澎湖縣馬公市西文里西文澳9之5號1耬","立案時間":"2006-06-09","各地短期補習班數量":"30"},{"地區縣市":"澎湖縣政府","短期補習班名稱":"私立小太陽短期補習班","主管機關文件單位代碼":"","電子郵件":"","短期補習班類別":"外語類","地址":"澎湖縣馬公市文光路142巷1號","立案時間":"2009-10-08","各地短期補習班數量":"30"},{"地區縣市":"澎湖縣政府","短期補習班名稱":"私立明穗珠算美語會話短期補習班","主管機關文件單位代碼":"006","電子郵件":"","短期補習班類別":"外語類","地址":"澎湖縣馬公市惠民二村21號1至2樓","立案時間":"1990-08-22","各地短期補習班數量":"30"},{"地區縣市":"澎湖縣政府","短期補習班名稱":"私立龍之堡英語短期補習班","主管機關文件單位代碼":"006","電子郵件":"","短期補習班類別":"外語類","地址":"澎湖縣馬公市林森路49號1樓","立案時間":"2002-06-06","各地短期補習班數量":"30"},{"地區縣市":"澎湖縣政府","短期補習班名稱":"私立成功短期補習班","主管機關文件單位代碼":"","電子郵件":"hata.huang007@gmail.com","短期補習班類別":"文理類","地址":"澎湖縣馬公市林森路78號1樓","立案時間":"2005-03-18","各地短期補習班數量":"30"},{"地區縣市":"澎湖縣政府","短期補習班名稱":"私立全方位文理短期補習班","主管機關文件單位代碼":"","電子郵件":"","短期補習班類別":"文理類","地址":"澎湖縣馬公市文前街83號","立案時間":"2005-10-06","各地短期補習班數量":"30"},{"地區縣市":"澎湖縣政府","短期補習班名稱":"私立皓學文理短期補習班","主管機關文件單位代碼":"","電子郵件":"anita.ljf@msa.hinet.net","短期補習班類別":"文理類","地址":"澎湖縣馬公市陽明路240號1-2樓","立案時間":"2006-08-04","各地短期補習班數量":"30"},{"地區縣市":"澎湖縣政府","短期補習班名稱":"私立金老師美語短期補習班","主管機關文件單位代碼":"","電子郵件":"","短期補習班類別":"外語類","地址":"澎湖縣馬公市民富街51巷9號1樓","立案時間":"2008-03-07","各地短期補習班數量":"30"},{"地區縣市":"澎湖縣政府","短期補習班名稱":"私立格林文理短期補習班","主管機關文件單位代碼":"","電子郵件":"","短期補習班類別":"文理類","地址":"澎湖縣馬公市北辰街14號2-3樓","立案時間":"2008-06-12","各地短期補習班數量":"30"},{"地區縣市":"澎湖縣政府","短期補習班名稱":"私立易說學堂短期補習班","主管機關文件單位代碼":"","電子郵件":"","短期補習班類別":"外語類","地址":"澎湖縣馬公市中華路56-1號2樓","立案時間":"2011-10-24","各地短期補習班數量":"30"},{"地區縣市":"澎湖縣政府","短期補習班名稱":"私立艾妮塔英文短期補習班","主管機關文件單位代碼":"","電子郵件":"anita19810623@hotmail.com","短期補習班類別":"外語類","地址":"澎湖縣馬公市朝陽里林森路45巷36號","立案時間":"2021-02-05","各地短期補習班數量":"30"},{"地區縣市":"澎湖縣政府","短期補習班名稱":"私立愛彌兒短期補習班","主管機關文件單位代碼":"","電子郵件":"","短期補習班類別":"文理類","地址":"澎湖縣馬公市六合路47號","立案時間":"2021-07-29","各地短期補習班數量":"30"},{"地區縣市":"澎湖縣政府","短期補習班名稱":"私立典典文理短期補習班","主管機關文件單位代碼":"","電子郵件":"","短期補習班類別":"文理類","地址":"澎湖縣馬公市新生路199之1號2樓","立案時間":"2021-12-21","各地短期補習班數量":"30"},{"地區縣市":"澎湖縣政府","短期補習班名稱":"私立企鵝家族文理短期補習班","主管機關文件單位代碼":"","電子郵件":"","短期補習班類別":"文理類","地址":"澎湖縣馬公市東文里107號之6","立案時間":"2022-01-21","各地短期補習班數量":"30"},{"地區縣市":"澎湖縣政府","短期補習班名稱":"私立惠安文理短期補習班","主管機關文件單位代碼":"","電子郵件":"chanshen0925757217@gmail.com","短期補習班類別":"文理類","地址":"澎湖縣馬公市光復路148巷16號","立案時間":"2005-04-14","各地短期補習班數量":"30"},{"地區縣市":"澎湖縣政府","短期補習班名稱":"私立威莉文理短期補習班","主管機關文件單位代碼":"","電子郵件":"","短期補習班類別":"文理類","地址":"澎湖縣馬公市光榮里光榮街40號","立案時間":"2014-01-20","各地短期補習班數量":"30"},{"地區縣市":"澎湖縣政府","短期補習班名稱":"私立樂高短期補習班","主管機關文件單位代碼":"","電子郵件":"","短期補習班類別":"外語類","地址":"澎湖縣馬公市成功街69號1-2樓","立案時間":"2009-06-19","各地短期補習班數量":"30"},{"地區縣市":"澎湖縣政府","短期補習班名稱":"私立舒飛美語文理短期補習班","主管機關文件單位代碼":"","電子郵件":"snoopy9211215@yahoo.com.tw","短期補習班類別":"外語類","地址":"澎湖縣馬公市西文里10鄰文學路27號","立案時間":"2015-04-01","各地短期補習班數量":"30"},{"地區縣市":"澎湖縣政府","短期補習班名稱":"私立英語角短期補習班","主管機關文件單位代碼":"","電子郵件":"","短期補習班類別":"外語類","地址":"澎湖縣湖西鄉湖西村166號1樓","立案時間":"2014-01-10","各地短期補習班數量":"30"},{"地區縣市":"澎湖縣政府","短期補習班名稱":"私立小米菓短期補習班","主管機關文件單位代碼":"","電子郵件":"","短期補習班類別":"文理類","地址":"澎湖縣馬公市東文里文學路255巷16號1-2樓","立案時間":"2005-10-06","各地短期補習班數量":"30"}]
