



[{"地區縣市":"臺東縣政府","短期補習班名稱":"智基科技開發股份有限公司附設臺東縣私立志光文理補習班","主管機關文件單位代碼":"","電子郵件":"td343125@gmail.com","短期補習班類別":"文理類","地址":"臺東市中山路323巷8號","立案時間":"1999-12-30","各地短期補習班數量":"103"},{"地區縣市":"臺東縣政府","短期補習班名稱":"臺東縣私立中正文理短期補習班","主管機關文件單位代碼":"","電子郵件":"a092177917@gmail.com","短期補習班類別":"文理類","地址":"臺東市中正路392巷5號","立案時間":"2020-02-14","各地短期補習班數量":"103"},{"地區縣市":"臺東縣政府","短期補習班名稱":"臺東縣私立筑音音樂學苑短期補習班","主管機關文件單位代碼":"","電子郵件":"","短期補習班類別":"音樂、舞蹈類","地址":"臺東市仁二街66號","立案時間":"2013-07-10","各地短期補習班數量":"103"},{"地區縣市":"臺東縣政府","短期補習班名稱":"巨匠電腦股份有限公司臺東分公司附設電腦文理短期補習班","主管機關文件單位代碼":"","電子郵件":"ih_mailbox@pcschool.com.tw","短期補習班類別":"外語類","地址":"臺東市新生路205號1.2樓","立案時間":"1998-12-17","各地短期補習班數量":"103"},{"地區縣市":"臺東縣政府","短期補習班名稱":"臺東縣私立高瞻東海教室文理技藝短期補習班","主管機關文件單位代碼":"","電子郵件":"hs089333256@gmail.com","短期補習班類別":"文理類","地址":"臺東市長沙街228號1-2樓","立案時間":"2023-10-03","各地短期補習班數量":"103"},{"地區縣市":"臺東縣政府","短期補習班名稱":"臺東縣私立心耘學園文理短期補習班","主管機關文件單位代碼":"","電子郵件":"jill6608041211@gmail.com","短期補習班類別":"文理類","地址":"臺東市信義路222號","立案時間":"2014-03-19","各地短期補習班數量":"103"},{"地區縣市":"臺東縣政府","短期補習班名稱":"臺東縣私立阿坤數學教室短期補習班","主管機關文件單位代碼":"","電子郵件":"Kcc0721@gmail.com","短期補習班類別":"文理類","地址":"臺東市強國街178-1號1樓","立案時間":"2012-10-09","各地短期補習班數量":"103"},{"地區縣市":"臺東縣政府","短期補習班名稱":"臺東縣私立展陞文理短期補習班","主管機關文件單位代碼":"","電子郵件":"ginaq0013@gmail.com","短期補習班類別":"文理類","地址":"臺東市吉福路48號1樓","立案時間":"2018-08-21","各地短期補習班數量":"103"},{"地區縣市":"臺東縣政府","短期補習班名稱":"臺東縣私立小博士文理才藝短期補習班","主管機關文件單位代碼":"","電子郵件":"qoo4377scrng@gmail.com","短期補習班類別":"文理類","地址":"臺東市中興路五段9號","立案時間":"2002-04-02","各地短期補習班數量":"103"},{"地區縣市":"臺東縣政府","短期補習班名稱":"臺東縣私立竑學文理短期補習班","主管機關文件單位代碼":"","電子郵件":"yiying26902690@yahoo.com.tw","短期補習班類別":"文理類","地址":"臺東市長沙街170巷7弄12號1樓","立案時間":"2018-05-21","各地短期補習班數量":"103"},{"地區縣市":"臺東縣政府","短期補習班名稱":"臺東縣私立費歐娜美語短期補習班","主管機關文件單位代碼":"","電子郵件":"iamfionalee@gmail.com","短期補習班類別":"外語類","地址":"臺東市長安街72之1號","立案時間":"2009-07-03","各地短期補習班數量":"103"},{"地區縣市":"臺東縣政府","短期補習班名稱":"臺東縣私立大樹美語文理短期補習班","主管機關文件單位代碼":"","電子郵件":"","短期補習班類別":"文理類","地址":"臺東市新社三街81號","立案時間":"2021-08-25","各地短期補習班數量":"103"},{"地區縣市":"臺東縣政府","短期補習班名稱":"臺東縣私立快樂文理短期補習班","主管機關文件單位代碼":"","電子郵件":"","短期補習班類別":"外語類","地址":"臺東市開封街699號","立案時間":"2007-10-11","各地短期補習班數量":"103"},{"地區縣市":"臺東縣政府","短期補習班名稱":"臺東縣私立精湛文理短期補習班","主管機關文件單位代碼":"","電子郵件":"","短期補習班類別":"文理類","地址":"臺東市正氣北路339巷33號","立案時間":"2012-10-09","各地短期補習班數量":"103"},{"地區縣市":"臺東縣政府","短期補習班名稱":"臺東縣私立吉尼爾美語短期補習班","主管機關文件單位代碼":"","電子郵件":"geniea520@hotmail.com","短期補習班類別":"外語類","地址":"臺東市臨潼街105號","立案時間":"2002-03-07","各地短期補習班數量":"103"},{"地區縣市":"臺東縣政府","短期補習班名稱":"臺東縣私立吉尼爾美語短期補習班臨潼分班","主管機關文件單位代碼":"","電子郵件":"geniea520@hotmail.com","短期補習班類別":"文理類","地址":"臺東市臨潼街42巷13號","立案時間":"2014-01-28","各地短期補習班數量":"103"},{"地區縣市":"臺東縣政府","短期補習班名稱":"臺東縣私立翔騰學園短期補習班","主管機關文件單位代碼":"","電子郵件":"","短期補習班類別":"文理類","地址":"臺東市正氣北路339巷128弄10號1樓","立案時間":"2011-08-01","各地短期補習班數量":"103"},{"地區縣市":"臺東縣政府","短期補習班名稱":"臺東縣私立YOYO友友創意教室短期補習班","主管機關文件單位代碼":"","電子郵件":"yoyo335290@gmail.com","短期補習班類別":"其他類","地址":"臺東市漢中街87號1、2樓","立案時間":"2003-07-07","各地短期補習班數量":"103"},{"地區縣市":"臺東縣政府","短期補習班名稱":"臺東縣私立小茉莉探索學園短期補習班","主管機關文件單位代碼":"","電子郵件":"molly960914@gmail.com","短期補習班類別":"文理類","地址":"臺東市豐盛路26巷67號","立案時間":"2013-03-12","各地短期補習班數量":"103"},{"地區縣市":"臺東縣政府","短期補習班名稱":"臺東縣私立倫比美語短期補習班","主管機關文件單位代碼":"","電子郵件":"columbia356313@yahoo.com.tw","短期補習班類別":"外語類","地址":"臺東市信義路361號(新增教室1間：臺東市信義路365號)","立案時間":"2006-11-10","各地短期補習班數量":"103"},{"地區縣市":"臺東縣政府","短期補習班名稱":"臺東縣私立微笑文理短期補習班","主管機關文件單位代碼":"","電子郵件":"Saint1727@gmail.com","短期補習班類別":"文理類","地址":"臺東市漢中街52號","立案時間":"2012-11-26","各地短期補習班數量":"103"},{"地區縣市":"臺東縣政府","短期補習班名稱":"臺東縣私立康橋文理短期補習班","主管機關文件單位代碼":"","電子郵件":"","短期補習班類別":"文理類","地址":"臺東市民航路999號","立案時間":"2017-05-17","各地短期補習班數量":"103"},{"地區縣市":"臺東縣政府","短期補習班名稱":"臺東縣私立多加文理短期補習班","主管機關文件單位代碼":"","電子郵件":"","短期補習班類別":"文理類","地址":"臺東市四維路三段299號","立案時間":"2013-12-17","各地短期補習班數量":"103"},{"地區縣市":"臺東縣政府","短期補習班名稱":"臺東縣私立宏奇文理短期補習班","主管機關文件單位代碼":"","電子郵件":"t56656332@yahoo.com.tw","短期補習班類別":"外語類","地址":"臺東市台東市更生路437巷31號","立案時間":"2003-06-12","各地短期補習班數量":"103"},{"地區縣市":"臺東縣政府","短期補習班名稱":"臺東縣私立黃薇創意作文短期補習班","主管機關文件單位代碼":"","電子郵件":"","短期補習班類別":"文理類","地址":"臺東市博愛路105號1-2樓","立案時間":"2024-01-26","各地短期補習班數量":"103"},{"地區縣市":"臺東縣政府","短期補習班名稱":"臺東縣私立德訓文理短期補習班","主管機關文件單位代碼":"","電子郵件":"","短期補習班類別":"文理類","地址":"臺東市徐州街282號","立案時間":"2014-07-24","各地短期補習班數量":"103"},{"地區縣市":"臺東縣政府","短期補習班名稱":"臺東縣私立天使文理短期補習班","主管機關文件單位代碼":"","電子郵件":"amphiemor@gmail.com","短期補習班類別":"文理類","地址":"臺東市新生路379號","立案時間":"2019-01-30","各地短期補習班數量":"103"},{"地區縣市":"臺東縣政府","短期補習班名稱":"臺東縣私立A+文理短期補習班","主管機關文件單位代碼":"","電子郵件":"aplus238052@gmail.com","短期補習班類別":"文理類","地址":"臺東市台東市新生路718號","立案時間":"2006-06-30","各地短期補習班數量":"103"},{"地區縣市":"臺東縣政府","短期補習班名稱":"臺東縣私立高見文理短期補習班","主管機關文件單位代碼":"","電子郵件":"check.taitung@gmail.com","短期補習班類別":"文理類","地址":"臺東市漢陽北路89號","立案時間":"2021-03-08","各地短期補習班數量":"103"},{"地區縣市":"臺東縣政府","短期補習班名稱":"臺東縣私立多元文理短期補習班","主管機關文件單位代碼":"","電子郵件":"wisemath320033@gmail.com","短期補習班類別":"文理類","地址":"臺東市開封街632巷20弄4號","立案時間":"2002-03-07","各地短期補習班數量":"103"},{"地區縣市":"臺東縣政府","短期補習班名稱":"臺東縣私立小荳芽藝術短期補習班","主管機關文件單位代碼":"","電子郵件":"cuteprincess6810@yahoo.com.tw","短期補習班類別":"音樂、舞蹈類","地址":"臺東市臨海路262巷1號","立案時間":"2016-11-28","各地短期補習班數量":"103"},{"地區縣市":"臺東縣政府","短期補習班名稱":"臺東縣私立維多利亞文理學苑短期補習班","主管機關文件單位代碼":"","電子郵件":"","短期補習班類別":"文理類","地址":"臺東市信義路347號","立案時間":"2017-07-26","各地短期補習班數量":"103"},{"地區縣市":"臺東縣政府","短期補習班名稱":"臺東縣私立小湯姆文理短期補習班","主管機關文件單位代碼":"","電子郵件":"","短期補習班類別":"文理類","地址":"臺東市精誠路45號","立案時間":"2016-03-17","各地短期補習班數量":"103"},{"地區縣市":"臺東縣政府","短期補習班名稱":"臺東縣私立向日葵ABC短期補習班","主管機關文件單位代碼":"","電子郵件":"","短期補習班類別":"外語類","地址":"臺東市博愛路458號","立案時間":"1999-11-30","各地短期補習班數量":"103"},{"地區縣市":"臺東縣政府","短期補習班名稱":"臺東縣私立林倩美學技藝短期補習班","主管機關文件單位代碼":"","電子郵件":"n0623@hotmail.com","短期補習班類別":"美容、美髮理髮類","地址":"臺東市正氣北路104巷28號2樓","立案時間":"2023-08-15","各地短期補習班數量":"103"},{"地區縣市":"臺東縣政府","短期補習班名稱":"臺東縣私立方舟Infinitas文理短期補習班","主管機關文件單位代碼":"","電子郵件":"","短期補習班類別":"文理類","地址":"臺東市開封街559號1-2樓","立案時間":"2023-08-17","各地短期補習班數量":"103"},{"地區縣市":"臺東縣政府","短期補習班名稱":"臺東縣私立昇達文理短期補習班","主管機關文件單位代碼":"","電子郵件":"pbpasserby@gmail.com","短期補習班類別":"文理類","地址":"臺東市徐州街302巷1號1樓暨2樓","立案時間":"2015-02-09","各地短期補習班數量":"103"},{"地區縣市":"臺東縣政府","短期補習班名稱":"臺東縣私立史丹佛文理短期補習班","主管機關文件單位代碼":"","電子郵件":"chrystaltung@gmail.com","短期補習班類別":"文理類","地址":"臺東市豐榮路193號","立案時間":"2009-06-30","各地短期補習班數量":"103"},{"地區縣市":"臺東縣政府","短期補習班名稱":"臺東縣私立康乃爾美語短期補習班","主管機關文件單位代碼":"","電子郵件":"","短期補習班類別":"文理類","地址":"臺東市中正路189號1、2樓","立案時間":"2012-07-06","各地短期補習班數量":"103"},{"地區縣市":"臺東縣政府","短期補習班名稱":"臺東縣私立神算文理短期補習班","主管機關文件單位代碼":"","電子郵件":"","短期補習班類別":"文理類","地址":"臺東市長沙街336號","立案時間":"1992-12-30","各地短期補習班數量":"103"},{"地區縣市":"臺東縣政府","短期補習班名稱":"中國青年救國團臺東縣團務指導委員會私立附設文理技藝短期補習班","主管機關文件單位代碼":"","電子郵件":"ttntc@cyc.tw","短期補習班類別":"文理類","地址":"臺東市長沙街396號1F、2F","立案時間":"2021-07-28","各地短期補習班數量":"103"},{"地區縣市":"臺東縣政府","短期補習班名稱":"臺東縣私立學樂文理短期補習班","主管機關文件單位代碼":"","電子郵件":"","短期補習班類別":"文理類","地址":"臺東市杭州街188號","立案時間":"1992-04-08","各地短期補習班數量":"103"},{"地區縣市":"臺東縣政府","短期補習班名稱":"臺東縣私立啟思文理短期補習班","主管機關文件單位代碼":"","電子郵件":"a0936409538@gmail.com","短期補習班類別":"文理類","地址":"臺東市永福路203號","立案時間":"2013-04-22","各地短期補習班數量":"103"},{"地區縣市":"臺東縣政府","短期補習班名稱":"臺東縣私立國際美語短期補習班","主管機關文件單位代碼":"","電子郵件":"","短期補習班類別":"外語類","地址":"臺東市四維路三段21號7樓","立案時間":"1993-08-16","各地短期補習班數量":"103"},{"地區縣市":"臺東縣政府","短期補習班名稱":"臺東縣私立仁愛文理短期補習班","主管機關文件單位代碼":"","電子郵件":"best323415@yahoo.com.tw","短期補習班類別":"文理類","地址":"臺東市大同路236號2、3樓","立案時間":"1999-06-10","各地短期補習班數量":"103"},{"地區縣市":"臺東縣政府","短期補習班名稱":"臺東縣私立愛兒堡文理短期補習班","主管機關文件單位代碼":"","電子郵件":"lovekid1105@gmail.com","短期補習班類別":"文理類","地址":"臺東市知本康定街367號","立案時間":"2011-10-24","各地短期補習班數量":"103"},{"地區縣市":"臺東縣政府","短期補習班名稱":"臺東縣私立蔡老師文理短期補習班","主管機關文件單位代碼":"","電子郵件":"m7619@ms17.hinet.net","短期補習班類別":"文理類","地址":"臺東縣太麻里鄉太麻里街137號","立案時間":"2015-08-19","各地短期補習班數量":"103"},{"地區縣市":"臺東縣政府","短期補習班名稱":"臺東縣私立美佳美語短期補習班","主管機關文件單位代碼":"","電子郵件":"julialeeny@yahoo.com.tw","短期補習班類別":"外語類","地址":"臺東市正氣路298巷17號","立案時間":"2006-09-27","各地短期補習班數量":"103"},{"地區縣市":"臺東縣政府","短期補習班名稱":"臺東縣私立精華才藝短期補習班","主管機關文件單位代碼":"","電子郵件":"mileslin221@yahoo.com.tw","短期補習班類別":"文理類","地址":"臺東市鄭州街71號","立案時間":"2013-05-17","各地短期補習班數量":"103"},{"地區縣市":"臺東縣政府","短期補習班名稱":"臺東縣私立賢儒短期補習班","主管機關文件單位代碼":"","電子郵件":"","短期補習班類別":"文理類","地址":"台東縣太麻里鄉太麻里街482號","立案時間":"2004-09-15","各地短期補習班數量":"103"},{"地區縣市":"臺東縣政府","短期補習班名稱":"臺東縣私立椰林文理短期補習班","主管機關文件單位代碼":"","電子郵件":"","短期補習班類別":"文理類","地址":"臺東市中華路2段271號","立案時間":"2010-04-30","各地短期補習班數量":"103"},{"地區縣市":"臺東縣政府","短期補習班名稱":"臺東縣私立建中文理短期補習班","主管機關文件單位代碼":"","電子郵件":"","短期補習班類別":"外語類","地址":"臺東市正氣北路313號","立案時間":"2002-04-02","各地短期補習班數量":"103"},{"地區縣市":"臺東縣政府","短期補習班名稱":"何嘉仁文教事業股份有限公司臺東分公司附設何家仁美語短期補習班 ","主管機關文件單位代碼":"","電子郵件":"hs3461@hess.com.tw","短期補習班類別":"外語類","地址":"臺東市杭州街414號","立案時間":"2000-06-16","各地短期補習班數量":"103"},{"地區縣市":"臺東縣政府","短期補習班名稱":"臺東縣私立韻揚音樂文理短期補習班","主管機關文件單位代碼":"","電子郵件":"cdyyp@yahoo.com.tw","短期補習班類別":"外語類","地址":"臺東市中華路二段111巷22弄13號1樓","立案時間":"2015-05-19","各地短期補習班數量":"103"},{"地區縣市":"臺東縣政府","短期補習班名稱":"臺東縣私立翰中文理短期補習班","主管機關文件單位代碼":"","電子郵件":"a0921297310@gmail.com","短期補習班類別":"文理類","地址":"臺東市漢中街176號","立案時間":"2007-02-09","各地短期補習班數量":"103"},{"地區縣市":"臺東縣政府","短期補習班名稱":"臺東縣私立群青文理短期補習班","主管機關文件單位代碼":"","電子郵件":"","短期補習班類別":"文理類","地址":"臺東市長安街76號","立案時間":"2018-10-04","各地短期補習班數量":"103"},{"地區縣市":"臺東縣政府","短期補習班名稱":"臺東縣私立方舟文理短期補習班","主管機關文件單位代碼":"","電子郵件":"","短期補習班類別":"文理類","地址":"臺東市武昌街51號","立案時間":"2012-06-06","各地短期補習班數量":"103"},{"地區縣市":"臺東縣政府","短期補習班名稱":"臺東縣私立漢忠文理短期補習班","主管機關文件單位代碼":"","電子郵件":"","短期補習班類別":"文理類","地址":"臺東市漢中街215巷3號","立案時間":"2013-01-18","各地短期補習班數量":"103"},{"地區縣市":"臺東縣政府","短期補習班名稱":"臺東縣私立東台菁英文理短期補習班","主管機關文件單位代碼":"","電子郵件":"wang345792@gmail.com ","短期補習班類別":"文理類","地址":"臺東市開封街818巷12號","立案時間":"2013-12-25","各地短期補習班數量":"103"},{"地區縣市":"臺東縣政府","短期補習班名稱":"臺東縣私立品學文理短期補習班","主管機關文件單位代碼":"","電子郵件":"","短期補習班類別":"文理類","地址":"臺東市杭州街299號","立案時間":"2013-09-25","各地短期補習班數量":"103"},{"地區縣市":"臺東縣政府","短期補習班名稱":"臺東縣私立佳德英語短期補習班","主管機關文件單位代碼":"","電子郵件":"","短期補習班類別":"外語類","地址":"臺東市傳廣路350號","立案時間":"2008-08-06","各地短期補習班數量":"103"},{"地區縣市":"臺東縣政府","短期補習班名稱":"臺東縣私立華盛頓美語短期補習班","主管機關文件單位代碼":"","電子郵件":"","短期補習班類別":"文理類","地址":"臺東市四維路三段328號","立案時間":"2016-12-01","各地短期補習班數量":"103"},{"地區縣市":"臺東縣政府","短期補習班名稱":"臺東縣私立亞卓文理短期補習班","主管機關文件單位代碼":"","電子郵件":"chenshunhox@gmail.com","短期補習班類別":"文理類","地址":"臺東市北平街3號","立案時間":"2010-01-12","各地短期補習班數量":"103"},{"地區縣市":"臺東縣政府","短期補習班名稱":"臺東縣私立卑南文理教室文理短期補習班","主管機關文件單位代碼":"","電子郵件":"","短期補習班類別":"文理類","地址":"臺東市更生北路293巷7號","立案時間":"2019-03-05","各地短期補習班數量":"103"},{"地區縣市":"臺東縣政府","短期補習班名稱":"臺東縣私立亞諾文理短期補習班","主管機關文件單位代碼":"","電子郵件":"","短期補習班類別":"文理類","地址":"臺東市正氣路478號","立案時間":"2008-04-21","各地短期補習班數量":"103"},{"地區縣市":"臺東縣政府","短期補習班名稱":"臺東縣私立銘仁文理短期補習班","主管機關文件單位代碼":"","電子郵件":"","短期補習班類別":"文理類","地址":"臺東市台東市文化街62號","立案時間":"2006-05-11","各地短期補習班數量":"103"},{"地區縣市":"臺東縣政府","短期補習班名稱":"臺東縣私立廣學教育中心短期補習班","主管機關文件單位代碼":"","電子郵件":"","短期補習班類別":"文理類","地址":"臺東市仁二街251號","立案時間":"2015-06-24","各地短期補習班數量":"103"},{"地區縣市":"臺東縣政府","短期補習班名稱":"臺東縣私立鄔老師文理短期補習班","主管機關文件單位代碼":"","電子郵件":"vickyenglishclassroom@gmail.com","短期補習班類別":"文理類","地址":"台東縣關山鎮公園路50號","立案時間":"2014-03-04","各地短期補習班數量":"103"},{"地區縣市":"臺東縣政府","短期補習班名稱":"臺東縣私立林老師文理短期補習班","主管機關文件單位代碼":"","電子郵件":"linwayrong@yahoo.com.tw","短期補習班類別":"文理類","地址":"臺東縣大武鄉民族街57號","立案時間":"2019-07-17","各地短期補習班數量":"103"},{"地區縣市":"臺東縣政府","短期補習班名稱":"臺東縣私立陳老師教室短期補習班","主管機關文件單位代碼":"","電子郵件":"ivy.mj@msa.hinet.net","短期補習班類別":"文理類","地址":"臺東市更生北路287號","立案時間":"2004-05-18","各地短期補習班數量":"103"},{"地區縣市":"臺東縣政府","短期補習班名稱":"臺東縣私立全能文理技藝短期補習班","主管機關文件單位代碼":"","電子郵件":"","短期補習班類別":"文理類","地址":"臺東市知本路三段141號","立案時間":"2007-11-07","各地短期補習班數量":"103"},{"地區縣市":"臺東縣政府","短期補習班名稱":"臺東縣私立尚舞蹈學苑短期補習班","主管機關文件單位代碼":"","電子郵件":"cat_381@yahoo.com.tw","短期補習班類別":"音樂、舞蹈類","地址":"臺東市中興路二段37號","立案時間":"2017-03-09","各地短期補習班數量":"103"},{"地區縣市":"臺東縣政府","短期補習班名稱":"臺東縣私立三合院樂學園文理短期補習班","主管機關文件單位代碼":"","電子郵件":"","短期補習班類別":"文理類","地址":"臺東市臺東市豐盛路12號","立案時間":"2019-10-22","各地短期補習班數量":"103"},{"地區縣市":"臺東縣政府","短期補習班名稱":"臺東縣私立貓頭鷹作文ｅ學苑短期補習班","主管機關文件單位代碼":"","電子郵件":"","短期補習班類別":"文理類","地址":"臺東市仁二街8-1號","立案時間":"2014-08-13","各地短期補習班數量":"103"},{"地區縣市":"臺東縣政府","短期補習班名稱":"臺東縣私立蘇菲亞文理短期補習班","主管機關文件單位代碼":"","電子郵件":"","短期補習班類別":"外語類","地址":"臺東市新生路641巷16弄12號","立案時間":"2013-10-28","各地短期補習班數量":"103"},{"地區縣市":"臺東縣政府","短期補習班名稱":"臺東縣私立馬蘭國際文理技藝短期補習班","主管機關文件單位代碼":"","電子郵件":"mieschooltaitung@gmail.com","短期補習班類別":"外語類","地址":"臺東市更生路689巷16弄1號","立案時間":"2019-05-24","各地短期補習班數量":"103"},{"地區縣市":"臺東縣政府","短期補習班名稱":"臺東縣私立凱琳美語短期補習班","主管機關文件單位代碼":"","電子郵件":"a0908029339@gmail.com","短期補習班類別":"外語類","地址":"臺東市北平街7號","立案時間":"2004-11-10","各地短期補習班數量":"103"},{"地區縣市":"臺東縣政府","短期補習班名稱":"臺東縣私立文達短期補習班","主管機關文件單位代碼":"","電子郵件":"b0937397207@gmail.com","短期補習班類別":"文理類","地址":"臺東市南昌街102巷36號","立案時間":"2014-04-18","各地短期補習班數量":"103"},{"地區縣市":"臺東縣政府","短期補習班名稱":"臺東縣私立KEEP舞蹈教室短期補習班","主管機關文件單位代碼":"","電子郵件":"","短期補習班類別":"音樂、舞蹈類","地址":"臺東市新生里23鄰傳廣路438號2樓","立案時間":"2015-12-07","各地短期補習班數量":"103"},{"地區縣市":"臺東縣政府","短期補習班名稱":"臺東縣私立何家濂畫室短期補習班","主管機關文件單位代碼":"","電子郵件":"","短期補習班類別":"美術、書法、攝影、美工設計、圍棋類","地址":"臺東市漢中街194號1樓","立案時間":"2013-09-15","各地短期補習班數量":"103"},{"地區縣市":"臺東縣政府","短期補習班名稱":"臺東縣私立黃詠盛專業數理家教班短期補習班","主管機關文件單位代碼":"","電子郵件":"","短期補習班類別":"文理類","地址":"臺東市漢陽南路55號","立案時間":"2011-04-11","各地短期補習班數量":"103"},{"地區縣市":"臺東縣政府","短期補習班名稱":"臺東縣私立橘園兒童藝術短期補習班","主管機關文件單位代碼":"","電子郵件":"donna188998@yahoo.com.tw","短期補習班類別":"美術、書法、攝影、美工設計、圍棋類","地址":"臺東市開封街702巷60號","立案時間":"2015-11-23","各地短期補習班數量":"103"},{"地區縣市":"臺東縣政府","短期補習班名稱":"臺東縣私立溫蒂文理教育中心短期補習班","主管機關文件單位代碼":"","電子郵件":"pichun0213@gmail.com","短期補習班類別":"文理類","地址":"臺東縣太麻里鄉外環路62號","立案時間":"2015-07-07","各地短期補習班數量":"103"},{"地區縣市":"臺東縣政府","短期補習班名稱":"臺東縣私立開卷田美語短期補習班","主管機關文件單位代碼":"","電子郵件":"","短期補習班類別":"外語類","地址":"臺東市勝利街72-1號","立案時間":"2000-11-02","各地短期補習班數量":"103"},{"地區縣市":"臺東縣政府","短期補習班名稱":"臺東縣私立柯老師文理短期補習班","主管機關文件單位代碼":"","電子郵件":"","短期補習班類別":"文理類","地址":"臺東市上海街32巷14號","立案時間":"2012-10-09","各地短期補習班數量":"103"},{"地區縣市":"臺東縣政府","短期補習班名稱":"臺東縣私立耕園語文短期補習班","主管機關文件單位代碼":"","電子郵件":"girl10284@gmail.com","短期補習班類別":"文理類","地址":"臺東市四維路一段480號","立案時間":"2007-04-30","各地短期補習班數量":"103"},{"地區縣市":"臺東縣政府","短期補習班名稱":"臺東縣私立安俐美語短期補習班","主管機關文件單位代碼":"","電子郵件":"","短期補習班類別":"外語類","地址":"臺東市正氣北路255巷106號","立案時間":"2015-05-20","各地短期補習班數量":"103"},{"地區縣市":"臺東縣政府","短期補習班名稱":"臺東縣私立英才文理短期補習班","主管機關文件單位代碼":"","電子郵件":"","短期補習班類別":"文理類","地址":"臺東市台東市泰安街39號","立案時間":"2006-05-26","各地短期補習班數量":"103"},{"地區縣市":"臺東縣政府","短期補習班名稱":"臺東縣私立德慧文理短期補習班","主管機關文件單位代碼":"","電子郵件":"","短期補習班類別":"文理類","地址":"臺東市馬蘭里8鄰中興路一段543巷12號","立案時間":"2016-01-19","各地短期補習班數量":"103"},{"地區縣市":"臺東縣政府","短期補習班名稱":"臺東縣私立昌恆數理短期補習班","主管機關文件單位代碼":"","電子郵件":"","短期補習班類別":"文理類","地址":"臺東縣成功鎮中華路56號2樓","立案時間":"2008-02-12","各地短期補習班數量":"103"},{"地區縣市":"臺東縣政府","短期補習班名稱":"臺東縣私立長頸鹿美語短期補習班","主管機關文件單位代碼":"","電子郵件":"daniel88888848@yahoo.com.tw","短期補習班類別":"外語類","地址":"臺東市更生路576之1號","立案時間":"1996-12-17","各地短期補習班數量":"103"},{"地區縣市":"臺東縣政府","短期補習班名稱":"臺東縣私立KHH物理文理短期補習班","主管機關文件單位代碼":"","電子郵件":"aristophnia@hotmail.com","短期補習班類別":"文理類","地址":"臺東市信義路190號","立案時間":"2016-08-11","各地短期補習班數量":"103"},{"地區縣市":"臺東縣政府","短期補習班名稱":"臺東縣私立安吉利美語短期補習班","主管機關文件單位代碼":"","電子郵件":"genjihuang@gmail.com","短期補習班類別":"外語類","地址":"臺東市東海里長沙街137號","立案時間":"2010-12-31","各地短期補習班數量":"103"},{"地區縣市":"臺東縣政府","短期補習班名稱":"臺東縣私立中華文理短期補習班","主管機關文件單位代碼":"","電子郵件":"","短期補習班類別":"文理類","地址":"臺東市大同路92號","立案時間":"1985-10-02","各地短期補習班數量":"103"},{"地區縣市":"臺東縣政府","短期補習班名稱":"臺東縣私立韋勝音樂工作室短期補習班","主管機關文件單位代碼":"","電子郵件":"shiizzer@gmail.com","短期補習班類別":"音樂、舞蹈類","地址":"臺東市開封街253號","立案時間":"2017-05-16","各地短期補習班數量":"103"},{"地區縣市":"臺東縣政府","短期補習班名稱":"臺東縣私立梯梯塔音樂藝術學苑短期補習班","主管機關文件單位代碼":"","電子郵件":"kou112252@gmail.com","短期補習班類別":"外語類","地址":"臺東市常德路67巷9號","立案時間":"2016-01-04","各地短期補習班數量":"103"},{"地區縣市":"臺東縣政府","短期補習班名稱":"臺東縣私立謝老師英語教室短期補習班","主管機關文件單位代碼":"","電子郵件":"","短期補習班類別":"外語類","地址":"臺東市台東市中正路392巷13號","立案時間":"2004-12-03","各地短期補習班數量":"103"},{"地區縣市":"臺東縣政府","短期補習班名稱":"臺東縣私立艾爾琳美語短期補習班","主管機關文件單位代碼":"","電子郵件":"","短期補習班類別":"外語類","地址":"臺東市洛陽街318號","立案時間":"2013-07-23","各地短期補習班數量":"103"},{"地區縣市":"臺東縣政府","短期補習班名稱":"臺東縣私立小鳳老師學園短期補習班","主管機關文件單位代碼":"","電子郵件":"","短期補習班類別":"文理類","地址":"臺東市長沙街390巷11號","立案時間":"2011-08-27","各地短期補習班數量":"103"},{"地區縣市":"臺東縣政府","短期補習班名稱":"臺東縣私立倫比美語短期補習班開封分校","主管機關文件單位代碼":"","電子郵件":"","短期補習班類別":"外語類","地址":"臺東市開封街652號","立案時間":"2014-01-15","各地短期補習班數量":"103"},{"地區縣市":"臺東縣政府","短期補習班名稱":"臺東縣私立尬數理工文理短期補習班","主管機關文件單位代碼":"","電子郵件":"johansoros@gmail.com","短期補習班類別":"文理類","地址":"臺東市更生路573巷65號","立案時間":"2020-08-12","各地短期補習班數量":"103"},{"地區縣市":"臺東縣政府","短期補習班名稱":"臺東縣私立資優數學短期補習班","主管機關文件單位代碼":"","電子郵件":"","短期補習班類別":"文理類","地址":"臺東市博愛路434巷9號","立案時間":"1990-06-19","各地短期補習班數量":"103"},{"地區縣市":"臺東縣政府","短期補習班名稱":"臺東縣私立今日英語會話短期補習班","主管機關文件單位代碼":"","電子郵件":"","短期補習班類別":"外語類","地址":"臺東市更生路187號","立案時間":"1988-03-09","各地短期補習班數量":"103"}]
