



[{"地區縣市":"宜蘭縣政府","短期補習班名稱":"私立達文西文理短期補習班雪山村分班","主管機關文件單位代碼":"","電子郵件":"dvc039312218@gmail.com","短期補習班類別":"文理類","地址":"宜蘭市泰山路85巷2、6號1樓","立案時間":"2015-08-07","各地短期補習班數量":"297"},{"地區縣市":"宜蘭縣政府","短期補習班名稱":"私立智遠文理短期補習班","主管機關文件單位代碼":"","電子郵件":"bunnyer77@yahoo.com.tw","短期補習班類別":"文理類","地址":"宜蘭市黎明三路430號1-2樓","立案時間":"2010-11-29","各地短期補習班數量":"297"},{"地區縣市":"宜蘭縣政府","短期補習班名稱":"私立欣欣文理短期補習班","主管機關文件單位代碼":"","電子郵件":"li75317531@gmail.com","短期補習班類別":"文理類","地址":"蘇澳鎮中山路一段385號","立案時間":"2010-09-27","各地短期補習班數量":"297"},{"地區縣市":"宜蘭縣政府","短期補習班名稱":"私立向虹珠心算文理短期補習班","主管機關文件單位代碼":"","電子郵件":"jessie515821@gmail.com","短期補習班類別":"文理類","地址":"羅東鎮愛國路238號1-3樓","立案時間":"2004-08-23","各地短期補習班數量":"297"},{"地區縣市":"宜蘭縣政府","短期補習班名稱":"私立明思文理短期補習班","主管機關文件單位代碼":"","電子郵件":"max510808@gmail.com","短期補習班類別":"文理類","地址":"羅東鎮敬業路8之2號1-3樓","立案時間":"2017-09-26","各地短期補習班數量":"297"},{"地區縣市":"宜蘭縣政府","短期補習班名稱":"私立翔揚文理短期補習班","主管機關文件單位代碼":"","電子郵件":"noris168.ou@gmail.com","短期補習班類別":"文理類","地址":"壯圍鄉壯五路145號","立案時間":"2023-11-21","各地短期補習班數量":"297"},{"地區縣市":"宜蘭縣政府","短期補習班名稱":"私立立捷文理短期補習班","主管機關文件單位代碼":"","電子郵件":"kevinweber0427@gmail.com","短期補習班類別":"文理類","地址":"羅東鎮林森路183、185、187號1樓","立案時間":"2005-05-11","各地短期補習班數量":"297"},{"地區縣市":"宜蘭縣政府","短期補習班名稱":"私立大佑文理短期補習班","主管機關文件單位代碼":"","電子郵件":"smlin5468@gmail.com","短期補習班類別":"文理類","地址":"壯圍鄉吉祥村壯五路71號1-3樓","立案時間":"2015-06-29","各地短期補習班數量":"297"},{"地區縣市":"宜蘭縣政府","短期補習班名稱":"私立芯悅寶貝文理短期補習班","主管機關文件單位代碼":"","電子郵件":"jdid3468@gmail.com","短期補習班類別":"文理類","地址":"宜蘭市民族路497號1-2樓","立案時間":"2024-01-03","各地短期補習班數量":"297"},{"地區縣市":"宜蘭縣政府","短期補習班名稱":"私立三元及第文理短期補習班","主管機關文件單位代碼":"","電子郵件":"39master@3dollars.com.tw","短期補習班類別":"文理類","地址":"羅東鎮中正北路38號2樓","立案時間":"2018-11-05","各地短期補習班數量":"297"},{"地區縣市":"宜蘭縣政府","短期補習班名稱":"私立何嘉仁文理短期補習班","主管機關文件單位代碼":"","電子郵件":"hs2135@hess.com.tw","短期補習班類別":"外語類","地址":"宜蘭市女中路三段319號3樓","立案時間":"2003-08-22","各地短期補習班數量":"297"},{"地區縣市":"宜蘭縣政府","短期補習班名稱":"私立金育文理短期補習班","主管機關文件單位代碼":"","電子郵件":"c131491@yahoo.com.tw","短期補習班類別":"文理類","地址":"宜蘭市陽明三路38號1樓","立案時間":"2015-07-15","各地短期補習班數量":"297"},{"地區縣市":"宜蘭縣政府","短期補習班名稱":"私立派克美語學苑短期補習班","主管機關文件單位代碼":"","電子郵件":"","短期補習班類別":"外語類","地址":"頭城鎮復興路72巷11號","立案時間":"2021-11-23","各地短期補習班數量":"297"},{"地區縣市":"宜蘭縣政府","短期補習班名稱":"私立加楓文理短期補習班","主管機關文件單位代碼":"","電子郵件":"260mlec@gmail.com","短期補習班類別":"外語類","地址":"宜蘭市民族路145巷1號2-3樓、民族路143之1號2-3樓","立案時間":"2004-06-18","各地短期補習班數量":"297"},{"地區縣市":"宜蘭縣政府","短期補習班名稱":"私立大地美術短期補習班","主管機關文件單位代碼":"","電子郵件":"jonga6189@yahoo.com.tw","短期補習班類別":"美術、書法、攝影、美工設計、圍棋類","地址":"羅東鎮中華路178之7號1-2樓","立案時間":"1998-12-01","各地短期補習班數量":"297"},{"地區縣市":"宜蘭縣政府","短期補習班名稱":"私立晴天日語學習園地文理短期補習班","主管機關文件單位代碼":"","電子郵件":"","短期補習班類別":"文理類","地址":"宜蘭市農權路3段177號2樓","立案時間":"2016-07-29","各地短期補習班數量":"297"},{"地區縣市":"宜蘭縣政府","短期補習班名稱":"台灣知識庫股份有限公司附設私立大碩洋碩甄戰數位學堂文理短期補習班","主管機關文件單位代碼":"","電子郵件":"tkb9314228@gmail.com","短期補習班類別":"文理類","地址":"宜蘭市民權新路62號2樓","立案時間":"2006-08-31","各地短期補習班數量":"297"},{"地區縣市":"宜蘭縣政府","短期補習班名稱":"財團法人天主教蘭陽青年會附設私立蘭陽文理短期補習班","主管機關文件單位代碼":"","電子郵件":"","短期補習班類別":"文理類","地址":"羅東鎮北成路一段189之1號","立案時間":"2024-02-07","各地短期補習班數量":"297"},{"地區縣市":"宜蘭縣政府","短期補習班名稱":"私立睿智凱瑞語文短期補習班","主管機關文件單位代碼":"","電子郵件":"luodongaces@gmail.com","短期補習班類別":"外語類","地址":"羅東鎮四育路48號2樓","立案時間":"2013-02-18","各地短期補習班數量":"297"},{"地區縣市":"宜蘭縣政府","短期補習班名稱":"私立巨匠電腦語文短期補習班","主管機關文件單位代碼":"","電子郵件":"ie_mailbox@pcschool.com.tw","短期補習班類別":"外語類","地址":"羅東鎮中正路142、144號1-3樓","立案時間":"2008-07-08","各地短期補習班數量":"297"},{"地區縣市":"宜蘭縣政府","短期補習班名稱":"私立倍加文理短期補習班","主管機關文件單位代碼":"","電子郵件":"candywn@gmail.com","短期補習班類別":"文理類","地址":"宜蘭市嵐峰路三段326巷6號1-3樓","立案時間":"2006-02-09","各地短期補習班數量":"297"},{"地區縣市":"宜蘭縣政府","短期補習班名稱":"私立真善美文理短期補習班","主管機關文件單位代碼":"","電子郵件":"abook0828@gmail.com","短期補習班類別":"文理類","地址":"蘇澳鎮中山路1段431號1-2樓","立案時間":"2006-10-25","各地短期補習班數量":"297"},{"地區縣市":"宜蘭縣政府","短期補習班名稱":"私立東學資優文理短期補習班","主管機關文件單位代碼":"","電子郵件":"steake0109@gmail.com","短期補習班類別":"文理類","地址":"宜蘭市民族路338號5樓","立案時間":"1998-12-03","各地短期補習班數量":"297"},{"地區縣市":"宜蘭縣政府","短期補習班名稱":"私立大鳥芝蔴街文理短期補習班","主管機關文件單位代碼":"","電子郵件":"","短期補習班類別":"文理類","地址":"宜蘭市中華路235號1至4樓","立案時間":"1992-12-21","各地短期補習班數量":"297"},{"地區縣市":"宜蘭縣政府","短期補習班名稱":"中國青年救國團宜蘭縣團務指導委員會附設蘭苑電腦語文家政短期補習班","主管機關文件單位代碼":"","電子郵件":"cyc9353411@cyc.tw","短期補習班類別":"文理類","地址":"宜蘭市民權新路102號1-2樓","立案時間":"1996-05-30","各地短期補習班數量":"297"},{"地區縣市":"宜蘭縣政府","短期補習班名稱":"私立中國青年救國團宜蘭縣團務指導委員會附設私立蘭陽家政、舞蹈、語文短期補習班","主管機關文件單位代碼":"","電子郵件":"cyc9510410@cyc.tw","短期補習班類別":"文理類","地址":"羅東鎮維揚路79號1-2樓、79-1號","立案時間":"2003-04-24","各地短期補習班數量":"297"},{"地區縣市":"宜蘭縣政府","短期補習班名稱":"私立好學生文理短期補習班","主管機關文件單位代碼":"","電子郵件":"howlearn1101@gmail.com","短期補習班類別":"文理類","地址":"羅東鎮公正路230號4樓","立案時間":"2019-12-16","各地短期補習班數量":"297"},{"地區縣市":"宜蘭縣政府","短期補習班名稱":"私立宜華土木建築短期補習班","主管機關文件單位代碼":"","電子郵件":"johwa1975@yahoo.com.tw","短期補習班類別":"電機、汽車修護、建築、工藝、製圖類","地址":"宜蘭市弘志路9號1樓","立案時間":"2013-02-27","各地短期補習班數量":"297"},{"地區縣市":"宜蘭縣政府","短期補習班名稱":"私立小荳苗文理短期補習班","主管機關文件單位代碼":"","電子郵件":"","短期補習班類別":"文理類","地址":"冬山鄉照安路45號1-2樓","立案時間":"1999-06-05","各地短期補習班數量":"297"},{"地區縣市":"宜蘭縣政府","短期補習班名稱":"私立聚星文理短期補習班","主管機關文件單位代碼":"","電子郵件":"a0912122836@gmail.com","短期補習班類別":"文理類","地址":"員山鄉同樂村同新路227號1-3樓","立案時間":"2007-12-19","各地短期補習班數量":"297"},{"地區縣市":"宜蘭縣政府","短期補習班名稱":"私立古飛特美術技藝短期補習班","主管機關文件單位代碼":"","電子郵件":"a012222002@gmail.com","短期補習班類別":"美術、書法、攝影、美工設計、圍棋類","地址":"宜蘭市力新路171號","立案時間":"2024-01-08","各地短期補習班數量":"297"},{"地區縣市":"宜蘭縣政府","短期補習班名稱":"私立首向文理短期補習班","主管機關文件單位代碼":"","電子郵件":"mei621006@gmail.com","短期補習班類別":"文理類","地址":"蘇澳鎮大同路109巷7號1-3樓","立案時間":"2015-09-30","各地短期補習班數量":"297"},{"地區縣市":"宜蘭縣政府","短期補習班名稱":"私立新多元文理短期補習班","主管機關文件單位代碼":"","電子郵件":"guo1696@yahoo.com.tw","短期補習班類別":"文理類","地址":"羅東鎮北成路1段86號","立案時間":"2004-08-20","各地短期補習班數量":"297"},{"地區縣市":"宜蘭縣政府","短期補習班名稱":"私立佳音語文短期補習班黎明分班","主管機關文件單位代碼":"","電子郵件":"honkenrique8@gmail.com","短期補習班類別":"外語類","地址":"宜蘭市女中路1段121號1樓、123號2樓","立案時間":"2002-10-07","各地短期補習班數量":"297"},{"地區縣市":"宜蘭縣政府","短期補習班名稱":"私立艾琍文理短期補習班","主管機關文件單位代碼":"","電子郵件":"allyre99@yahoo.com.tw","短期補習班類別":"文理類","地址":"宜蘭市陽明二路73號1-4樓","立案時間":"2012-07-13","各地短期補習班數量":"297"},{"地區縣市":"宜蘭縣政府","短期補習班名稱":"私立文鼎文理短期補習班","主管機關文件單位代碼":"","電子郵件":"","短期補習班類別":"文理類","地址":"宜蘭市女中路三段168號1-3樓","立案時間":"2011-02-14","各地短期補習班數量":"297"},{"地區縣市":"宜蘭縣政府","短期補習班名稱":"私立勤學社音樂英文會話短期補習班","主管機關文件單位代碼":"","電子郵件":"chs668@ms64.hinet.net","短期補習班類別":"外語類","地址":"羅東鎮興東路319號1-2樓321號1-3樓","立案時間":"1995-09-15","各地短期補習班數量":"297"},{"地區縣市":"宜蘭縣政府","短期補習班名稱":"私立勤學社音樂電腦才藝補習班宜蘭分部","主管機關文件單位代碼":"","電子郵件":"chs668@ms64.hinet.net","短期補習班類別":"資訊類","地址":"宜蘭市中山路2段238號2-3樓、宜興路1段5號2-3樓、宜興路1段7、9號1-3樓","立案時間":"2005-05-05","各地短期補習班數量":"297"},{"地區縣市":"宜蘭縣政府","短期補習班名稱":"鼎真文教出版事業有限公司附設私立鼎臻美語文理短期補習班","主管機關文件單位代碼":"","電子郵件":"edgedonna@gmail.com","短期補習班類別":"文理類","地址":"宜蘭市三清路120號1-3樓","立案時間":"2010-07-07","各地短期補習班數量":"297"},{"地區縣市":"宜蘭縣政府","短期補習班名稱":"知識達數位科技有限公司附設宜蘭縣私立高點文理短期補習班","主管機關文件單位代碼":"","電子郵件":"kt22615@gmail.com","短期補習班類別":"文理類","地址":"羅東鎮中正北路77號2樓","立案時間":"2003-12-18","各地短期補習班數量":"297"},{"地區縣市":"宜蘭縣政府","短期補習班名稱":"私立語樂英語短期補習班","主管機關文件單位代碼":"","電子郵件":"","短期補習班類別":"外語類","地址":"宜蘭市宜中路79巷5號1-3樓","立案時間":"2008-07-01","各地短期補習班數量":"297"},{"地區縣市":"宜蘭縣政府","短期補習班名稱":"史麥爾文化事業有限公司附設私立私立麥迪爾美語文理短期補習班","主管機關文件單位代碼":"","電子郵件":"","短期補習班類別":"文理類","地址":"羅東鎮中華路50號2樓","立案時間":"2023-09-20","各地短期補習班數量":"297"},{"地區縣市":"宜蘭縣政府","短期補習班名稱":"私立印象美學才藝短期補習班","主管機關文件單位代碼":"","電子郵件":"amy001120@gmail.com","短期補習班類別":"美術、書法、攝影、美工設計、圍棋類","地址":"冬山鄉冬山路三段301巷80弄49號1樓","立案時間":"2023-08-04","各地短期補習班數量":"297"},{"地區縣市":"宜蘭縣政府","短期補習班名稱":"高途教育科技股份有限公司附設宜蘭縣私立有金文理短期補習班","主管機關文件單位代碼":"","電子郵件":"","短期補習班類別":"文理類","地址":"羅東鎮純精路3段33號1-3樓","立案時間":"2007-01-11","各地短期補習班數量":"297"},{"地區縣市":"宜蘭縣政府","短期補習班名稱":"私立碁遇圍棋教室技藝短期補習班","主管機關文件單位代碼":"","電子郵件":"weitangsgo@gmail.com","短期補習班類別":"美術、書法、攝影、美工設計、圍棋類","地址":"宜蘭市中山路三段316號1樓","立案時間":"2023-09-06","各地短期補習班數量":"297"},{"地區縣市":"宜蘭縣政府","短期補習班名稱":"高途教育科技股份有限公司私立愛兒村文理短期補習班","主管機關文件單位代碼":"","電子郵件":"","短期補習班類別":"文理類","地址":"宜蘭市三清路35號1-2樓、41號1-3樓","立案時間":"1999-05-07","各地短期補習班數量":"297"},{"地區縣市":"宜蘭縣政府","短期補習班名稱":"私立優勢文理短期補習班","主管機關文件單位代碼":"","電子郵件":"","短期補習班類別":"文理類","地址":"礁溪鄉育龍路113號1-3樓","立案時間":"2009-02-25","各地短期補習班數量":"297"},{"地區縣市":"宜蘭縣政府","短期補習班名稱":"私立采藝舞蹈短期補習班","主管機關文件單位代碼":"","電子郵件":"","短期補習班類別":"音樂、舞蹈類","地址":"五結鄉舊街二路126巷5號4-5樓","立案時間":"1983-03-05","各地短期補習班數量":"297"},{"地區縣市":"宜蘭縣政府","短期補習班名稱":"私立樹人音樂教室短期補習班","主管機關文件單位代碼":"","電子郵件":"","短期補習班類別":"音樂、舞蹈類","地址":"羅東鎮樹人路23號","立案時間":"2023-08-24","各地短期補習班數量":"297"},{"地區縣市":"宜蘭縣政府","短期補習班名稱":"財團法人天主教蘭陽青年會附設舞蹈短期補習班","主管機關文件單位代碼":"","電子郵件":"lanyangschool@gmail.com","短期補習班類別":"音樂、舞蹈類","地址":"羅東鎮北成路1段189號1-2樓","立案時間":"2010-06-21","各地短期補習班數量":"297"},{"地區縣市":"宜蘭縣政府","短期補習班名稱":"私立彩云文理短期補習班","主管機關文件單位代碼":"","電子郵件":"","短期補習班類別":"文理類","地址":"冬山鄉香南路226巷8號1-2樓","立案時間":"2005-04-22","各地短期補習班數量":"297"},{"地區縣市":"宜蘭縣政府","短期補習班名稱":"私立光樺文理短期補習班","主管機關文件單位代碼":"","電子郵件":"p3738@ms13.hinet.net","短期補習班類別":"文理類","地址":"羅東鎮維揚路8號2-3樓","立案時間":"2019-11-21","各地短期補習班數量":"297"},{"地區縣市":"宜蘭縣政府","短期補習班名稱":"私立柏拉圖文理短期補習班","主管機關文件單位代碼":"","電子郵件":"","短期補習班類別":"文理類","地址":"羅東鎮中華路178-1號1-4樓","立案時間":"1999-11-02","各地短期補習班數量":"297"},{"地區縣市":"宜蘭縣政府","短期補習班名稱":"私立宇宙泡泡才藝短期補習班","主管機關文件單位代碼":"","電子郵件":"fei0421@gmail.com","短期補習班類別":"美術、書法、攝影、美工設計、圍棋類","地址":"冬山鄉冬山路165號","立案時間":"2021-09-13","各地短期補習班數量":"297"},{"地區縣市":"宜蘭縣政府","短期補習班名稱":"私立微妮文理短期補習班","主管機關文件單位代碼":"","電子郵件":"a387011@yahoo.com.tw","短期補習班類別":"文理類","地址":"羅東鎮文化街78號1樓","立案時間":"2005-08-17","各地短期補習班數量":"297"},{"地區縣市":"宜蘭縣政府","短期補習班名稱":"私立彥宇文理短期補習班","主管機關文件單位代碼":"","電子郵件":"linyenyu1124@gmail.com","短期補習班類別":"文理類","地址":"羅東鎮公正路284巷58-2號1樓","立案時間":"2023-05-03","各地短期補習班數量":"297"},{"地區縣市":"宜蘭縣政府","短期補習班名稱":"私立傑元文理短期補習班","主管機關文件單位代碼":"","電子郵件":"ariel08010412@gmail.com","短期補習班類別":"文理類","地址":"羅東鎮成功街180號1-3樓","立案時間":"2020-04-21","各地短期補習班數量":"297"},{"地區縣市":"宜蘭縣政府","短期補習班名稱":"私立一橋文理才藝短期補習班","主管機關文件單位代碼":"","電子郵件":"9882021@gmail.com","短期補習班類別":"文理類","地址":"礁溪鄉和平路54號1樓","立案時間":"2001-11-28","各地短期補習班數量":"297"},{"地區縣市":"宜蘭縣政府","短期補習班名稱":"私立安啾文理短期補習班","主管機關文件單位代碼":"","電子郵件":"","短期補習班類別":"文理類","地址":"宜蘭市建蘭南路186號2-3樓","立案時間":"2007-07-06","各地短期補習班數量":"297"},{"地區縣市":"宜蘭縣政府","短期補習班名稱":"私立華翰文理短期補習班","主管機關文件單位代碼":"","電子郵件":"a0927583138@gmail.com","短期補習班類別":"文理類","地址":"礁溪鄉和平路80號1-2樓","立案時間":"1999-07-01","各地短期補習班數量":"297"},{"地區縣市":"宜蘭縣政府","短期補習班名稱":"私立加貝爾美語文理短期補習班","主管機關文件單位代碼":"","電子郵件":"nobelafterschool@gmail.com","短期補習班類別":"文理類","地址":"羅東鎮興東南路174之5號1-4樓、2樓之1、3樓之1、4樓之1","立案時間":"2021-07-30","各地短期補習班數量":"297"},{"地區縣市":"宜蘭縣政府","短期補習班名稱":"真善美文化藝術有限公司附設宜蘭縣私立國際地球村文理短期補習班","主管機關文件單位代碼":"","電子郵件":"gvoedu888@gmail.com","短期補習班類別":"外語類","地址":"宜蘭市宜興路1段255號2樓","立案時間":"2009-03-17","各地短期補習班數量":"297"},{"地區縣市":"宜蘭縣政府","短期補習班名稱":"私立傑申文理短期補習班","主管機關文件單位代碼":"","電子郵件":"","短期補習班類別":"文理類","地址":"壯圍鄉中央路2段342號1-3樓","立案時間":"2005-09-21","各地短期補習班數量":"297"},{"地區縣市":"宜蘭縣政府","短期補習班名稱":"私立Candy Land 英倫藝恩文理短期補習班","主管機關文件單位代碼":"","電子郵件":"iamgying@yahoo.com.tw","短期補習班類別":"文理類","地址":"羅東鎮純精路三段32號2樓","立案時間":"2022-11-24","各地短期補習班數量":"297"},{"地區縣市":"宜蘭縣政府","短期補習班名稱":"私立學晟文理短期補習班","主管機關文件單位代碼":"","電子郵件":"","短期補習班類別":"文理類","地址":"蘇澳鎮永榮里和平路60號1-3樓","立案時間":"2016-09-14","各地短期補習班數量":"297"},{"地區縣市":"宜蘭縣政府","短期補習班名稱":"私立立誠文理短期補習班","主管機關文件單位代碼":"","電子郵件":"s10509@hotmail.com","短期補習班類別":"文理類","地址":"羅東鎮民生路127號","立案時間":"2002-09-03","各地短期補習班數量":"297"},{"地區縣市":"宜蘭縣政府","短期補習班名稱":"私立群菁文理短期補習班","主管機關文件單位代碼":"","電子郵件":"","短期補習班類別":"文理類","地址":"頭城鎮開蘭路301號1-3樓","立案時間":"1999-01-26","各地短期補習班數量":"297"},{"地區縣市":"宜蘭縣政府","短期補習班名稱":"私立愛微斯文理短期補習班","主管機關文件單位代碼":"","電子郵件":"","短期補習班類別":"文理類","地址":"宜蘭市民權新路344號、346號1、2、3樓","立案時間":"2015-06-15","各地短期補習班數量":"297"},{"地區縣市":"宜蘭縣政府","短期補習班名稱":"私立磊哥頂尖數學文理短期補習班","主管機關文件單位代碼":"","電子郵件":"","短期補習班類別":"文理類","地址":"宜蘭市文化路13號1-3樓","立案時間":"2009-05-05","各地短期補習班數量":"297"},{"地區縣市":"宜蘭縣政府","短期補習班名稱":"私立冠昇高中文理短期補習班宜蘭分班","主管機關文件單位代碼":"","電子郵件":"gsunmath0301@gmail.com","短期補習班類別":"文理類","地址":"宜蘭市農權路154巷15號2樓","立案時間":"2022-07-06","各地短期補習班數量":"297"},{"地區縣市":"宜蘭縣政府","短期補習班名稱":"亞昕教育股份有限公司附設宜蘭縣私立佳昕文理短期補習班","主管機關文件單位代碼":"","電子郵件":"a0932090400@gmail.com","短期補習班類別":"文理類","地址":"羅東鎮北成路1段282號1-3樓","立案時間":"2006-02-07","各地短期補習班數量":"297"},{"地區縣市":"宜蘭縣政府","短期補習班名稱":"亞昕教育股份有限公司附設宜蘭縣私立亞洲文理短期補習班","主管機關文件單位代碼":"","電子郵件":"luodongace@gmail.com","短期補習班類別":"文理類","地址":"羅東鎮北成路 一段280號1-4樓","立案時間":"2020-08-17","各地短期補習班數量":"297"},{"地區縣市":"宜蘭縣政府","短期補習班名稱":"私立菩提文理短期補習班","主管機關文件單位代碼":"","電子郵件":"pudding00521@gmail.com","短期補習班類別":"文理類","地址":"羅東鎮培英路87號1-3樓","立案時間":"2016-05-10","各地短期補習班數量":"297"},{"地區縣市":"宜蘭縣政府","短期補習班名稱":"私立啟聖文理短期補習班","主管機關文件單位代碼":"","電子郵件":"e0933144200@gmail.com","短期補習班類別":"文理類","地址":"羅東鎮興東南路188號2樓之3","立案時間":"2020-09-01","各地短期補習班數量":"297"},{"地區縣市":"宜蘭縣政府","短期補習班名稱":"私立勤進文理短期補習班","主管機關文件單位代碼":"","電子郵件":"","短期補習班類別":"文理類","地址":"羅東鎮四育路60號1-3樓","立案時間":"2014-07-11","各地短期補習班數量":"297"},{"地區縣市":"宜蘭縣政府","短期補習班名稱":"私立龍之堡英文會話短期補習班","主管機關文件單位代碼":"","電子郵件":"g09116899@yahoo.com.tw","短期補習班類別":"文理類","地址":"羅東鎮中華路74之2號","立案時間":"2003-11-18","各地短期補習班數量":"297"},{"地區縣市":"宜蘭縣政府","短期補習班名稱":"私立博士文理短期補習班","主管機關文件單位代碼":"","電子郵件":"b97140097@gmail.com","短期補習班類別":"文理類","地址":"員山鄉文化路146號1-2樓","立案時間":"2013-10-18","各地短期補習班數量":"297"},{"地區縣市":"宜蘭縣政府","短期補習班名稱":"私立想想學坊文理短期補習班","主管機關文件單位代碼":"","電子郵件":"meei.su@gmail.com","短期補習班類別":"文理類","地址":"五結鄉中興路三段80號","立案時間":"2003-11-11","各地短期補習班數量":"297"},{"地區縣市":"宜蘭縣政府","短期補習班名稱":"私立卓越文理短期補習班羅東分班","主管機關文件單位代碼":"","電子郵件":"","短期補習班類別":"文理類","地址":"羅東鎮中華路172號1-3樓","立案時間":"2013-11-18","各地短期補習班數量":"297"},{"地區縣市":"宜蘭縣政府","短期補習班名稱":"私立羅東高格文理短期補習班","主管機關文件單位代碼":"","電子郵件":"","短期補習班類別":"文理類","地址":"羅東鎮中華路178之5號1-3樓","立案時間":"2005-01-26","各地短期補習班數量":"297"},{"地區縣市":"宜蘭縣政府","短期補習班名稱":"私立揚輝資優數學文理短期補習班","主管機關文件單位代碼":"","電子郵件":"yanghueimathematics@gmail.com","短期補習班類別":"文理類","地址":"宜蘭市民族路382號1樓","立案時間":"2021-11-10","各地短期補習班數量":"297"},{"地區縣市":"宜蘭縣政府","短期補習班名稱":"私立康軒文理短期補習班","主管機關文件單位代碼":"","電子郵件":"kansan66@gmail.com","短期補習班類別":"文理類","地址":"冬山鄉香南路366號1-3樓","立案時間":"2014-10-08","各地短期補習班數量":"297"},{"地區縣市":"宜蘭縣政府","短期補習班名稱":"私立梵谷畫室短期補習班","主管機關文件單位代碼":"","電子郵件":"jingru899@gmail.com","短期補習班類別":"美術、書法、攝影、美工設計、圍棋類","地址":"羅東鎮南宜二路6號1-3樓","立案時間":"2001-07-05","各地短期補習班數量":"297"},{"地區縣市":"宜蘭縣政府","短期補習班名稱":"私立英革蘭囍鵲文理短期補習班","主管機關文件單位代碼":"","電子郵件":"englishmagpies@gmail.com","短期補習班類別":"文理類","地址":"宜蘭市民權路二段260號1樓","立案時間":"2017-08-03","各地短期補習班數量":"297"},{"地區縣市":"宜蘭縣政府","短期補習班名稱":"私立黃主任文理短期補習班","主管機關文件單位代碼":"","電子郵件":"mbs171@gmail.com","短期補習班類別":"文理類","地址":"宜蘭市宜中路51號1-3樓","立案時間":"2005-07-14","各地短期補習班數量":"297"},{"地區縣市":"宜蘭縣政府","短期補習班名稱":"私立維新文理短期補習班","主管機關文件單位代碼":"","電子郵件":"a0917246240@gmail.com","短期補習班類別":"文理類","地址":"礁溪鄉吳沙村育英路124號1-2樓、126號1-2樓","立案時間":"1996-04-10","各地短期補習班數量":"297"},{"地區縣市":"宜蘭縣政府","短期補習班名稱":"私立禾名文理短期補習班","主管機關文件單位代碼":"","電子郵件":"","短期補習班類別":"文理類","地址":"羅東鎮中華路178-8號1-4樓","立案時間":"2003-02-17","各地短期補習班數量":"297"},{"地區縣市":"宜蘭縣政府","短期補習班名稱":"私立成功文理短期補習班","主管機關文件單位代碼":"","電子郵件":"stlin88@hotmail.com","短期補習班類別":"文理類","地址":"羅東鎮興東南路133、135號2樓","立案時間":"2006-10-03","各地短期補習班數量":"297"},{"地區縣市":"宜蘭縣政府","短期補習班名稱":"私立育可佳文理短期補習班","主管機關文件單位代碼":"","電子郵件":"panbybaby@yahoo.com.tw","短期補習班類別":"文理類","地址":"五結鄉台興路61巷12號1-3樓","立案時間":"2006-05-09","各地短期補習班數量":"297"},{"地區縣市":"宜蘭縣政府","短期補習班名稱":"私立恒譽文理短期補習班","主管機關文件單位代碼":"","電子郵件":"classroom080808@gmail.com","短期補習班類別":"文理類","地址":"羅東鎮中山路4段111號1-3樓","立案時間":"2005-04-07","各地短期補習班數量":"297"},{"地區縣市":"宜蘭縣政府","短期補習班名稱":"真善美文化藝術有限公司羅東分公司附設私立地球村語文短期補習班","主管機關文件單位代碼":"","電子郵件":"gvoedu888@gmail.com","短期補習班類別":"外語類","地址":"羅東鎮中正路169號1-3樓","立案時間":"2012-06-29","各地短期補習班數量":"297"},{"地區縣市":"宜蘭縣政府","短期補習班名稱":"智基科技開發股份有限公司附設私立志光法商短期補習班羅東分班","主管機關文件單位代碼":"","電子郵件":"l9548995@gmail.com","短期補習班類別":"法政類","地址":"羅東鎮大同路27號1-3樓","立案時間":"2003-03-17","各地短期補習班數量":"297"},{"地區縣市":"宜蘭縣政府","短期補習班名稱":"私立永明數學短期補習班","主管機關文件單位代碼":"","電子郵件":"chenatro@gmail.com","短期補習班類別":"文理類","地址":"羅東鎮中華路45號3樓","立案時間":"2020-02-19","各地短期補習班數量":"297"},{"地區縣市":"宜蘭縣政府","短期補習班名稱":"私立羅東格林文理.技藝短期補習班","主管機關文件單位代碼":"","電子郵件":"","短期補習班類別":"文理類","地址":"羅東鎮開羅街32號1-2樓","立案時間":"2009-06-29","各地短期補習班數量":"297"},{"地區縣市":"宜蘭縣政府","短期補習班名稱":"私立全能文理短期補習班","主管機關文件單位代碼":"","電子郵件":"g337918@gmail.com","短期補習班類別":"文理類","地址":"宜蘭市民權新路334號1-3樓","立案時間":"2014-08-08","各地短期補習班數量":"297"},{"地區縣市":"宜蘭縣政府","短期補習班名稱":"私立全人文理短期補習班","主管機關文件單位代碼":"","電子郵件":"","短期補習班類別":"文理類","地址":"羅東鎮北成路一段170號1-3樓","立案時間":"2011-08-22","各地短期補習班數量":"297"},{"地區縣市":"宜蘭縣政府","短期補習班名稱":"私立資優珠心算短期補習班","主管機關文件單位代碼":"","電子郵件":"","短期補習班類別":"商類：珠算、心算、會計","地址":"羅東鎮敬業路36號1樓","立案時間":"2006-04-21","各地短期補習班數量":"297"},{"地區縣市":"宜蘭縣政府","短期補習班名稱":"私立高格文理短期補習班東光分班","主管機關文件單位代碼":"","電子郵件":"","短期補習班類別":"文理類","地址":"羅東鎮興東南路140號1-3樓","立案時間":"2007-04-09","各地短期補習班數量":"297"},{"地區縣市":"宜蘭縣政府","短期補習班名稱":"私立小星星文理短期補習班","主管機關文件單位代碼":"","電子郵件":"","短期補習班類別":"文理類","地址":"羅東鎮民生路129號1-3樓","立案時間":"2014-10-20","各地短期補習班數量":"297"},{"地區縣市":"宜蘭縣政府","短期補習班名稱":"私立羅東東學文理短期補習班","主管機關文件單位代碼":"","電子郵件":"","短期補習班類別":"文理類","地址":"羅東鎮公正路230號2樓及6樓","立案時間":"2010-07-19","各地短期補習班數量":"297"},{"地區縣市":"宜蘭縣政府","短期補習班名稱":"私立李爵英文文理短期補習班羅東分班","主管機關文件單位代碼":"","電子郵件":"lijue.lotung@gmail.com","短期補習班類別":"文理類","地址":"羅東鎮純精路三段252巷2號1-2樓","立案時間":"2017-07-07","各地短期補習班數量":"297"},{"地區縣市":"宜蘭縣政府","短期補習班名稱":"私立向予書苑文理短期補習班","主管機關文件單位代碼":"","電子郵件":"","短期補習班類別":"文理類","地址":"宜蘭市縣政一街5號1樓","立案時間":"2022-06-14","各地短期補習班數量":"297"},{"地區縣市":"宜蘭縣政府","短期補習班名稱":"私立喬立文理短期補習班","主管機關文件單位代碼":"","電子郵件":"","短期補習班類別":"文理類","地址":"羅東鎮光武街55號1樓","立案時間":"2021-12-08","各地短期補習班數量":"297"},{"地區縣市":"宜蘭縣政府","短期補習班名稱":"私立世界地球公民文理短期補習班","主管機關文件單位代碼":"","電子郵件":"evahu1689@gmail.com","短期補習班類別":"文理類","地址":"羅東鎮敬業路33號1-2樓","立案時間":"2002-07-18","各地短期補習班數量":"297"},{"地區縣市":"宜蘭縣政府","短期補習班名稱":"私立標竿文理短期補習班","主管機關文件單位代碼":"","電子郵件":"","短期補習班類別":"文理類","地址":"宜蘭市新興路175號l-2樓","立案時間":"1997-09-22","各地短期補習班數量":"297"},{"地區縣市":"宜蘭縣政府","短期補習班名稱":"私立周老師文理短期補習班","主管機關文件單位代碼":"","電子郵件":"","短期補習班類別":"文理類","地址":"五結鄉大吉五路62巷11、31號1-2樓","立案時間":"2010-11-26","各地短期補習班數量":"297"},{"地區縣市":"宜蘭縣政府","短期補習班名稱":"私立吉立安文理短期補習班","主管機關文件單位代碼":"","電子郵件":"mamadadyloveyou27@gmail.com","短期補習班類別":"文理類","地址":"宜蘭市東港路二段263號1樓","立案時間":"2022-08-30","各地短期補習班數量":"297"},{"地區縣市":"宜蘭縣政府","短期補習班名稱":"私立合映生活藝術技藝短期補習班","主管機關文件單位代碼":"","電子郵件":"","短期補習班類別":"其他類","地址":"宜蘭市文化路50號1-2樓","立案時間":"2019-08-14","各地短期補習班數量":"297"},{"地區縣市":"宜蘭縣政府","短期補習班名稱":"私立美地文理短期補習班","主管機關文件單位代碼":"","電子郵件":"","短期補習班類別":"文理類","地址":"五結鄉成興村成鳳路188巷34號1-2樓","立案時間":"2012-04-24","各地短期補習班數量":"297"},{"地區縣市":"宜蘭縣政府","短期補習班名稱":"私立K\u0026amp;amp;B舞蹈世界短期補習班","主管機關文件單位代碼":"","電子郵件":"","短期補習班類別":"音樂、舞蹈類","地址":"宜蘭市女中路3段64、102號8樓","立案時間":"2005-03-18","各地短期補習班數量":"297"},{"地區縣市":"宜蘭縣政府","短期補習班名稱":"私立勤易文理短期補習班","主管機關文件單位代碼":"","電子郵件":"","短期補習班類別":"文理類","地址":"宜蘭市中興路310號1樓","立案時間":"2010-07-29","各地短期補習班數量":"297"},{"地區縣市":"宜蘭縣政府","短期補習班名稱":"私立佳音語文短期補習班","主管機關文件單位代碼":"","電子郵件":"","短期補習班類別":"外語類","地址":"宜蘭市宜中路47號1-3樓","立案時間":"1998-09-15","各地短期補習班數量":"297"},{"地區縣市":"宜蘭縣政府","短期補習班名稱":"私立文莘文理短期補習班","主管機關文件單位代碼":"","電子郵件":"","短期補習班類別":"文理類","地址":"礁溪鄉和平路30號1-2樓","立案時間":"2009-10-23","各地短期補習班數量":"297"},{"地區縣市":"宜蘭縣政府","短期補習班名稱":"私立達文西文理短期補習班","主管機關文件單位代碼":"","電子郵件":"","短期補習班類別":"文理類","地址":"宜蘭市泰山路209號1-4樓","立案時間":"2012-02-06","各地短期補習班數量":"297"},{"地區縣市":"宜蘭縣政府","短期補習班名稱":"私立嘉文文理短期補習班","主管機關文件單位代碼":"","電子郵件":"kenlowina@gmail.com","短期補習班類別":"文理類","地址":"宜蘭市大坡路一段47號1-2樓","立案時間":"2022-07-22","各地短期補習班數量":"297"},{"地區縣市":"宜蘭縣政府","短期補習班名稱":"私立探索語言文理短期補習班","主管機關文件單位代碼":"","電子郵件":"nickkent5@hotmail.com","短期補習班類別":"文理類","地址":"宜蘭市文化路36號1-2樓","立案時間":"2015-10-23","各地短期補習班數量":"297"},{"地區縣市":"宜蘭縣政府","短期補習班名稱":"私立卓越文理短期補習班","主管機關文件單位代碼":"","電子郵件":"","短期補習班類別":"文理類","地址":"羅東鎮四育路91號1-3樓","立案時間":"2011-07-15","各地短期補習班數量":"297"},{"地區縣市":"宜蘭縣政府","短期補習班名稱":"私立大聖技藝文理短期補習班","主管機關文件單位代碼":"","電子郵件":"","短期補習班類別":"商類：珠算、心算、會計","地址":"礁溪鄉和平路91號1樓","立案時間":"1999-03-18","各地短期補習班數量":"297"},{"地區縣市":"宜蘭縣政府","短期補習班名稱":"私立鍾老師專業作文文理短期補習班","主管機關文件單位代碼":"","電子郵件":"tina_chaug@yahoo.com","短期補習班類別":"文理類","地址":"羅東鎮四育路131號1-2樓","立案時間":"2010-06-08","各地短期補習班數量":"297"},{"地區縣市":"宜蘭縣政府","短期補習班名稱":"私立高格文理短期補習班","主管機關文件單位代碼":"","電子郵件":"","短期補習班類別":"文理類","地址":"羅東鎮培英路28號1-3樓","立案時間":"2007-12-24","各地短期補習班數量":"297"},{"地區縣市":"宜蘭縣政府","短期補習班名稱":"私立學一文理短期補習班","主管機關文件單位代碼":"","電子郵件":"yuhua9297@gmail.com","短期補習班類別":"文理類","地址":"羅東鎮樹人路46號1樓、2樓之6","立案時間":"2005-08-30","各地短期補習班數量":"297"},{"地區縣市":"宜蘭縣政府","短期補習班名稱":"私立菁英文理短期補習班","主管機關文件單位代碼":"","電子郵件":"","短期補習班類別":"文理類","地址":"宜蘭市民權新路453號1-2樓","立案時間":"2014-03-24","各地短期補習班數量":"297"},{"地區縣市":"宜蘭縣政府","短期補習班名稱":"私立奇妙文理短期補習班","主管機關文件單位代碼":"","電子郵件":"","短期補習班類別":"文理類","地址":"五結鄉台興路53號1-2樓","立案時間":"2006-03-29","各地短期補習班數量":"297"},{"地區縣市":"宜蘭縣政府","短期補習班名稱":"私立立文文理短期補習班","主管機關文件單位代碼":"","電子郵件":"","短期補習班類別":"文理類","地址":"蘇澳鎮和平路119、121號1-3樓","立案時間":"2003-12-16","各地短期補習班數量":"297"},{"地區縣市":"宜蘭縣政府","短期補習班名稱":"得勝者文教股份有限公司附屬宜蘭縣私立得勝者文教文理短期補習班","主管機關文件單位代碼":"","電子郵件":"yilanvictors@gmail.com","短期補習班類別":"文理類","地址":"宜蘭市女中路二段307號1樓及3樓","立案時間":"2017-09-08","各地短期補習班數量":"297"},{"地區縣市":"宜蘭縣政府","短期補習班名稱":"私立致悅文理短期補習班","主管機關文件單位代碼":"","電子郵件":"","短期補習班類別":"文理類","地址":"羅東鎮公正路346號2樓","立案時間":"2013-01-11","各地短期補習班數量":"297"},{"地區縣市":"宜蘭縣政府","短期補習班名稱":"私立小日光合創藝短期補習班","主管機關文件單位代碼":"","電子郵件":"","短期補習班類別":"美術、書法、攝影、美工設計、圍棋類","地址":"宜蘭市神農路二段57巷18號1樓","立案時間":"2022-03-01","各地短期補習班數量":"297"},{"地區縣市":"宜蘭縣政府","短期補習班名稱":"私立海藝舞蹈短期補習班","主管機關文件單位代碼":"","電子郵件":"haiyi.art@gmail.com","短期補習班類別":"音樂、舞蹈類","地址":"宜蘭市民族路338號6樓","立案時間":"2022-04-22","各地短期補習班數量":"297"},{"地區縣市":"宜蘭縣政府","短期補習班名稱":"私立奇朵.巴布熊潛能美術短期補習班","主管機關文件單位代碼":"","電子郵件":"","短期補習班類別":"美術、書法、攝影、美工設計、圍棋類","地址":"羅東鎮公正路342號2樓","立案時間":"2011-02-14","各地短期補習班數量":"297"},{"地區縣市":"宜蘭縣政府","短期補習班名稱":"智基科技開發股份有限公司附設私立宜蘭志光法商短期補習班","主管機關文件單位代碼":"","電子郵件":"ilan9367118@gmail.com","短期補習班類別":"文理類","地址":"宜蘭市中山路三段220號1-4樓","立案時間":"2010-12-13","各地短期補習班數量":"297"},{"地區縣市":"宜蘭縣政府","短期補習班名稱":"私立興儒文理短期補習班","主管機關文件單位代碼":"","電子郵件":"","短期補習班類別":"文理類","地址":"礁溪鄉義興街20號1-2樓","立案時間":"2006-08-03","各地短期補習班數量":"297"},{"地區縣市":"宜蘭縣政府","短期補習班名稱":"私立汎米亞文理短期補習班","主管機關文件單位代碼":"","電子郵件":"smiles8866@gmail.com","短期補習班類別":"文理類","地址":"宜蘭市神農路二段70-2號2樓","立案時間":"2016-02-18","各地短期補習班數量":"297"},{"地區縣市":"宜蘭縣政府","短期補習班名稱":"私立長勝珠心算文理短期補習班","主管機關文件單位代碼":"","電子郵件":"","短期補習班類別":"文理類","地址":"五結鄉舊街二路59巷46號1-4樓","立案時間":"2006-07-05","各地短期補習班數量":"297"},{"地區縣市":"宜蘭縣政府","短期補習班名稱":"私立快樂地文理短期補習班","主管機關文件單位代碼":"","電子郵件":"","短期補習班類別":"文理類","地址":"羅東鎮站前南路151號3樓","立案時間":"2014-10-08","各地短期補習班數量":"297"},{"地區縣市":"宜蘭縣政府","短期補習班名稱":"私立上將文理短期補習班","主管機關文件單位代碼":"","電子郵件":"","短期補習班類別":"文理類","地址":"三星鄉義德二路70號1-3樓","立案時間":"2010-08-26","各地短期補習班數量":"297"},{"地區縣市":"宜蘭縣政府","短期補習班名稱":"私立立傑文理短期補習班","主管機關文件單位代碼":"","電子郵件":"rstlsdls@yahoo.com.tw","短期補習班類別":"文理類","地址":"羅東鎮豐年路31號1-2樓","立案時間":"2012-09-03","各地短期補習班數量":"297"},{"地區縣市":"宜蘭縣政府","短期補習班名稱":"私立張老師文理短期補習班","主管機關文件單位代碼":"","電子郵件":"","短期補習班類別":"文理類","地址":"蘇澳鎮大同路52號1-2樓","立案時間":"1999-07-08","各地短期補習班數量":"297"},{"地區縣市":"宜蘭縣政府","短期補習班名稱":"私立新頭腦文理短期補習班","主管機關文件單位代碼":"","電子郵件":"goddess0912@gmail.com","短期補習班類別":"文理類","地址":"羅東鎮體育路41巷1弄1號2樓","立案時間":"2019-06-06","各地短期補習班數量":"297"},{"地區縣市":"宜蘭縣政府","短期補習班名稱":"私立陳韻如美食烹飪短期補習班","主管機關文件單位代碼":"","電子郵件":"","短期補習班類別":"家政、插花、烹飪類","地址":"宜蘭市中興路332號1樓","立案時間":"2002-03-26","各地短期補習班數量":"297"},{"地區縣市":"宜蘭縣政府","短期補習班名稱":"私立大元文理短期補習班","主管機關文件單位代碼":"","電子郵件":"Showyih@yahoo.com.tw","短期補習班類別":"文理類","地址":"宜蘭市陽明三路35號1-4樓","立案時間":"2016-04-12","各地短期補習班數量":"297"},{"地區縣市":"宜蘭縣政府","短期補習班名稱":"私立書田文理短期補習班","主管機關文件單位代碼":"","電子郵件":"c123s909265@gmail.com","短期補習班類別":"文理類","地址":"頭城鎮青雲路二段341號2樓","立案時間":"2010-09-15","各地短期補習班數量":"297"},{"地區縣市":"宜蘭縣政府","短期補習班名稱":"私立領袖菁英文理短期補習班","主管機關文件單位代碼":"","電子郵件":"ivana_lin430@yahoo.com.tw","短期補習班類別":"文理類","地址":"蘇澳鎮蘇港路387號1-2樓","立案時間":"2015-09-30","各地短期補習班數量":"297"},{"地區縣市":"宜蘭縣政府","短期補習班名稱":"私立圓音符音樂美語中心短期補習班","主管機關文件單位代碼":"","電子郵件":"keykey6423@gmail.com","短期補習班類別":"外語類","地址":"宜蘭市復興路一段16號1-3樓","立案時間":"2001-12-11","各地短期補習班數量":"297"},{"地區縣市":"宜蘭縣政府","短期補習班名稱":"私立輕舞飛揚舞蹈技藝短期補習班","主管機關文件單位代碼":"","電子郵件":"","短期補習班類別":"音樂、舞蹈類","地址":"宜蘭市民族路491號2樓","立案時間":"2016-02-16","各地短期補習班數量":"297"},{"地區縣市":"宜蘭縣政府","短期補習班名稱":"私立蜜蘋果文理短期補習班","主管機關文件單位代碼":"","電子郵件":"","短期補習班類別":"文理類","地址":"冬山鄉香南路378號1-2樓","立案時間":"2006-07-20","各地短期補習班數量":"297"},{"地區縣市":"宜蘭縣政府","短期補習班名稱":"私立愛因斯坦文理短期補習班","主管機關文件單位代碼":"","電子郵件":"dvc039312218@gmail.com","短期補習班類別":"文理類","地址":"宜蘭市國榮路167號1樓","立案時間":"2014-08-07","各地短期補習班數量":"297"},{"地區縣市":"宜蘭縣政府","短期補習班名稱":"私立超強文理短期補習班","主管機關文件單位代碼":"","電子郵件":"","短期補習班類別":"文理類","地址":"羅東鎮愛國路250號1~2樓","立案時間":"2004-10-29","各地短期補習班數量":"297"},{"地區縣市":"宜蘭縣政府","短期補習班名稱":"私立百創科學文理短期補習班","主管機關文件單位代碼":"","電子郵件":"lai630630@gmail.com","短期補習班類別":"文理類","地址":"羅東鎮純精路二段103號1-2樓","立案時間":"2019-11-18","各地短期補習班數量":"297"},{"地區縣市":"宜蘭縣政府","短期補習班名稱":"私立芝蔴街文理短期補習班","主管機關文件單位代碼":"","電子郵件":"","短期補習班類別":"外語類","地址":"羅東鎮中華路182之5號1-4樓","立案時間":"2001-03-14","各地短期補習班數量":"297"},{"地區縣市":"宜蘭縣政府","短期補習班名稱":"私立玟軒文理短期補習班","主管機關文件單位代碼":"","電子郵件":"","短期補習班類別":"文理類","地址":"三星鄉星德一路75號1-2樓","立案時間":"2001-09-19","各地短期補習班數量":"297"},{"地區縣市":"宜蘭縣政府","短期補習班名稱":"私立達仁文理短期補習班","主管機關文件單位代碼":"","電子郵件":"cvcbture@hotmail.com","短期補習班類別":"文理類","地址":"宜蘭市民族路407號1-2樓","立案時間":"2016-02-02","各地短期補習班數量":"297"},{"地區縣市":"宜蘭縣政府","短期補習班名稱":"正聿文化有限公司附設私立正聿文理短期補習班","主管機關文件單位代碼":"","電子郵件":"","短期補習班類別":"文理類","地址":"宜蘭市國榮路153號1樓","立案時間":"2018-08-09","各地短期補習班數量":"297"},{"地區縣市":"宜蘭縣政府","短期補習班名稱":"私立極限文理短期補習班","主管機關文件單位代碼":"","電子郵件":"","短期補習班類別":"文理類","地址":"羅東鎮四育路79號4樓","立案時間":"2015-09-14","各地短期補習班數量":"297"},{"地區縣市":"宜蘭縣政府","短期補習班名稱":"私立家禾音樂文理短期補習班","主管機關文件單位代碼":"","電子郵件":"jiaher2016@yahoo.com","短期補習班類別":"文理類","地址":"蘇澳鎮仁愛路161號1-2樓","立案時間":"1995-07-03","各地短期補習班數量":"297"},{"地區縣市":"宜蘭縣政府","短期補習班名稱":"私立林阿銀文理短期補習班","主管機關文件單位代碼":"","電子郵件":"","短期補習班類別":"文理類","地址":"礁溪鄉義興街42號1-3樓","立案時間":"2008-02-27","各地短期補習班數量":"297"},{"地區縣市":"宜蘭縣政府","短期補習班名稱":"私立輕舞飛揚舞蹈技藝短期補習班羅東分班","主管機關文件單位代碼":"","電子郵件":"","短期補習班類別":"音樂、舞蹈類","地址":"羅東鎮中正北路77號5樓","立案時間":"2018-12-03","各地短期補習班數量":"297"},{"地區縣市":"宜蘭縣政府","短期補習班名稱":"私立陳揚英文文理短期補習班","主管機關文件單位代碼":"","電子郵件":"clinton0708@yahoo.com.tw","短期補習班類別":"文理類","地址":"宜蘭市康樂路39號1樓","立案時間":"2021-10-05","各地短期補習班數量":"297"},{"地區縣市":"宜蘭縣政府","短期補習班名稱":"私立遇見愛技藝短期補習班","主管機關文件單位代碼":"","電子郵件":"","短期補習班類別":"其他類","地址":"宜蘭市民族路590號1-2樓","立案時間":"2020-01-17","各地短期補習班數量":"297"},{"地區縣市":"宜蘭縣政府","短期補習班名稱":"私立寶貝熊語文短期補習班","主管機關文件單位代碼":"","電子郵件":"","短期補習班類別":"外語類","地址":"宜蘭市民權新路252、254、256、258號1-2樓","立案時間":"2004-09-10","各地短期補習班數量":"297"},{"地區縣市":"宜蘭縣政府","短期補習班名稱":"私立學勝美語文理短期補習班","主管機關文件單位代碼":"","電子郵件":"","短期補習班類別":"文理類","地址":"蘇澳鎮中山路1段343號1樓","立案時間":"2014-01-14","各地短期補習班數量":"297"},{"地區縣市":"宜蘭縣政府","短期補習班名稱":"私立春天音樂技藝短期補習班","主管機關文件單位代碼":"","電子郵件":"","短期補習班類別":"音樂、舞蹈類","地址":"冬山鄉照安路33巷42號1-2樓","立案時間":"2021-02-23","各地短期補習班數量":"297"},{"地區縣市":"宜蘭縣政府","短期補習班名稱":"私立書帆文理短期補習班","主管機關文件單位代碼":"","電子郵件":"","短期補習班類別":"文理類","地址":"宜蘭市宜中路73號1-3樓","立案時間":"2016-10-28","各地短期補習班數量":"297"},{"地區縣市":"宜蘭縣政府","短期補習班名稱":"私立李爵英文文理短期補習班","主管機關文件單位代碼":"","電子郵件":"","短期補習班類別":"文理類","地址":"宜蘭市中山路2段56號1-2樓","立案時間":"2015-05-07","各地短期補習班數量":"297"},{"地區縣市":"宜蘭縣政府","短期補習班名稱":"私立澳斯汀美語短期補習班","主管機關文件單位代碼":"","電子郵件":"","短期補習班類別":"文理類","地址":"羅東鎮忠孝路149號1-4樓","立案時間":"2012-11-01","各地短期補習班數量":"297"},{"地區縣市":"宜蘭縣政府","短期補習班名稱":"私立許老師文理短期補習班","主管機關文件單位代碼":"","電子郵件":"a0935326731@gmail.com","短期補習班類別":"文理類","地址":"宜蘭市農權路154巷15號3樓","立案時間":"2014-03-31","各地短期補習班數量":"297"},{"地區縣市":"宜蘭縣政府","短期補習班名稱":"私立尤揚文理短期補習班","主管機關文件單位代碼":"","電子郵件":"a0935326731@gmail.com","短期補習班類別":"文理類","地址":"宜蘭市黎明三路446號1-3樓","立案時間":"2015-06-03","各地短期補習班數量":"297"},{"地區縣市":"宜蘭縣政府","短期補習班名稱":"私立正賦文理短期補習班","主管機關文件單位代碼":"","電子郵件":"juangewei@yahoo.com.tw","短期補習班類別":"文理類","地址":"羅東鎮純精路2段262號1-2樓","立案時間":"2010-07-26","各地短期補習班數量":"297"},{"地區縣市":"宜蘭縣政府","短期補習班名稱":"私立立學文理短期補習班","主管機關文件單位代碼":"","電子郵件":"","短期補習班類別":"文理類","地址":"羅東鎮愛國路239號1-3樓","立案時間":"2011-01-28","各地短期補習班數量":"297"},{"地區縣市":"宜蘭縣政府","短期補習班名稱":"冠宜文理短期補習班公正分班","主管機關文件單位代碼":"","電子郵件":"kid9559030@gmail.com","短期補習班類別":"文理類","地址":"羅東鎮忠孝路155號1-4樓","立案時間":"2017-06-23","各地短期補習班數量":"297"},{"地區縣市":"宜蘭縣政府","短期補習班名稱":"私立冠宜文理短期補習班","主管機關文件單位代碼":"","電子郵件":"kid9559030@gmail.com","短期補習班類別":"文理類","地址":"羅東鎮中正南路84、86號1-2樓","立案時間":"1998-06-04","各地短期補習班數量":"297"},{"地區縣市":"宜蘭縣政府","短期補習班名稱":"私立格林文理短期補習班","主管機關文件單位代碼":"","電子郵件":"grimm9562185@yahoo.com.tw","短期補習班類別":"文理類","地址":"羅東鎮忠孝路147號1-3樓","立案時間":"1999-05-07","各地短期補習班數量":"297"},{"地區縣市":"宜蘭縣政府","短期補習班名稱":"私立登竹文理短期補習班","主管機關文件單位代碼":"","電子郵件":"yangtengchun@gmail.com","短期補習班類別":"文理類","地址":"頭城鎮南興街21號1-2號","立案時間":"2012-06-13","各地短期補習班數量":"297"},{"地區縣市":"宜蘭縣政府","短期補習班名稱":"私立小太陽文理短期補習班","主管機關文件單位代碼":"","電子郵件":"sun.s0518@gmail.com","短期補習班類別":"文理類","地址":"宜蘭市民權路2段106號1-3樓","立案時間":"2003-10-30","各地短期補習班數量":"297"},{"地區縣市":"宜蘭縣政府","短期補習班名稱":"私立VIVIAN英語教室文理短期補習班","主管機關文件單位代碼":"","電子郵件":"vivian552414@gmail.com","短期補習班類別":"外語類","地址":"羅東鎮樹人路22號1樓","立案時間":"1999-07-20","各地短期補習班數量":"297"},{"地區縣市":"宜蘭縣政府","短期補習班名稱":"私立薇琪文理短期補習班","主管機關文件單位代碼":"","電子郵件":"changyuanwen@yahoo.com.tw","短期補習班類別":"文理類","地址":"宜蘭市嵐峰路三段300巷3號1-2樓","立案時間":"2012-06-21","各地短期補習班數量":"297"},{"地區縣市":"宜蘭縣政府","短期補習班名稱":"私立聯成電腦語文短期補習班","主管機關文件單位代碼":"","電子郵件":"","短期補習班類別":"資訊類","地址":"羅東鎮中正北路1號1-4樓","立案時間":"2011-10-27","各地短期補習班數量":"297"},{"地區縣市":"宜蘭縣政府","短期補習班名稱":"私立家恩美語短期補習班","主管機關文件單位代碼":"","電子郵件":"","短期補習班類別":"外語類","地址":"五結鄉協同街1巷5號1-2樓","立案時間":"2006-08-02","各地短期補習班數量":"297"},{"地區縣市":"宜蘭縣政府","短期補習班名稱":"私立全腦文理短期補習班","主管機關文件單位代碼":"","電子郵件":"","短期補習班類別":"文理類","地址":"羅東鎮培英路61巷2號1樓","立案時間":"2008-04-17","各地短期補習班數量":"297"},{"地區縣市":"宜蘭縣政府","短期補習班名稱":"私立員源圈文理短期補習班","主管機關文件單位代碼":"","電子郵件":"junolia@gmail.com","短期補習班類別":"文理類","地址":"員山鄉復興路50號1-3樓","立案時間":"2006-09-04","各地短期補習班數量":"297"},{"地區縣市":"宜蘭縣政府","短期補習班名稱":"私立永冠文理短期補習班","主管機關文件單位代碼":"","電子郵件":"a0933771243@gmail.com","短期補習班類別":"文理類","地址":"宜蘭市農權路3段15號1-3樓","立案時間":"2002-01-07","各地短期補習班數量":"297"},{"地區縣市":"宜蘭縣政府","短期補習班名稱":"私立新球美語短期補習班","主管機關文件單位代碼":"","電子郵件":"","短期補習班類別":"外語類","地址":"三星鄉義德二路116號1樓","立案時間":"2008-08-08","各地短期補習班數量":"297"},{"地區縣市":"宜蘭縣政府","短期補習班名稱":"私立德明文理短期補習班","主管機關文件單位代碼":"","電子郵件":"","短期補習班類別":"文理類","地址":"宜蘭市女中路三段186號2-3樓","立案時間":"2019-11-15","各地短期補習班數量":"297"},{"地區縣市":"宜蘭縣政府","短期補習班名稱":"私立約書亞文理短期補習班","主管機關文件單位代碼":"","電子郵件":"monicaloven@gmail.com","短期補習班類別":"文理類","地址":"宜蘭市東港路二段180號1-3樓","立案時間":"2020-07-02","各地短期補習班數量":"297"},{"地區縣市":"宜蘭縣政府","短期補習班名稱":"私立成名文理短期補習班","主管機關文件單位代碼":"","電子郵件":"","短期補習班類別":"文理類","地址":"礁溪鄉復興街15號1-4樓","立案時間":"2016-05-10","各地短期補習班數量":"297"},{"地區縣市":"宜蘭縣政府","短期補習班名稱":"私立標點文理短期補習班","主管機關文件單位代碼":"","電子郵件":"","短期補習班類別":"文理類","地址":"羅東鎮愛國路201號1樓","立案時間":"2005-02-25","各地短期補習班數量":"297"},{"地區縣市":"宜蘭縣政府","短期補習班名稱":"私立熊寶貝文理短期補習班","主管機關文件單位代碼":"","電子郵件":"","短期補習班類別":"文理類","地址":"羅東鎮站前南路93-1號2樓","立案時間":"2007-03-03","各地短期補習班數量":"297"},{"地區縣市":"宜蘭縣政府","短期補習班名稱":"私立蓓蒑文理短期補習班","主管機關文件單位代碼":"","電子郵件":"clund42@gmail.com","短期補習班類別":"文理類","地址":"羅東鎮進德街1號1-2樓","立案時間":"2008-10-07","各地短期補習班數量":"297"},{"地區縣市":"宜蘭縣政府","短期補習班名稱":"私立一筆美術書法短期補習班","主管機關文件單位代碼":"","電子郵件":"","短期補習班類別":"美術、書法、攝影、美工設計、圍棋類","地址":"羅東鎮和平路98號1樓","立案時間":"1997-07-04","各地短期補習班數量":"297"},{"地區縣市":"宜蘭縣政府","短期補習班名稱":"私立希望種子文理短期補習班","主管機關文件單位代碼":"","電子郵件":"","短期補習班類別":"文理類","地址":"羅東鎮樹林里學府街33巷3號2樓","立案時間":"2011-06-01","各地短期補習班數量":"297"},{"地區縣市":"宜蘭縣政府","短期補習班名稱":"私立哈林易文理短期補習班","主管機關文件單位代碼":"","電子郵件":"","短期補習班類別":"文理類","地址":"礁溪鄉大忠路8號1-3樓及大忠路13號1-2樓","立案時間":"2002-07-02","各地短期補習班數量":"297"},{"地區縣市":"宜蘭縣政府","短期補習班名稱":"私立倍立方文理短期補習班","主管機關文件單位代碼":"","電子郵件":"","短期補習班類別":"文理類","地址":"羅東鎮光榮路495號5樓之1","立案時間":"2007-07-16","各地短期補習班數量":"297"},{"地區縣市":"宜蘭縣政府","短期補習班名稱":"私立楓橋美語文理短期補習班","主管機關文件單位代碼":"","電子郵件":"carolynlu1099@gmail.com","短期補習班類別":"外語類","地址":"羅東鎮純精路三段107號2樓及樹人路52號1-3樓","立案時間":"2004-06-15","各地短期補習班數量":"297"},{"地區縣市":"宜蘭縣政府","短期補習班名稱":"私立向陽文理短期補習班","主管機關文件單位代碼":"","電子郵件":"","短期補習班類別":"文理類","地址":"頭城鎮纘祥路36號1-2樓","立案時間":"1998-08-26","各地短期補習班數量":"297"},{"地區縣市":"宜蘭縣政府","短期補習班名稱":"私立英格兒美語短期補習班","主管機關文件單位代碼":"","電子郵件":"exlvicky@yahoo.com.tw","短期補習班類別":"外語類","地址":"宜蘭市中華路77號1樓","立案時間":"2007-07-06","各地短期補習班數量":"297"},{"地區縣市":"宜蘭縣政府","短期補習班名稱":"私立米那米文理短期補習班中華分班","主管機關文件單位代碼":"","電子郵件":"a039383631@gmail.com","短期補習班類別":"文理類","地址":"宜蘭市東港路二段155巷3號1-2樓、5號1-2樓","立案時間":"2012-05-01","各地短期補習班數量":"297"},{"地區縣市":"宜蘭縣政府","短期補習班名稱":"私立喜姆比舞蹈藝想空間技藝短期補習班","主管機關文件單位代碼":"","電子郵件":"ximubi@gmail.com","短期補習班類別":"音樂、舞蹈類","地址":"宜蘭市宜中路 86號1樓","立案時間":"2018-10-05","各地短期補習班數量":"297"},{"地區縣市":"宜蘭縣政府","短期補習班名稱":"私立稚元文理短期補習班","主管機關文件單位代碼":"","電子郵件":"","短期補習班類別":"文理類","地址":"蘇澳鎮城東路105號1-2樓","立案時間":"2019-01-24","各地短期補習班數量":"297"},{"地區縣市":"宜蘭縣政府","短期補習班名稱":"私立復華珠心算文理短期補習班","主管機關文件單位代碼":"","電子郵件":"","短期補習班類別":"文理類","地址":"羅東鎮樹人路39號1-3樓","立案時間":"1997-06-24","各地短期補習班數量":"297"},{"地區縣市":"宜蘭縣政府","短期補習班名稱":"私立小鹿日方才藝空間短期補習班","主管機關文件單位代碼":"","電子郵件":"","短期補習班類別":"美術、書法、攝影、美工設計、圍棋類","地址":"羅東鎮興東南路25號1樓","立案時間":"2021-04-06","各地短期補習班數量":"297"},{"地區縣市":"宜蘭縣政府","短期補習班名稱":"私立陽光文理短期補習班","主管機關文件單位代碼":"","電子郵件":"orange715715@gmail.com","短期補習班類別":"文理類","地址":"宜蘭市民權路2段116號1-3樓","立案時間":"2014-07-01","各地短期補習班數量":"297"},{"地區縣市":"宜蘭縣政府","短期補習班名稱":"私立新教育文理短期補習班","主管機關文件單位代碼":"","電子郵件":"a17881210@gmail.com","短期補習班類別":"文理類","地址":"羅東鎮公正路243之1號1-4樓","立案時間":"2000-09-29","各地短期補習班數量":"297"},{"地區縣市":"宜蘭縣政府","短期補習班名稱":"私立瑪侍德文理短期補習班","主管機關文件單位代碼":"","電子郵件":"","短期補習班類別":"文理類","地址":"礁溪鄉礁溪路四段78號2樓","立案時間":"2007-01-09","各地短期補習班數量":"297"},{"地區縣市":"宜蘭縣政府","短期補習班名稱":"私立加州柏克萊語文短期補習班","主管機關文件單位代碼":"","電子郵件":"joanne380848@yahoo.com.tw","短期補習班類別":"外語類","地址":"宜蘭市校舍二路73號2樓","立案時間":"2000-07-24","各地短期補習班數量":"297"},{"地區縣市":"宜蘭縣政府","短期補習班名稱":"私立佰科文理短期補習班","主管機關文件單位代碼":"","電子郵件":"pompomballl@gmail.com","短期補習班類別":"文理類","地址":"冬山鄉華祥路2-9號1-2樓","立案時間":"2013-12-17","各地短期補習班數量":"297"},{"地區縣市":"宜蘭縣政府","短期補習班名稱":"私立全智文理短期補習班","主管機關文件單位代碼":"","電子郵件":"","短期補習班類別":"文理類","地址":"員山鄉員山村29鄰文化路100巷33號1樓","立案時間":"2015-03-26","各地短期補習班數量":"297"},{"地區縣市":"宜蘭縣政府","短期補習班名稱":"私立曾強文理短期補習班","主管機關文件單位代碼":"","電子郵件":"","短期補習班類別":"文理類","地址":"羅東鎮興東南路269之1號1-4樓","立案時間":"1998-08-19","各地短期補習班數量":"297"},{"地區縣市":"宜蘭縣政府","短期補習班名稱":"私立寶貝屋美語短期補習班","主管機關文件單位代碼":"","電子郵件":"betsy6598@hotmail.com","短期補習班類別":"外語類","地址":"羅東鎮北成路一段190號1-2樓","立案時間":"1999-01-06","各地短期補習班數量":"297"},{"地區縣市":"宜蘭縣政府","短期補習班名稱":"私立王牌語文短期補習班","主管機關文件單位代碼":"","電子郵件":"ace.yilan@gmail.com","短期補習班類別":"外語類","地址":"宜蘭市民族路128號1-2樓","立案時間":"2011-09-21","各地短期補習班數量":"297"},{"地區縣市":"宜蘭縣政府","短期補習班名稱":"私立國華文理短期補習班","主管機關文件單位代碼":"","電子郵件":"","短期補習班類別":"文理類","地址":"羅東鎮四育路79號2樓","立案時間":"2003-05-29","各地短期補習班數量":"297"},{"地區縣市":"宜蘭縣政府","短期補習班名稱":"私立楊平文理短期補習班","主管機關文件單位代碼":"","電子郵件":"yung0374@gmail.com","短期補習班類別":"文理類","地址":"五結鄉新生路31號1-2樓","立案時間":"2013-02-25","各地短期補習班數量":"297"},{"地區縣市":"宜蘭縣政府","短期補習班名稱":"私立凱茜美語文理短期補習班","主管機關文件單位代碼":"","電子郵件":"","短期補習班類別":"文理類","地址":"羅東鎮興東路185號3樓","立案時間":"2011-01-18","各地短期補習班數量":"297"},{"地區縣市":"宜蘭縣政府","短期補習班名稱":"私立凱西美語文理短期補習班","主管機關文件單位代碼":"","電子郵件":"","短期補習班類別":"文理類","地址":"羅東鎮興東路185號1-2樓","立案時間":"2006-09-29","各地短期補習班數量":"297"},{"地區縣市":"宜蘭縣政府","短期補習班名稱":"私立123才藝中心音樂文理短期補習班","主管機關文件單位代碼":"","電子郵件":"yy9773616@yahoo.com.tw","短期補習班類別":"音樂、舞蹈類","地址":"頭城鎮青雲路二段761號","立案時間":"1998-05-02","各地短期補習班數量":"297"},{"地區縣市":"宜蘭縣政府","短期補習班名稱":"私立貝登堡文理短期補習班","主管機關文件單位代碼":"","電子郵件":"baden.powell882@gmail.com","短期補習班類別":"文理類","地址":"羅東鎮開羅街40號1樓","立案時間":"2002-11-07","各地短期補習班數量":"297"},{"地區縣市":"宜蘭縣政府","短期補習班名稱":"創新才藝文理短期補習班","主管機關文件單位代碼":"","電子郵件":"","短期補習班類別":"文理類","地址":"羅東鎮站前路46巷3號1樓","立案時間":"2000-01-29","各地短期補習班數量":"297"},{"地區縣市":"宜蘭縣政府","短期補習班名稱":"私立欣欣記憶文理短期補習班","主管機關文件單位代碼":"","電子郵件":"","短期補習班類別":"文理類","地址":"蘇澳鎮永榮里和平路18號1-3樓","立案時間":"2002-07-19","各地短期補習班數量":"297"},{"地區縣市":"宜蘭縣政府","短期補習班名稱":"私立福爾摩莎英語會話短期補習班","主管機關文件單位代碼":"","電子郵件":"","短期補習班類別":"外語類","地址":"羅東鎮四育路126號1-3樓","立案時間":"1997-12-15","各地短期補習班數量":"297"},{"地區縣市":"宜蘭縣政府","短期補習班名稱":"私立狀元吉第文理短期補習班","主管機關文件單位代碼":"","電子郵件":"jang9511104@yahoo.com.tw","短期補習班類別":"文理類","地址":"冬山鄉永安路258巷2號1~2樓","立案時間":"2004-10-15","各地短期補習班數量":"297"},{"地區縣市":"宜蘭縣政府","短期補習班名稱":"私立傑耀文理短期補習班","主管機關文件單位代碼":"","電子郵件":"","短期補習班類別":"文理類","地址":"宜蘭市校舍二路22號1樓","立案時間":"2017-02-16","各地短期補習班數量":"297"},{"地區縣市":"宜蘭縣政府","短期補習班名稱":"私立貝斯特文理短期補習班","主管機關文件單位代碼":"","電子郵件":"","短期補習班類別":"文理類","地址":"宜蘭市延平路56巷57號1-3樓","立案時間":"2005-07-15","各地短期補習班數量":"297"},{"地區縣市":"宜蘭縣政府","短期補習班名稱":"私立冠昇高中文理短期補習班","主管機關文件單位代碼":"","電子郵件":"","短期補習班類別":"文理類","地址":"羅東鎮培英路26號1-3樓","立案時間":"2019-03-05","各地短期補習班數量":"297"},{"地區縣市":"宜蘭縣政府","短期補習班名稱":"私立小哈佛美語短期補習班","主管機關文件單位代碼":"","電子郵件":"davidlin649767@gmail.com","短期補習班類別":"文理類","地址":"宜蘭市光復路35號","立案時間":"2000-09-13","各地短期補習班數量":"297"},{"地區縣市":"宜蘭縣政府","短期補習班名稱":"私立魯老師文理短期補習班","主管機關文件單位代碼":"","電子郵件":"","短期補習班類別":"文理類","地址":"宜蘭市泰山路324巷1弄8號1至2樓","立案時間":"2005-02-01","各地短期補習班數量":"297"},{"地區縣市":"宜蘭縣政府","短期補習班名稱":"私立清析文理短期補習班","主管機關文件單位代碼":"","電子郵件":"","短期補習班類別":"文理類","地址":"宜蘭市文化路35號1-3樓","立案時間":"2005-06-14","各地短期補習班數量":"297"},{"地區縣市":"宜蘭縣政府","短期補習班名稱":"私立杰恩文理短期補習班","主管機關文件單位代碼":"","電子郵件":"","短期補習班類別":"文理類","地址":"宜蘭市民權路2段108號1-3樓","立案時間":"2004-04-16","各地短期補習班數量":"297"},{"地區縣市":"宜蘭縣政府","短期補習班名稱":"私立布萊恩美語短期補習班","主管機關文件單位代碼":"","電子郵件":"","短期補習班類別":"外語類","地址":"宜蘭市校舍一路87號1樓","立案時間":"2012-07-19","各地短期補習班數量":"297"},{"地區縣市":"宜蘭縣政府","短期補習班名稱":"私立佩格美語短期補習班","主管機關文件單位代碼":"","電子郵件":"","短期補習班類別":"外語類","地址":"羅東鎮光榮路495號3樓之一,之三","立案時間":"2008-10-16","各地短期補習班數量":"297"},{"地區縣市":"宜蘭縣政府","短期補習班名稱":"私立方田文理短期補習班","主管機關文件單位代碼":"","電子郵件":"","短期補習班類別":"文理類","地址":"宜蘭市中山路2段145號3樓之1","立案時間":"2014-09-23","各地短期補習班數量":"297"},{"地區縣市":"宜蘭縣政府","短期補習班名稱":"私立立學文理短期補習班羅東分班","主管機關文件單位代碼":"","電子郵件":"","短期補習班類別":"文理類","地址":"羅東鎮中華路178號1-3樓","立案時間":"2011-05-26","各地短期補習班數量":"297"},{"地區縣市":"宜蘭縣政府","短期補習班名稱":"私立傑英文理短期補習班","主管機關文件單位代碼":"","電子郵件":"","短期補習班類別":"文理類","地址":"宜蘭市陽明二路27號1-2樓","立案時間":"2015-10-02","各地短期補習班數量":"297"},{"地區縣市":"宜蘭縣政府","短期補習班名稱":"私立班理查文理短期補習班","主管機關文件單位代碼":"","電子郵件":"","短期補習班類別":"文理類","地址":"羅東鎮四育路127號1-2樓","立案時間":"2013-05-01","各地短期補習班數量":"297"},{"地區縣市":"宜蘭縣政府","短期補習班名稱":"私立謙華文理短期補習班","主管機關文件單位代碼":"","電子郵件":"","短期補習班類別":"文理類","地址":"羅東鎮民治街52號","立案時間":"2011-08-22","各地短期補習班數量":"297"},{"地區縣市":"宜蘭縣政府","短期補習班名稱":"私立聖堡羅語言企管教育短期補習班","主管機關文件單位代碼":"","電子郵件":"","短期補習班類別":"外語類","地址":"宜蘭市宜中路43號1-3樓","立案時間":"2005-11-23","各地短期補習班數量":"297"},{"地區縣市":"宜蘭縣政府","短期補習班名稱":"私立聖保羅語言企管教育短期補習班","主管機關文件單位代碼":"","電子郵件":"","短期補習班類別":"外語類","地址":"羅東鎮長春路60號2樓","立案時間":"2002-10-17","各地短期補習班數量":"297"},{"地區縣市":"宜蘭縣政府","短期補習班名稱":"私立鼎升美語文理短期補習班","主管機關文件單位代碼":"","電子郵件":"blair1242@gmail.com","短期補習班類別":"文理類","地址":"五結鄉中興路一段9號1-2樓","立案時間":"2017-06-28","各地短期補習班數量":"297"},{"地區縣市":"宜蘭縣政府","短期補習班名稱":"私立康喬文理短期補習班","主管機關文件單位代碼":"","電子郵件":"","短期補習班類別":"文理類","地址":"礁溪鄉龍潭村育龍路133號1-2樓","立案時間":"1996-09-02","各地短期補習班數量":"297"},{"地區縣市":"宜蘭縣政府","短期補習班名稱":"私立小海豚學園文理短期補習班","主管機關文件單位代碼":"","電子郵件":"","短期補習班類別":"文理類","地址":"礁溪鄉礁溪路一段296號1樓","立案時間":"2008-01-04","各地短期補習班數量":"297"},{"地區縣市":"宜蘭縣政府","短期補習班名稱":"私立展青科學教育文理短期補習班五結分班","主管機關文件單位代碼":"","電子郵件":"g120093357@gmail.com","短期補習班類別":"文理類","地址":"五結鄉中興路3段302巷8-1號1樓","立案時間":"2007-06-12","各地短期補習班數量":"297"},{"地區縣市":"宜蘭縣政府","短期補習班名稱":"私立太陽花田文理短期補習班","主管機關文件單位代碼":"","電子郵件":"sunflowersuao@gmail.com","短期補習班類別":"文理類","地址":"蘇澳鎮聖湖里蘇港路349號1-3樓","立案時間":"2003-01-13","各地短期補習班數量":"297"},{"地區縣市":"宜蘭縣政府","短期補習班名稱":"私立洺堂文理短期補習班","主管機關文件單位代碼":"","電子郵件":"","短期補習班類別":"文理類","地址":"蘇澳鎮和平路36號1-2樓","立案時間":"2008-10-31","各地短期補習班數量":"297"},{"地區縣市":"宜蘭縣政府","短期補習班名稱":"私立陳智文文理短期補習班","主管機關文件單位代碼":"","電子郵件":"","短期補習班類別":"文理類","地址":"宜蘭市民權新路471號1-2樓","立案時間":"2005-08-29","各地短期補習班數量":"297"},{"地區縣市":"宜蘭縣政府","短期補習班名稱":"私立立承文理短期補習班","主管機關文件單位代碼":"","電子郵件":"","短期補習班類別":"文理類","地址":"頭城鎮青雲路2段639號1-2樓","立案時間":"2005-09-08","各地短期補習班數量":"297"},{"地區縣市":"宜蘭縣政府","短期補習班名稱":"私立上榜文理短期補習班","主管機關文件單位代碼":"","電子郵件":"","短期補習班類別":"文理類","地址":"羅東鎮公正路320號1-3樓","立案時間":"2006-08-21","各地短期補習班數量":"297"},{"地區縣市":"宜蘭縣政府","短期補習班名稱":"私立浩學文理短期補習班","主管機關文件單位代碼":"","電子郵件":"","短期補習班類別":"文理類","地址":"宜蘭市復興路2段70-1號2樓","立案時間":"2006-12-21","各地短期補習班數量":"297"},{"地區縣市":"宜蘭縣政府","短期補習班名稱":"私立育橋文理短期補習班","主管機關文件單位代碼":"","電子郵件":"rsj803@yahoo.com.tw","短期補習班類別":"文理類","地址":"五結鄉二結路252號1-3樓","立案時間":"2010-07-26","各地短期補習班數量":"297"},{"地區縣市":"宜蘭縣政府","短期補習班名稱":"私立貝律文理短期補習班","主管機關文件單位代碼":"","電子郵件":"","短期補習班類別":"文理類","地址":"五結鄉五濱路一段112巷26號1-2樓","立案時間":"2011-08-03","各地短期補習班數量":"297"},{"地區縣市":"宜蘭縣政府","短期補習班名稱":"私立巨人文理短期補習班","主管機關文件單位代碼":"","電子郵件":"","短期補習班類別":"文理類","地址":"羅東鎮中華路178-3號1-4樓","立案時間":"1998-12-01","各地短期補習班數量":"297"},{"地區縣市":"宜蘭縣政府","短期補習班名稱":"私立Jenny美語教室文理短期補習班","主管機關文件單位代碼":"","電子郵件":"","短期補習班類別":"文理類","地址":"礁溪鄉仁愛路174號1樓","立案時間":"2016-07-22","各地短期補習班數量":"297"},{"地區縣市":"宜蘭縣政府","短期補習班名稱":"私立東華文理短期補習班","主管機關文件單位代碼":"","電子郵件":"jane6131@hotmail.com","短期補習班類別":"文理類","地址":"冬山鄉照安路113巷1弄16號1~3樓","立案時間":"2002-08-21","各地短期補習班數量":"297"},{"地區縣市":"宜蘭縣政府","短期補習班名稱":"私立萊恩文理短期補習班","主管機關文件單位代碼":"","電子郵件":"","短期補習班類別":"文理類","地址":"冬山鄉香南路355號2樓","立案時間":"2005-08-24","各地短期補習班數量":"297"},{"地區縣市":"宜蘭縣政府","短期補習班名稱":"私立喬治亞文理短期補習班","主管機關文件單位代碼":"","電子郵件":"","短期補習班類別":"文理類","地址":"冬山鄉南興路78巷6號1-3樓","立案時間":"2016-08-03","各地短期補習班數量":"297"},{"地區縣市":"宜蘭縣政府","短期補習班名稱":"私立伯格文理短期補習班","主管機關文件單位代碼":"","電子郵件":"","短期補習班類別":"文理類","地址":"三星鄉義德村星義路203號1-3樓","立案時間":"2012-10-15","各地短期補習班數量":"297"},{"地區縣市":"宜蘭縣政府","短期補習班名稱":"私立小博士英語會話短期補習班","主管機關文件單位代碼":"","電子郵件":"","短期補習班類別":"外語類","地址":"頭城鎮青雲路三段72號1樓","立案時間":"1995-07-12","各地短期補習班數量":"297"},{"地區縣市":"宜蘭縣政府","短期補習班名稱":"私立育立愛兒村文理短期補習班","主管機關文件單位代碼":"","電子郵件":"","短期補習班類別":"文理類","地址":"頭城鎮公園路30號1-4樓","立案時間":"2002-10-03","各地短期補習班數量":"297"},{"地區縣市":"宜蘭縣政府","短期補習班名稱":"私立蘇珊美語文理短期補習班","主管機關文件單位代碼":"","電子郵件":"bay1220@gmail.com","短期補習班類別":"文理類","地址":"頭城鎮和平街88號1樓","立案時間":"2006-01-24","各地短期補習班數量":"297"},{"地區縣市":"宜蘭縣政府","短期補習班名稱":"私立理翔文理短期補習班","主管機關文件單位代碼":"","電子郵件":"","短期補習班類別":"文理類","地址":"頭城鎮青雲路3段339號1-3樓","立案時間":"2014-08-25","各地短期補習班數量":"297"},{"地區縣市":"宜蘭縣政府","短期補習班名稱":"私立友聞文理短期補習班","主管機關文件單位代碼":"","電子郵件":"","短期補習班類別":"文理類","地址":"羅東鎮國華街64號","立案時間":"2004-08-23","各地短期補習班數量":"297"},{"地區縣市":"宜蘭縣政府","短期補習班名稱":"私立愛得生文理短期補習班 ","主管機關文件單位代碼":"","電子郵件":"edi.son265@msa.hinet.net","短期補習班類別":"外語類","地址":"羅東鎮純精路三段190號1樓","立案時間":"2005-12-14","各地短期補習班數量":"297"},{"地區縣市":"宜蘭縣政府","短期補習班名稱":"私立宜學語文短期補習班","主管機關文件單位代碼":"","電子郵件":"hs2089@hess.com.tw","短期補習班類別":"外語類","地址":"羅東鎮純精路3段189號2樓","立案時間":"2008-06-02","各地短期補習班數量":"297"},{"地區縣市":"宜蘭縣政府","短期補習班名稱":"私立力允文理短期補習班","主管機關文件單位代碼":"","電子郵件":"","短期補習班類別":"文理類","地址":"羅東鎮中華路112號1-3樓","立案時間":"2014-07-30","各地短期補習班數量":"297"},{"地區縣市":"宜蘭縣政府","短期補習班名稱":"私立心荷美術技藝短期補習班","主管機關文件單位代碼":"","電子郵件":"","短期補習班類別":"美術、書法、攝影、美工設計、圍棋類","地址":"羅東鎮公正路289之7號2樓","立案時間":"2017-03-03","各地短期補習班數量":"297"},{"地區縣市":"宜蘭縣政府","短期補習班名稱":"私立加雅音樂學苑技藝短期補習班","主管機關文件單位代碼":"","電子郵件":"","短期補習班類別":"音樂、舞蹈類","地址":"羅東鎮公正路171巷12號1-2樓","立案時間":"2017-07-07","各地短期補習班數量":"297"},{"地區縣市":"宜蘭縣政府","短期補習班名稱":"私立卓越文理短期補習班東光分班","主管機關文件單位代碼":"","電子郵件":"","短期補習班類別":"文理類","地址":"羅東鎮興東南路163號1-3樓","立案時間":"2014-06-26","各地短期補習班數量":"297"},{"地區縣市":"宜蘭縣政府","短期補習班名稱":"私立達利美學空間技藝短期補習班","主管機關文件單位代碼":"","電子郵件":"laymayin@gmail.com","短期補習班類別":"美術、書法、攝影、美工設計、圍棋類","地址":"羅東鎮公正路284巷1-2號3樓","立案時間":"2002-06-26","各地短期補習班數量":"297"},{"地區縣市":"宜蘭縣政府","短期補習班名稱":"私立群創技藝短期補習班","主管機關文件單位代碼":"","電子郵件":"gary.openview@gmail.com","短期補習班類別":"電機、汽車修護、建築、工藝、製圖類","地址":"羅東鎮中山路2段506號3-5樓 ","立案時間":"2003-12-25","各地短期補習班數量":"297"},{"地區縣市":"宜蘭縣政府","短期補習班名稱":"私立台大曾強文理短期補習班","主管機關文件單位代碼":"","電子郵件":"","短期補習班類別":"文理類","地址":"羅東鎮中華路162號1-2樓","立案時間":"2009-07-20","各地短期補習班數量":"297"},{"地區縣市":"宜蘭縣政府","短期補習班名稱":"私立張令宜珠心算文理短期補習班","主管機關文件單位代碼":"","電子郵件":"","短期補習班類別":"文理類","地址":"羅東鎮站前南路144號1-2樓","立案時間":"2006-10-19","各地短期補習班數量":"297"},{"地區縣市":"宜蘭縣政府","短期補習班名稱":"私立層階資優數學心珠算短期補習班","主管機關文件單位代碼":"","電子郵件":"","短期補習班類別":"商類：珠算、心算、會計","地址":"羅東鎮民權路200號1樓","立案時間":"1987-12-19","各地短期補習班數量":"297"},{"地區縣市":"宜蘭縣政府","短期補習班名稱":"私立資優旗艦文理短期補習班","主管機關文件單位代碼":"","電子郵件":"candy.c-5326@yahoo.com.tw","短期補習班類別":"文理類","地址":"羅東鎮興東南路166號1-2樓","立案時間":"2018-11-05","各地短期補習班數量":"297"},{"地區縣市":"宜蘭縣政府","短期補習班名稱":"私立無尾熊文理短期補習班","主管機關文件單位代碼":"","電子郵件":"","短期補習班類別":"文理類","地址":"羅東鎮純精路一段85號1-3樓","立案時間":"2000-12-21","各地短期補習班數量":"297"},{"地區縣市":"宜蘭縣政府","短期補習班名稱":"私立史麥爾美語文理短期補習班","主管機關文件單位代碼":"","電子郵件":"lotungeagle@gmail.com","短期補習班類別":"外語類","地址":"羅東鎮中華路45號1-2樓","立案時間":"2010-07-30","各地短期補習班數量":"297"},{"地區縣市":"宜蘭縣政府","短期補習班名稱":"私立吉尼爾文理短期補習班","主管機關文件單位代碼":"","電子郵件":"midiy.tw@yahoo.com.tw","短期補習班類別":"文理類","地址":"宜蘭市民權新路98號1-2樓","立案時間":"2014-04-24","各地短期補習班數量":"297"},{"地區縣市":"宜蘭縣政府","短期補習班名稱":"私立捷登文理短期補習班","主管機關文件單位代碼":"","電子郵件":"","短期補習班類別":"文理類","地址":"宜蘭市民權新路208號1樓","立案時間":"2007-09-06","各地短期補習班數量":"297"},{"地區縣市":"宜蘭縣政府","短期補習班名稱":"私立方圓文理短期補習班","主管機關文件單位代碼":"","電子郵件":"","短期補習班類別":"文理類","地址":"宜蘭市民權新路105號1、2樓","立案時間":"2002-02-20","各地短期補習班數量":"297"},{"地區縣市":"宜蘭縣政府","短期補習班名稱":"私立上榜文理短期補習班宜蘭分班","主管機關文件單位代碼":"","電子郵件":"","短期補習班類別":"文理類","地址":"宜蘭市民權里中華路52-1、52-2、52-3號1樓、52-2號2樓之2","立案時間":"1997-10-17","各地短期補習班數量":"297"},{"地區縣市":"宜蘭縣政府","短期補習班名稱":"私立逸凡文理短期補習班","主管機關文件單位代碼":"","電子郵件":"","短期補習班類別":"文理類","地址":"宜蘭市文化路70號1-3樓","立案時間":"2011-01-17","各地短期補習班數量":"297"},{"地區縣市":"宜蘭縣政府","短期補習班名稱":"私立培爾傑特美語會話短期補習班","主管機關文件單位代碼":"","電子郵件":"percharter@yahoo.com.tw","短期補習班類別":"外語類","地址":"宜蘭市民族路582號2樓","立案時間":"1996-03-11","各地短期補習班數量":"297"},{"地區縣市":"宜蘭縣政府","短期補習班名稱":"私立飛揚文理短期補習班","主管機關文件單位代碼":"","電子郵件":"mathshen1028@gmail.com","短期補習班類別":"文理類","地址":"羅東鎮忠孝路22號","立案時間":"2012-10-15","各地短期補習班數量":"297"},{"地區縣市":"宜蘭縣政府","短期補習班名稱":"私立展青科學教育文理短期補習班","主管機關文件單位代碼":"","電子郵件":"g120093357@gmail.com","短期補習班類別":"文理類","地址":"宜蘭市嵐峰路三段136號1-2樓","立案時間":"2001-12-19","各地短期補習班數量":"297"},{"地區縣市":"宜蘭縣政府","短期補習班名稱":"私立宸安文理短期補習班","主管機關文件單位代碼":"","電子郵件":"gilesalin@hotmail.com","短期補習班類別":"文理類","地址":"宜蘭市東港路二段168號1-2樓","立案時間":"2008-03-31","各地短期補習班數量":"297"},{"地區縣市":"宜蘭縣政府","短期補習班名稱":"私立朱芸文理短期補習班","主管機關文件單位代碼":"","電子郵件":"ssc6012@yahoo.com.tw","短期補習班類別":"文理類","地址":"宜蘭市東港路二段160巷86弄3號1-2樓","立案時間":"2009-07-07","各地短期補習班數量":"297"},{"地區縣市":"宜蘭縣政府","短期補習班名稱":"東海國際電腦資訊有限公司附設私立大東海法商文理短期補習班","主管機關文件單位代碼":"","電子郵件":"","短期補習班類別":"法政類","地址":"宜蘭市中山路3段108-1號1-2樓","立案時間":"2012-05-16","各地短期補習班數量":"297"},{"地區縣市":"宜蘭縣政府","短期補習班名稱":"私立韋傑英文短期補習班","主管機關文件單位代碼":"","電子郵件":" trinilai@gmail.com","短期補習班類別":"外語類","地址":"羅東鎮民生路167號1樓","立案時間":"2010-05-21","各地短期補習班數量":"297"},{"地區縣市":"宜蘭縣政府","短期補習班名稱":"私立快樂園文理短期補習班","主管機關文件單位代碼":"","電子郵件":"seldeslin@gmail.com","短期補習班類別":"文理類","地址":"羅東鎮公正路234號1-2樓","立案時間":"2001-08-22","各地短期補習班數量":"297"},{"地區縣市":"宜蘭縣政府","短期補習班名稱":"私立超人珠心算短期補習班","主管機關文件單位代碼":"","電子郵件":"","短期補習班類別":"商類：珠算、心算、會計","地址":"宜蘭市復興路2段72之1號","立案時間":"2002-09-10","各地短期補習班數量":"297"},{"地區縣市":"宜蘭縣政府","短期補習班名稱":"私立長春藤語文短期補習班","主管機關文件單位代碼":"","電子郵件":"kennyliao9999@gmail.com","短期補習班類別":"文理類","地址":"宜蘭市陽明二路15號1樓","立案時間":"2001-08-16","各地短期補習班數量":"297"},{"地區縣市":"宜蘭縣政府","短期補習班名稱":"私立建宏文理短期補習班","主管機關文件單位代碼":"","電子郵件":"kevin88668866@gmail.com","短期補習班類別":"文理類","地址":"宜蘭市復興路2段28號1-5樓","立案時間":"2006-04-21","各地短期補習班數量":"297"},{"地區縣市":"宜蘭縣政府","短期補習班名稱":"私立奇湧文理短期補習班","主管機關文件單位代碼":"","電子郵件":"","短期補習班類別":"文理類","地址":"宜蘭市慈安路71號1-2樓","立案時間":"2006-08-22","各地短期補習班數量":"297"},{"地區縣市":"宜蘭縣政府","短期補習班名稱":"私立田春木高中數學文理短期補習班","主管機關文件單位代碼":"","電子郵件":"","短期補習班類別":"文理類","地址":"宜蘭市女中路2段427號1-2樓","立案時間":"2014-12-23","各地短期補習班數量":"297"},{"地區縣市":"宜蘭縣政府","短期補習班名稱":"私立徐薇英文語文文理短期補習班","主管機關文件單位代碼":"","電子郵件":"","短期補習班類別":"文理類","地址":"宜蘭市泰山路143號1-3樓","立案時間":"2015-09-11","各地短期補習班數量":"297"},{"地區縣市":"宜蘭縣政府","短期補習班名稱":"私立高登日語短期補習班","主管機關文件單位代碼":"","電子郵件":"","短期補習班類別":"外語類","地址":"宜蘭市女中路2段309號2樓之1","立案時間":"1995-12-23","各地短期補習班數量":"297"},{"地區縣市":"宜蘭縣政府","短期補習班名稱":"私立逗點國語文短期補習班","主管機關文件單位代碼":"","電子郵件":"","短期補習班類別":"文理類","地址":"宜蘭市力行路62號1樓","立案時間":"2005-02-04","各地短期補習班數量":"297"},{"地區縣市":"宜蘭縣政府","短期補習班名稱":"私立薇閣文理短期補習班","主管機關文件單位代碼":"","電子郵件":"","短期補習班類別":"文理類","地址":"宜蘭市東港路二段430號1-3樓","立案時間":"2009-04-20","各地短期補習班數量":"297"},{"地區縣市":"宜蘭縣政府","短期補習班名稱":"私立創意種子語文短期補習班","主管機關文件單位代碼":"","電子郵件":"","短期補習班類別":"文理類","地址":"宜蘭市女中路二段429號1-2樓","立案時間":"2011-07-11","各地短期補習班數量":"297"},{"地區縣市":"宜蘭縣政府","短期補習班名稱":"私立菁菁文理短期補習班","主管機關文件單位代碼":"","電子郵件":"","短期補習班類別":"文理類","地址":"宜蘭市陽明二路128號1-2樓","立案時間":"2014-05-08","各地短期補習班數量":"297"},{"地區縣市":"宜蘭縣政府","短期補習班名稱":"私立泰瑞美語短期補習班","主管機關文件單位代碼":"","電子郵件":"","短期補習班類別":"外語類","地址":"宜蘭市嵐峰路三段140號1樓","立案時間":"2009-04-06","各地短期補習班數量":"297"},{"地區縣市":"宜蘭縣政府","短期補習班名稱":"私立蒲公英文理短期補習班","主管機關文件單位代碼":"","電子郵件":"","短期補習班類別":"文理類","地址":"羅東鎮復興路二段199號1-3樓","立案時間":"2017-04-19","各地短期補習班數量":"297"}]
